[    1873ms] [ERROR] Failed to load resource: the server responded with a status of 404 () @ https://devfedb13.grafana.net/apis/userstorage.grafana.app/v0alpha1/namespaces/stacks-1757201/user-storage/saved-queries:dfuhj9wjtgge8e:0
[    2104ms] [ERROR] Faro
 @grafana/faro-instrumentation-replay
 Error occurred during session replay SyntaxError: Failed to execute 'insertRule' on 'CSSStyleSheet': Failed to parse the rule '.inci-qkfbqu-btn::-moz-focus-inner{border:0;padding:0;}'.
    at https://plugins-cdn.grafana.net/grafana-kowalski-app/1.64.0/public/plugins/grafana-kowalski-app/463.js?_cache=1ed629a5641ef9c0de99:2:160861
    at Object.apply (https://plugins-cdn.grafana.net/grafana-kowalski-app/1.64.0/public/plugins/grafana-kowalski-app/463.js?_cache=1ed629a5641ef9c0de99:2:152759)
    at t.insert (https://plugins-cdn.grafana.net/grafana-irm-app/0.113.0/public/plugins/grafana-irm-app/vendor-13d7706362b7b61d07de.js:2:49401)
    at f (https://plugins-cdn.grafana.net/grafana-irm-app/0.113.0/public/plugins/grafana-irm-app/vendor-13d7706362b7b61d07de.js:2:57681)
    at Array.p (https://plugins-cdn.grafana.net/grafana-irm-app/0.113.0/public/plugins/grafana-irm-app/vendor-13d7706362b7b61d07de.js:2:57726)
    at m (https://plugins-cdn.grafana.net/grafana-irm-app/0.113.0/public/plugins/grafana-irm-app/vendor-13d7706362b7b61d07de.js:2:57815)
    at U (https://plugins-cdn.grafana.net/grafana-irm-app/0.113.0/public/plugins/grafana-irm-app/vendor-13d7706362b7b61d07de.js:2:51382)
    at Object.o [as insert] (https://plugins-cdn.grafana.net/grafana-irm-app/0.113.0/public/plugins/grafana-irm-app/vendor-13d7706362b7b61d07de.js:2:57864)
    at o (https://plugins-cdn.grafana.net/grafana-irm-app/0.113.0/public/plugins/grafana-irm-app/vendor-13d7706362b7b61d07de.js:2:62950)
    at n (https://plugins-cdn.grafana.net/grafana-irm-app/0.113.0/public/plugins/grafana-irm-app/vendor-13d7706362b7b61d07de.js:2:58335) @ https://plugins-cdn.grafana.net/grafana-kowalski-app/1.64.0/public/plugins/grafana-kowalski-app/463.js?_cache=1ed629a5641ef9c0de99:1
[    2114ms] [ERROR] Faro
 @grafana/faro-instrumentation-replay
 Error occurred during session replay SyntaxError: Failed to execute 'insertRule' on 'CSSStyleSheet': Failed to parse the rule '.inci-1c5615l-btn::-moz-focus-inner{border:0;padding:0;}'.
    at https://plugins-cdn.grafana.net/grafana-kowalski-app/1.64.0/public/plugins/grafana-kowalski-app/463.js?_cache=1ed629a5641ef9c0de99:2:160861
    at Object.apply (https://plugins-cdn.grafana.net/grafana-kowalski-app/1.64.0/public/plugins/grafana-kowalski-app/463.js?_cache=1ed629a5641ef9c0de99:2:152759)
    at t.insert (https://plugins-cdn.grafana.net/grafana-irm-app/0.113.0/public/plugins/grafana-irm-app/vendor-13d7706362b7b61d07de.js:2:49401)
    at f (https://plugins-cdn.grafana.net/grafana-irm-app/0.113.0/public/plugins/grafana-irm-app/vendor-13d7706362b7b61d07de.js:2:57681)
    at Array.p (https://plugins-cdn.grafana.net/grafana-irm-app/0.113.0/public/plugins/grafana-irm-app/vendor-13d7706362b7b61d07de.js:2:57726)
    at m (https://plugins-cdn.grafana.net/grafana-irm-app/0.113.0/public/plugins/grafana-irm-app/vendor-13d7706362b7b61d07de.js:2:57815)
    at U (https://plugins-cdn.grafana.net/grafana-irm-app/0.113.0/public/plugins/grafana-irm-app/vendor-13d7706362b7b61d07de.js:2:51382)
    at Object.o [as insert] (https://plugins-cdn.grafana.net/grafana-irm-app/0.113.0/public/plugins/grafana-irm-app/vendor-13d7706362b7b61d07de.js:2:57864)
    at o (https://plugins-cdn.grafana.net/grafana-irm-app/0.113.0/public/plugins/grafana-irm-app/vendor-13d7706362b7b61d07de.js:2:62950)
    at n (https://plugins-cdn.grafana.net/grafana-irm-app/0.113.0/public/plugins/grafana-irm-app/vendor-13d7706362b7b61d07de.js:2:58335) @ https://plugins-cdn.grafana.net/grafana-kowalski-app/1.64.0/public/plugins/grafana-kowalski-app/463.js?_cache=1ed629a5641ef9c0de99:1
[    2114ms] [ERROR] Faro
 @grafana/faro-instrumentation-replay
 Error occurred during session replay SyntaxError: Failed to execute 'insertRule' on 'CSSStyleSheet': Failed to parse the rule '.inci-zrn669-btn-menu-item::-moz-focus-inner{border:0;padding:0;}'.
    at https://plugins-cdn.grafana.net/grafana-kowalski-app/1.64.0/public/plugins/grafana-kowalski-app/463.js?_cache=1ed629a5641ef9c0de99:2:160861
    at Object.apply (https://plugins-cdn.grafana.net/grafana-kowalski-app/1.64.0/public/plugins/grafana-kowalski-app/463.js?_cache=1ed629a5641ef9c0de99:2:152759)
    at t.insert (https://plugins-cdn.grafana.net/grafana-irm-app/0.113.0/public/plugins/grafana-irm-app/vendor-13d7706362b7b61d07de.js:2:49401)
    at f (https://plugins-cdn.grafana.net/grafana-irm-app/0.113.0/public/plugins/grafana-irm-app/vendor-13d7706362b7b61d07de.js:2:57681)
    at Array.p (https://plugins-cdn.grafana.net/grafana-irm-app/0.113.0/public/plugins/grafana-irm-app/vendor-13d7706362b7b61d07de.js:2:57726)
    at m (https://plugins-cdn.grafana.net/grafana-irm-app/0.113.0/public/plugins/grafana-irm-app/vendor-13d7706362b7b61d07de.js:2:57815)
    at U (https://plugins-cdn.grafana.net/grafana-irm-app/0.113.0/public/plugins/grafana-irm-app/vendor-13d7706362b7b61d07de.js:2:51382)
    at Object.o [as insert] (https://plugins-cdn.grafana.net/grafana-irm-app/0.113.0/public/plugins/grafana-irm-app/vendor-13d7706362b7b61d07de.js:2:57864)
    at o (https://plugins-cdn.grafana.net/grafana-irm-app/0.113.0/public/plugins/grafana-irm-app/vendor-13d7706362b7b61d07de.js:2:62950)
    at n (https://plugins-cdn.grafana.net/grafana-irm-app/0.113.0/public/plugins/grafana-irm-app/vendor-13d7706362b7b61d07de.js:2:58335) @ https://plugins-cdn.grafana.net/grafana-kowalski-app/1.64.0/public/plugins/grafana-kowalski-app/463.js?_cache=1ed629a5641ef9c0de99:1
[    2589ms] [ERROR] Faro
 Attempted to create a new user action while one is already running. This is not possible. @ https://plugins-cdn.grafana.net/grafana-kowalski-app/1.64.0/public/plugins/grafana-kowalski-app/463.js?_cache=1ed629a5641ef9c0de99:1
[    2683ms] [ERROR] Faro
 Attempted to create a new user action while one is already running. This is not possible. @ https://plugins-cdn.grafana.net/grafana-kowalski-app/1.64.0/public/plugins/grafana-kowalski-app/463.js?_cache=1ed629a5641ef9c0de99:1
[    2685ms] [WARNING] SceneObject already has a parent set that is different from the new parent. You cannot share the same SceneObject instance in multiple scenes or in multiple different places of the same scene graph. Use SceneObject.clone() to duplicate a SceneObject or store a state key reference and use sceneGraph.findObject to locate it. u zv @ https://plugins-cdn.grafana.net/grafana-kowalski-app/1.64.0/public/plugins/grafana-kowalski-app/141.js?_cache=3493fae15aff159eec22:0
[    2685ms] [ERROR] Faro
 Attempted to create a new user action while one is already running. This is not possible. @ https://plugins-cdn.grafana.net/grafana-kowalski-app/1.64.0/public/plugins/grafana-kowalski-app/463.js?_cache=1ed629a5641ef9c0de99:1
[    2687ms] [ERROR] Faro
 Attempted to create a new user action while one is already running. This is not possible. @ https://plugins-cdn.grafana.net/grafana-kowalski-app/1.64.0/public/plugins/grafana-kowalski-app/463.js?_cache=1ed629a5641ef9c0de99:1
[    2687ms] [WARNING] SceneObject already has a parent set that is different from the new parent. You cannot share the same SceneObject instance in multiple scenes or in multiple different places of the same scene graph. Use SceneObject.clone() to duplicate a SceneObject or store a state key reference and use sceneGraph.findObject to locate it. sr u @ https://plugins-cdn.grafana.net/grafana-kowalski-app/1.64.0/public/plugins/grafana-kowalski-app/141.js?_cache=3493fae15aff159eec22:0
[    2687ms] [WARNING] SceneObject already has a parent set that is different from the new parent. You cannot share the same SceneObject instance in multiple scenes or in multiple different places of the same scene graph. Use SceneObject.clone() to duplicate a SceneObject or store a state key reference and use sceneGraph.findObject to locate it. d u @ https://plugins-cdn.grafana.net/grafana-kowalski-app/1.64.0/public/plugins/grafana-kowalski-app/141.js?_cache=3493fae15aff159eec22:0
[    2687ms] [WARNING] SceneObject already has a parent set that is different from the new parent. You cannot share the same SceneObject instance in multiple scenes or in multiple different places of the same scene graph. Use SceneObject.clone() to duplicate a SceneObject or store a state key reference and use sceneGraph.findObject to locate it. d u @ https://plugins-cdn.grafana.net/grafana-kowalski-app/1.64.0/public/plugins/grafana-kowalski-app/141.js?_cache=3493fae15aff159eec22:0
[    2688ms] [WARNING] SceneObject already has a parent set that is different from the new parent. You cannot share the same SceneObject instance in multiple scenes or in multiple different places of the same scene graph. Use SceneObject.clone() to duplicate a SceneObject or store a state key reference and use sceneGraph.findObject to locate it. d u @ https://plugins-cdn.grafana.net/grafana-kowalski-app/1.64.0/public/plugins/grafana-kowalski-app/141.js?_cache=3493fae15aff159eec22:0
[    2688ms] [WARNING] SceneObject already has a parent set that is different from the new parent. You cannot share the same SceneObject instance in multiple scenes or in multiple different places of the same scene graph. Use SceneObject.clone() to duplicate a SceneObject or store a state key reference and use sceneGraph.findObject to locate it. HI u @ https://plugins-cdn.grafana.net/grafana-kowalski-app/1.64.0/public/plugins/grafana-kowalski-app/141.js?_cache=3493fae15aff159eec22:0
[    2688ms] [WARNING] SceneObject already has a parent set that is different from the new parent. You cannot share the same SceneObject instance in multiple scenes or in multiple different places of the same scene graph. Use SceneObject.clone() to duplicate a SceneObject or store a state key reference and use sceneGraph.findObject to locate it. vt u @ https://plugins-cdn.grafana.net/grafana-kowalski-app/1.64.0/public/plugins/grafana-kowalski-app/141.js?_cache=3493fae15aff159eec22:0
[    2688ms] [WARNING] SceneObject already has a parent set that is different from the new parent. You cannot share the same SceneObject instance in multiple scenes or in multiple different places of the same scene graph. Use SceneObject.clone() to duplicate a SceneObject or store a state key reference and use sceneGraph.findObject to locate it. c u @ https://plugins-cdn.grafana.net/grafana-kowalski-app/1.64.0/public/plugins/grafana-kowalski-app/141.js?_cache=3493fae15aff159eec22:0
[    2688ms] [WARNING] SceneObject already has a parent set that is different from the new parent. You cannot share the same SceneObject instance in multiple scenes or in multiple different places of the same scene graph. Use SceneObject.clone() to duplicate a SceneObject or store a state key reference and use sceneGraph.findObject to locate it. c u @ https://plugins-cdn.grafana.net/grafana-kowalski-app/1.64.0/public/plugins/grafana-kowalski-app/141.js?_cache=3493fae15aff159eec22:0
[    2688ms] [WARNING] SceneObject already has a parent set that is different from the new parent. You cannot share the same SceneObject instance in multiple scenes or in multiple different places of the same scene graph. Use SceneObject.clone() to duplicate a SceneObject or store a state key reference and use sceneGraph.findObject to locate it. NE u @ https://plugins-cdn.grafana.net/grafana-kowalski-app/1.64.0/public/plugins/grafana-kowalski-app/141.js?_cache=3493fae15aff159eec22:0
[    2688ms] [WARNING] SceneObject already has a parent set that is different from the new parent. You cannot share the same SceneObject instance in multiple scenes or in multiple different places of the same scene graph. Use SceneObject.clone() to duplicate a SceneObject or store a state key reference and use sceneGraph.findObject to locate it. IE u @ https://plugins-cdn.grafana.net/grafana-kowalski-app/1.64.0/public/plugins/grafana-kowalski-app/141.js?_cache=3493fae15aff159eec22:0
[    2688ms] [WARNING] SceneObject already has a parent set that is different from the new parent. You cannot share the same SceneObject instance in multiple scenes or in multiple different places of the same scene graph. Use SceneObject.clone() to duplicate a SceneObject or store a state key reference and use sceneGraph.findObject to locate it. c u @ https://plugins-cdn.grafana.net/grafana-kowalski-app/1.64.0/public/plugins/grafana-kowalski-app/141.js?_cache=3493fae15aff159eec22:0
[    2688ms] [WARNING] SceneObject already has a parent set that is different from the new parent. You cannot share the same SceneObject instance in multiple scenes or in multiple different places of the same scene graph. Use SceneObject.clone() to duplicate a SceneObject or store a state key reference and use sceneGraph.findObject to locate it. c u @ https://plugins-cdn.grafana.net/grafana-kowalski-app/1.64.0/public/plugins/grafana-kowalski-app/141.js?_cache=3493fae15aff159eec22:0
[    2688ms] [WARNING] SceneObject already has a parent set that is different from the new parent. You cannot share the same SceneObject instance in multiple scenes or in multiple different places of the same scene graph. Use SceneObject.clone() to duplicate a SceneObject or store a state key reference and use sceneGraph.findObject to locate it. c u @ https://plugins-cdn.grafana.net/grafana-kowalski-app/1.64.0/public/plugins/grafana-kowalski-app/141.js?_cache=3493fae15aff159eec22:0
[    2688ms] [WARNING] SceneObject already has a parent set that is different from the new parent. You cannot share the same SceneObject instance in multiple scenes or in multiple different places of the same scene graph. Use SceneObject.clone() to duplicate a SceneObject or store a state key reference and use sceneGraph.findObject to locate it. c u @ https://plugins-cdn.grafana.net/grafana-kowalski-app/1.64.0/public/plugins/grafana-kowalski-app/141.js?_cache=3493fae15aff159eec22:0
[    2688ms] [WARNING] SceneObject already has a parent set that is different from the new parent. You cannot share the same SceneObject instance in multiple scenes or in multiple different places of the same scene graph. Use SceneObject.clone() to duplicate a SceneObject or store a state key reference and use sceneGraph.findObject to locate it. c u @ https://plugins-cdn.grafana.net/grafana-kowalski-app/1.64.0/public/plugins/grafana-kowalski-app/141.js?_cache=3493fae15aff159eec22:0
[    2688ms] [WARNING] SceneObject already has a parent set that is different from the new parent. You cannot share the same SceneObject instance in multiple scenes or in multiple different places of the same scene graph. Use SceneObject.clone() to duplicate a SceneObject or store a state key reference and use sceneGraph.findObject to locate it. c u @ https://plugins-cdn.grafana.net/grafana-kowalski-app/1.64.0/public/plugins/grafana-kowalski-app/141.js?_cache=3493fae15aff159eec22:0
[    2688ms] [WARNING] SceneObject already has a parent set that is different from the new parent. You cannot share the same SceneObject instance in multiple scenes or in multiple different places of the same scene graph. Use SceneObject.clone() to duplicate a SceneObject or store a state key reference and use sceneGraph.findObject to locate it. c u @ https://plugins-cdn.grafana.net/grafana-kowalski-app/1.64.0/public/plugins/grafana-kowalski-app/141.js?_cache=3493fae15aff159eec22:0
[    2688ms] [WARNING] SceneObject already has a parent set that is different from the new parent. You cannot share the same SceneObject instance in multiple scenes or in multiple different places of the same scene graph. Use SceneObject.clone() to duplicate a SceneObject or store a state key reference and use sceneGraph.findObject to locate it. c u @ https://plugins-cdn.grafana.net/grafana-kowalski-app/1.64.0/public/plugins/grafana-kowalski-app/141.js?_cache=3493fae15aff159eec22:0
[    2688ms] [WARNING] SceneObject already has a parent set that is different from the new parent. You cannot share the same SceneObject instance in multiple scenes or in multiple different places of the same scene graph. Use SceneObject.clone() to duplicate a SceneObject or store a state key reference and use sceneGraph.findObject to locate it. c u @ https://plugins-cdn.grafana.net/grafana-kowalski-app/1.64.0/public/plugins/grafana-kowalski-app/141.js?_cache=3493fae15aff159eec22:0
[    2688ms] [WARNING] SceneObject already has a parent set that is different from the new parent. You cannot share the same SceneObject instance in multiple scenes or in multiple different places of the same scene graph. Use SceneObject.clone() to duplicate a SceneObject or store a state key reference and use sceneGraph.findObject to locate it. c u @ https://plugins-cdn.grafana.net/grafana-kowalski-app/1.64.0/public/plugins/grafana-kowalski-app/141.js?_cache=3493fae15aff159eec22:0
[    2688ms] [WARNING] SceneObject already has a parent set that is different from the new parent. You cannot share the same SceneObject instance in multiple scenes or in multiple different places of the same scene graph. Use SceneObject.clone() to duplicate a SceneObject or store a state key reference and use sceneGraph.findObject to locate it. c u @ https://plugins-cdn.grafana.net/grafana-kowalski-app/1.64.0/public/plugins/grafana-kowalski-app/141.js?_cache=3493fae15aff159eec22:0
[    2688ms] [WARNING] SceneObject already has a parent set that is different from the new parent. You cannot share the same SceneObject instance in multiple scenes or in multiple different places of the same scene graph. Use SceneObject.clone() to duplicate a SceneObject or store a state key reference and use sceneGraph.findObject to locate it. c u @ https://plugins-cdn.grafana.net/grafana-kowalski-app/1.64.0/public/plugins/grafana-kowalski-app/141.js?_cache=3493fae15aff159eec22:0
[    2688ms] [WARNING] SceneObject already has a parent set that is different from the new parent. You cannot share the same SceneObject instance in multiple scenes or in multiple different places of the same scene graph. Use SceneObject.clone() to duplicate a SceneObject or store a state key reference and use sceneGraph.findObject to locate it. c u @ https://plugins-cdn.grafana.net/grafana-kowalski-app/1.64.0/public/plugins/grafana-kowalski-app/141.js?_cache=3493fae15aff159eec22:0
[    2688ms] [WARNING] SceneObject already has a parent set that is different from the new parent. You cannot share the same SceneObject instance in multiple scenes or in multiple different places of the same scene graph. Use SceneObject.clone() to duplicate a SceneObject or store a state key reference and use sceneGraph.findObject to locate it. c u @ https://plugins-cdn.grafana.net/grafana-kowalski-app/1.64.0/public/plugins/grafana-kowalski-app/141.js?_cache=3493fae15aff159eec22:0
[    2688ms] [WARNING] SceneObject already has a parent set that is different from the new parent. You cannot share the same SceneObject instance in multiple scenes or in multiple different places of the same scene graph. Use SceneObject.clone() to duplicate a SceneObject or store a state key reference and use sceneGraph.findObject to locate it. c u @ https://plugins-cdn.grafana.net/grafana-kowalski-app/1.64.0/public/plugins/grafana-kowalski-app/141.js?_cache=3493fae15aff159eec22:0
[    2688ms] [WARNING] SceneObject already has a parent set that is different from the new parent. You cannot share the same SceneObject instance in multiple scenes or in multiple different places of the same scene graph. Use SceneObject.clone() to duplicate a SceneObject or store a state key reference and use sceneGraph.findObject to locate it. c u @ https://plugins-cdn.grafana.net/grafana-kowalski-app/1.64.0/public/plugins/grafana-kowalski-app/141.js?_cache=3493fae15aff159eec22:0
[    2688ms] [WARNING] SceneObject already has a parent set that is different from the new parent. You cannot share the same SceneObject instance in multiple scenes or in multiple different places of the same scene graph. Use SceneObject.clone() to duplicate a SceneObject or store a state key reference and use sceneGraph.findObject to locate it. c u @ https://plugins-cdn.grafana.net/grafana-kowalski-app/1.64.0/public/plugins/grafana-kowalski-app/141.js?_cache=3493fae15aff159eec22:0
[    2688ms] [ERROR] Faro
 Attempted to create a new user action while one is already running. This is not possible. @ https://plugins-cdn.grafana.net/grafana-kowalski-app/1.64.0/public/plugins/grafana-kowalski-app/463.js?_cache=1ed629a5641ef9c0de99:1
[    2690ms] [WARNING] SceneObject already has a parent set that is different from the new parent. You cannot share the same SceneObject instance in multiple scenes or in multiple different places of the same scene graph. Use SceneObject.clone() to duplicate a SceneObject or store a state key reference and use sceneGraph.findObject to locate it. h y @ https://plugins-cdn.grafana.net/grafana-kowalski-app/1.64.0/public/plugins/grafana-kowalski-app/141.js?_cache=3493fae15aff159eec22:0
[    2690ms] [WARNING] SceneObject already has a parent set that is different from the new parent. You cannot share the same SceneObject instance in multiple scenes or in multiple different places of the same scene graph. Use SceneObject.clone() to duplicate a SceneObject or store a state key reference and use sceneGraph.findObject to locate it. h y @ https://plugins-cdn.grafana.net/grafana-kowalski-app/1.64.0/public/plugins/grafana-kowalski-app/141.js?_cache=3493fae15aff159eec22:0
[    2690ms] [WARNING] SceneObject already has a parent set that is different from the new parent. You cannot share the same SceneObject instance in multiple scenes or in multiple different places of the same scene graph. Use SceneObject.clone() to duplicate a SceneObject or store a state key reference and use sceneGraph.findObject to locate it. h y @ https://plugins-cdn.grafana.net/grafana-kowalski-app/1.64.0/public/plugins/grafana-kowalski-app/141.js?_cache=3493fae15aff159eec22:0
[    2691ms] [WARNING] SceneObject already has a parent set that is different from the new parent. You cannot share the same SceneObject instance in multiple scenes or in multiple different places of the same scene graph. Use SceneObject.clone() to duplicate a SceneObject or store a state key reference and use sceneGraph.findObject to locate it. L y @ https://plugins-cdn.grafana.net/grafana-kowalski-app/1.64.0/public/plugins/grafana-kowalski-app/141.js?_cache=3493fae15aff159eec22:0
[    2691ms] [WARNING] SceneObject already has a parent set that is different from the new parent. You cannot share the same SceneObject instance in multiple scenes or in multiple different places of the same scene graph. Use SceneObject.clone() to duplicate a SceneObject or store a state key reference and use sceneGraph.findObject to locate it. d u @ https://plugins-cdn.grafana.net/grafana-kowalski-app/1.64.0/public/plugins/grafana-kowalski-app/141.js?_cache=3493fae15aff159eec22:0
[    2773ms] [ERROR] Faro
 @grafana/faro-instrumentation-replay
 Error occurred during session replay SyntaxError: Failed to execute 'insertRule' on 'CSSStyleSheet': Failed to parse the rule '.css-1aumjra::-moz-placeholder{color:rgba(204, 204, 220, 0.61);}'.
    at https://plugins-cdn.grafana.net/grafana-kowalski-app/1.64.0/public/plugins/grafana-kowalski-app/463.js?_cache=1ed629a5641ef9c0de99:2:160861
    at Object.apply (https://plugins-cdn.grafana.net/grafana-kowalski-app/1.64.0/public/plugins/grafana-kowalski-app/463.js?_cache=1ed629a5641ef9c0de99:2:152759)
    at et.insert (https://grafana-assets.grafana.net/grafana/13.2.0-30616302309/public/build/8703-react19.f21c4f6b315c2cb27ec6.js:1:2487)
    at https://grafana-assets.grafana.net/grafana/13.2.0-30616302309/public/build/8703-react19.f21c4f6b315c2cb27ec6.js:1:13033
    at Array.<anonymous> (https://grafana-assets.grafana.net/grafana/13.2.0-30616302309/public/build/8703-react19.f21c4f6b315c2cb27ec6.js:1:5801)
    at https://grafana-assets.grafana.net/grafana/13.2.0-30616302309/public/build/8703-react19.f21c4f6b315c2cb27ec6.js:1:5713
    at ht (https://grafana-assets.grafana.net/grafana/13.2.0-30616302309/public/build/8703-react19.f21c4f6b315c2cb27ec6.js:1:5225)
    at https://grafana-assets.grafana.net/grafana/13.2.0-30616302309/public/build/8703-react19.f21c4f6b315c2cb27ec6.js:1:12238
    at Array.map (<anonymous>)
    at se (https://grafana-assets.grafana.net/grafana/13.2.0-30616302309/public/build/8703-react19.f21c4f6b315c2cb27ec6.js:1:3261) @ https://plugins-cdn.grafana.net/grafana-kowalski-app/1.64.0/public/plugins/grafana-kowalski-app/463.js?_cache=1ed629a5641ef9c0de99:1
[    2773ms] [ERROR] Faro
 @grafana/faro-instrumentation-replay
 Error occurred during session replay SyntaxError: Failed to execute 'insertRule' on 'CSSStyleSheet': Failed to parse the rule '.css-1aumjra:-ms-input-placeholder{color:rgba(204, 204, 220, 0.61);}'.
    at https://plugins-cdn.grafana.net/grafana-kowalski-app/1.64.0/public/plugins/grafana-kowalski-app/463.js?_cache=1ed629a5641ef9c0de99:2:160861
    at Object.apply (https://plugins-cdn.grafana.net/grafana-kowalski-app/1.64.0/public/plugins/grafana-kowalski-app/463.js?_cache=1ed629a5641ef9c0de99:2:152759)
    at et.insert (https://grafana-assets.grafana.net/grafana/13.2.0-30616302309/public/build/8703-react19.f21c4f6b315c2cb27ec6.js:1:2487)
    at https://grafana-assets.grafana.net/grafana/13.2.0-30616302309/public/build/8703-react19.f21c4f6b315c2cb27ec6.js:1:13033
    at Array.<anonymous> (https://grafana-assets.grafana.net/grafana/13.2.0-30616302309/public/build/8703-react19.f21c4f6b315c2cb27ec6.js:1:5801)
    at https://grafana-assets.grafana.net/grafana/13.2.0-30616302309/public/build/8703-react19.f21c4f6b315c2cb27ec6.js:1:5713
    at ht (https://grafana-assets.grafana.net/grafana/13.2.0-30616302309/public/build/8703-react19.f21c4f6b315c2cb27ec6.js:1:5225)
    at https://grafana-assets.grafana.net/grafana/13.2.0-30616302309/public/build/8703-react19.f21c4f6b315c2cb27ec6.js:1:12238
    at Array.map (<anonymous>)
    at se (https://grafana-assets.grafana.net/grafana/13.2.0-30616302309/public/build/8703-react19.f21c4f6b315c2cb27ec6.js:1:3261) @ https://plugins-cdn.grafana.net/grafana-kowalski-app/1.64.0/public/plugins/grafana-kowalski-app/463.js?_cache=1ed629a5641ef9c0de99:1
[    2775ms] [ERROR] Faro
 @grafana/faro-instrumentation-replay
 Error occurred during session replay SyntaxError: Failed to execute 'insertRule' on 'CSSStyleSheet': Failed to parse the rule '.css-10q7qbh::-moz-placeholder{color:rgba(204, 204, 220, 0.61);}'.
    at https://plugins-cdn.grafana.net/grafana-kowalski-app/1.64.0/public/plugins/grafana-kowalski-app/463.js?_cache=1ed629a5641ef9c0de99:2:160861
    at Object.apply (https://plugins-cdn.grafana.net/grafana-kowalski-app/1.64.0/public/plugins/grafana-kowalski-app/463.js?_cache=1ed629a5641ef9c0de99:2:152759)
    at et.insert (https://grafana-assets.grafana.net/grafana/13.2.0-30616302309/public/build/8703-react19.f21c4f6b315c2cb27ec6.js:1:2487)
    at https://grafana-assets.grafana.net/grafana/13.2.0-30616302309/public/build/8703-react19.f21c4f6b315c2cb27ec6.js:1:13033
    at Array.<anonymous> (https://grafana-assets.grafana.net/grafana/13.2.0-30616302309/public/build/8703-react19.f21c4f6b315c2cb27ec6.js:1:5801)
    at https://grafana-assets.grafana.net/grafana/13.2.0-30616302309/public/build/8703-react19.f21c4f6b315c2cb27ec6.js:1:5713
    at ht (https://grafana-assets.grafana.net/grafana/13.2.0-30616302309/public/build/8703-react19.f21c4f6b315c2cb27ec6.js:1:5225)
    at https://grafana-assets.grafana.net/grafana/13.2.0-30616302309/public/build/8703-react19.f21c4f6b315c2cb27ec6.js:1:12238
    at Array.map (<anonymous>)
    at se (https://grafana-assets.grafana.net/grafana/13.2.0-30616302309/public/build/8703-react19.f21c4f6b315c2cb27ec6.js:1:3261) @ https://plugins-cdn.grafana.net/grafana-kowalski-app/1.64.0/public/plugins/grafana-kowalski-app/463.js?_cache=1ed629a5641ef9c0de99:1
[    2775ms] [ERROR] Faro
 @grafana/faro-instrumentation-replay
 Error occurred during session replay SyntaxError: Failed to execute 'insertRule' on 'CSSStyleSheet': Failed to parse the rule '.css-10q7qbh:-ms-input-placeholder{color:rgba(204, 204, 220, 0.61);}'.
    at https://plugins-cdn.grafana.net/grafana-kowalski-app/1.64.0/public/plugins/grafana-kowalski-app/463.js?_cache=1ed629a5641ef9c0de99:2:160861
    at Object.apply (https://plugins-cdn.grafana.net/grafana-kowalski-app/1.64.0/public/plugins/grafana-kowalski-app/463.js?_cache=1ed629a5641ef9c0de99:2:152759)
    at et.insert (https://grafana-assets.grafana.net/grafana/13.2.0-30616302309/public/build/8703-react19.f21c4f6b315c2cb27ec6.js:1:2487)
    at https://grafana-assets.grafana.net/grafana/13.2.0-30616302309/public/build/8703-react19.f21c4f6b315c2cb27ec6.js:1:13033
    at Array.<anonymous> (https://grafana-assets.grafana.net/grafana/13.2.0-30616302309/public/build/8703-react19.f21c4f6b315c2cb27ec6.js:1:5801)
    at https://grafana-assets.grafana.net/grafana/13.2.0-30616302309/public/build/8703-react19.f21c4f6b315c2cb27ec6.js:1:5713
    at ht (https://grafana-assets.grafana.net/grafana/13.2.0-30616302309/public/build/8703-react19.f21c4f6b315c2cb27ec6.js:1:5225)
    at https://grafana-assets.grafana.net/grafana/13.2.0-30616302309/public/build/8703-react19.f21c4f6b315c2cb27ec6.js:1:12238
    at Array.map (<anonymous>)
    at se (https://grafana-assets.grafana.net/grafana/13.2.0-30616302309/public/build/8703-react19.f21c4f6b315c2cb27ec6.js:1:3261) @ https://plugins-cdn.grafana.net/grafana-kowalski-app/1.64.0/public/plugins/grafana-kowalski-app/463.js?_cache=1ed629a5641ef9c0de99:1
[    2817ms] [ERROR] Faro
 Attempted to create a new user action while one is already running. This is not possible. @ https://plugins-cdn.grafana.net/grafana-kowalski-app/1.64.0/public/plugins/grafana-kowalski-app/463.js?_cache=1ed629a5641ef9c0de99:1
[    2819ms] [WARNING] SceneObject already has a parent set that is different from the new parent. You cannot share the same SceneObject instance in multiple scenes or in multiple different places of the same scene graph. Use SceneObject.clone() to duplicate a SceneObject or store a state key reference and use sceneGraph.findObject to locate it. u zv @ https://plugins-cdn.grafana.net/grafana-kowalski-app/1.64.0/public/plugins/grafana-kowalski-app/141.js?_cache=3493fae15aff159eec22:0
[    2820ms] [ERROR] Faro
 Attempted to create a new user action while one is already running. This is not possible. @ https://plugins-cdn.grafana.net/grafana-kowalski-app/1.64.0/public/plugins/grafana-kowalski-app/463.js?_cache=1ed629a5641ef9c0de99:1
[    2828ms] [ERROR] Faro
 Attempted to create a new user action while one is already running. This is not possible. @ https://plugins-cdn.grafana.net/grafana-kowalski-app/1.64.0/public/plugins/grafana-kowalski-app/463.js?_cache=1ed629a5641ef9c0de99:1
[    2829ms] [WARNING] SceneObject already has a parent set that is different from the new parent. You cannot share the same SceneObject instance in multiple scenes or in multiple different places of the same scene graph. Use SceneObject.clone() to duplicate a SceneObject or store a state key reference and use sceneGraph.findObject to locate it. sr u @ https://plugins-cdn.grafana.net/grafana-kowalski-app/1.64.0/public/plugins/grafana-kowalski-app/141.js?_cache=3493fae15aff159eec22:0
[    2829ms] [WARNING] SceneObject already has a parent set that is different from the new parent. You cannot share the same SceneObject instance in multiple scenes or in multiple different places of the same scene graph. Use SceneObject.clone() to duplicate a SceneObject or store a state key reference and use sceneGraph.findObject to locate it. d u @ https://plugins-cdn.grafana.net/grafana-kowalski-app/1.64.0/public/plugins/grafana-kowalski-app/141.js?_cache=3493fae15aff159eec22:0
[    2829ms] [WARNING] SceneObject already has a parent set that is different from the new parent. You cannot share the same SceneObject instance in multiple scenes or in multiple different places of the same scene graph. Use SceneObject.clone() to duplicate a SceneObject or store a state key reference and use sceneGraph.findObject to locate it. d u @ https://plugins-cdn.grafana.net/grafana-kowalski-app/1.64.0/public/plugins/grafana-kowalski-app/141.js?_cache=3493fae15aff159eec22:0
[    2829ms] [WARNING] SceneObject already has a parent set that is different from the new parent. You cannot share the same SceneObject instance in multiple scenes or in multiple different places of the same scene graph. Use SceneObject.clone() to duplicate a SceneObject or store a state key reference and use sceneGraph.findObject to locate it. d u @ https://plugins-cdn.grafana.net/grafana-kowalski-app/1.64.0/public/plugins/grafana-kowalski-app/141.js?_cache=3493fae15aff159eec22:0
[    2829ms] [WARNING] SceneObject already has a parent set that is different from the new parent. You cannot share the same SceneObject instance in multiple scenes or in multiple different places of the same scene graph. Use SceneObject.clone() to duplicate a SceneObject or store a state key reference and use sceneGraph.findObject to locate it. HI u @ https://plugins-cdn.grafana.net/grafana-kowalski-app/1.64.0/public/plugins/grafana-kowalski-app/141.js?_cache=3493fae15aff159eec22:0
[    2829ms] [WARNING] SceneObject already has a parent set that is different from the new parent. You cannot share the same SceneObject instance in multiple scenes or in multiple different places of the same scene graph. Use SceneObject.clone() to duplicate a SceneObject or store a state key reference and use sceneGraph.findObject to locate it. vt u @ https://plugins-cdn.grafana.net/grafana-kowalski-app/1.64.0/public/plugins/grafana-kowalski-app/141.js?_cache=3493fae15aff159eec22:0
[    2830ms] [WARNING] SceneObject already has a parent set that is different from the new parent. You cannot share the same SceneObject instance in multiple scenes or in multiple different places of the same scene graph. Use SceneObject.clone() to duplicate a SceneObject or store a state key reference and use sceneGraph.findObject to locate it. c u @ https://plugins-cdn.grafana.net/grafana-kowalski-app/1.64.0/public/plugins/grafana-kowalski-app/141.js?_cache=3493fae15aff159eec22:0
[    2830ms] [WARNING] SceneObject already has a parent set that is different from the new parent. You cannot share the same SceneObject instance in multiple scenes or in multiple different places of the same scene graph. Use SceneObject.clone() to duplicate a SceneObject or store a state key reference and use sceneGraph.findObject to locate it. c u @ https://plugins-cdn.grafana.net/grafana-kowalski-app/1.64.0/public/plugins/grafana-kowalski-app/141.js?_cache=3493fae15aff159eec22:0
[    2830ms] [WARNING] SceneObject already has a parent set that is different from the new parent. You cannot share the same SceneObject instance in multiple scenes or in multiple different places of the same scene graph. Use SceneObject.clone() to duplicate a SceneObject or store a state key reference and use sceneGraph.findObject to locate it. NE u @ https://plugins-cdn.grafana.net/grafana-kowalski-app/1.64.0/public/plugins/grafana-kowalski-app/141.js?_cache=3493fae15aff159eec22:0
[    2830ms] [WARNING] SceneObject already has a parent set that is different from the new parent. You cannot share the same SceneObject instance in multiple scenes or in multiple different places of the same scene graph. Use SceneObject.clone() to duplicate a SceneObject or store a state key reference and use sceneGraph.findObject to locate it. IE u @ https://plugins-cdn.grafana.net/grafana-kowalski-app/1.64.0/public/plugins/grafana-kowalski-app/141.js?_cache=3493fae15aff159eec22:0
[    2830ms] [WARNING] SceneObject already has a parent set that is different from the new parent. You cannot share the same SceneObject instance in multiple scenes or in multiple different places of the same scene graph. Use SceneObject.clone() to duplicate a SceneObject or store a state key reference and use sceneGraph.findObject to locate it. c u @ https://plugins-cdn.grafana.net/grafana-kowalski-app/1.64.0/public/plugins/grafana-kowalski-app/141.js?_cache=3493fae15aff159eec22:0
[    2830ms] [WARNING] SceneObject already has a parent set that is different from the new parent. You cannot share the same SceneObject instance in multiple scenes or in multiple different places of the same scene graph. Use SceneObject.clone() to duplicate a SceneObject or store a state key reference and use sceneGraph.findObject to locate it. c u @ https://plugins-cdn.grafana.net/grafana-kowalski-app/1.64.0/public/plugins/grafana-kowalski-app/141.js?_cache=3493fae15aff159eec22:0
[    2830ms] [WARNING] SceneObject already has a parent set that is different from the new parent. You cannot share the same SceneObject instance in multiple scenes or in multiple different places of the same scene graph. Use SceneObject.clone() to duplicate a SceneObject or store a state key reference and use sceneGraph.findObject to locate it. c u @ https://plugins-cdn.grafana.net/grafana-kowalski-app/1.64.0/public/plugins/grafana-kowalski-app/141.js?_cache=3493fae15aff159eec22:0
[    2830ms] [WARNING] SceneObject already has a parent set that is different from the new parent. You cannot share the same SceneObject instance in multiple scenes or in multiple different places of the same scene graph. Use SceneObject.clone() to duplicate a SceneObject or store a state key reference and use sceneGraph.findObject to locate it. c u @ https://plugins-cdn.grafana.net/grafana-kowalski-app/1.64.0/public/plugins/grafana-kowalski-app/141.js?_cache=3493fae15aff159eec22:0
[    2830ms] [WARNING] SceneObject already has a parent set that is different from the new parent. You cannot share the same SceneObject instance in multiple scenes or in multiple different places of the same scene graph. Use SceneObject.clone() to duplicate a SceneObject or store a state key reference and use sceneGraph.findObject to locate it. c u @ https://plugins-cdn.grafana.net/grafana-kowalski-app/1.64.0/public/plugins/grafana-kowalski-app/141.js?_cache=3493fae15aff159eec22:0
[    2830ms] [WARNING] SceneObject already has a parent set that is different from the new parent. You cannot share the same SceneObject instance in multiple scenes or in multiple different places of the same scene graph. Use SceneObject.clone() to duplicate a SceneObject or store a state key reference and use sceneGraph.findObject to locate it. c u @ https://plugins-cdn.grafana.net/grafana-kowalski-app/1.64.0/public/plugins/grafana-kowalski-app/141.js?_cache=3493fae15aff159eec22:0
[    2830ms] [WARNING] SceneObject already has a parent set that is different from the new parent. You cannot share the same SceneObject instance in multiple scenes or in multiple different places of the same scene graph. Use SceneObject.clone() to duplicate a SceneObject or store a state key reference and use sceneGraph.findObject to locate it. c u @ https://plugins-cdn.grafana.net/grafana-kowalski-app/1.64.0/public/plugins/grafana-kowalski-app/141.js?_cache=3493fae15aff159eec22:0
[    2830ms] [WARNING] SceneObject already has a parent set that is different from the new parent. You cannot share the same SceneObject instance in multiple scenes or in multiple different places of the same scene graph. Use SceneObject.clone() to duplicate a SceneObject or store a state key reference and use sceneGraph.findObject to locate it. c u @ https://plugins-cdn.grafana.net/grafana-kowalski-app/1.64.0/public/plugins/grafana-kowalski-app/141.js?_cache=3493fae15aff159eec22:0
[    2830ms] [WARNING] SceneObject already has a parent set that is different from the new parent. You cannot share the same SceneObject instance in multiple scenes or in multiple different places of the same scene graph. Use SceneObject.clone() to duplicate a SceneObject or store a state key reference and use sceneGraph.findObject to locate it. c u @ https://plugins-cdn.grafana.net/grafana-kowalski-app/1.64.0/public/plugins/grafana-kowalski-app/141.js?_cache=3493fae15aff159eec22:0
[    2830ms] [WARNING] SceneObject already has a parent set that is different from the new parent. You cannot share the same SceneObject instance in multiple scenes or in multiple different places of the same scene graph. Use SceneObject.clone() to duplicate a SceneObject or store a state key reference and use sceneGraph.findObject to locate it. c u @ https://plugins-cdn.grafana.net/grafana-kowalski-app/1.64.0/public/plugins/grafana-kowalski-app/141.js?_cache=3493fae15aff159eec22:0
[    2830ms] [WARNING] SceneObject already has a parent set that is different from the new parent. You cannot share the same SceneObject instance in multiple scenes or in multiple different places of the same scene graph. Use SceneObject.clone() to duplicate a SceneObject or store a state key reference and use sceneGraph.findObject to locate it. c u @ https://plugins-cdn.grafana.net/grafana-kowalski-app/1.64.0/public/plugins/grafana-kowalski-app/141.js?_cache=3493fae15aff159eec22:0
[    2830ms] [WARNING] SceneObject already has a parent set that is different from the new parent. You cannot share the same SceneObject instance in multiple scenes or in multiple different places of the same scene graph. Use SceneObject.clone() to duplicate a SceneObject or store a state key reference and use sceneGraph.findObject to locate it. c u @ https://plugins-cdn.grafana.net/grafana-kowalski-app/1.64.0/public/plugins/grafana-kowalski-app/141.js?_cache=3493fae15aff159eec22:0
[    2830ms] [WARNING] SceneObject already has a parent set that is different from the new parent. You cannot share the same SceneObject instance in multiple scenes or in multiple different places of the same scene graph. Use SceneObject.clone() to duplicate a SceneObject or store a state key reference and use sceneGraph.findObject to locate it. c u @ https://plugins-cdn.grafana.net/grafana-kowalski-app/1.64.0/public/plugins/grafana-kowalski-app/141.js?_cache=3493fae15aff159eec22:0
[    2830ms] [WARNING] SceneObject already has a parent set that is different from the new parent. You cannot share the same SceneObject instance in multiple scenes or in multiple different places of the same scene graph. Use SceneObject.clone() to duplicate a SceneObject or store a state key reference and use sceneGraph.findObject to locate it. c u @ https://plugins-cdn.grafana.net/grafana-kowalski-app/1.64.0/public/plugins/grafana-kowalski-app/141.js?_cache=3493fae15aff159eec22:0
[    2830ms] [WARNING] SceneObject already has a parent set that is different from the new parent. You cannot share the same SceneObject instance in multiple scenes or in multiple different places of the same scene graph. Use SceneObject.clone() to duplicate a SceneObject or store a state key reference and use sceneGraph.findObject to locate it. c u @ https://plugins-cdn.grafana.net/grafana-kowalski-app/1.64.0/public/plugins/grafana-kowalski-app/141.js?_cache=3493fae15aff159eec22:0
[    2830ms] [WARNING] SceneObject already has a parent set that is different from the new parent. You cannot share the same SceneObject instance in multiple scenes or in multiple different places of the same scene graph. Use SceneObject.clone() to duplicate a SceneObject or store a state key reference and use sceneGraph.findObject to locate it. c u @ https://plugins-cdn.grafana.net/grafana-kowalski-app/1.64.0/public/plugins/grafana-kowalski-app/141.js?_cache=3493fae15aff159eec22:0
[    2830ms] [WARNING] SceneObject already has a parent set that is different from the new parent. You cannot share the same SceneObject instance in multiple scenes or in multiple different places of the same scene graph. Use SceneObject.clone() to duplicate a SceneObject or store a state key reference and use sceneGraph.findObject to locate it. c u @ https://plugins-cdn.grafana.net/grafana-kowalski-app/1.64.0/public/plugins/grafana-kowalski-app/141.js?_cache=3493fae15aff159eec22:0
[    2831ms] [ERROR] Faro
 Attempted to create a new user action while one is already running. This is not possible. @ https://plugins-cdn.grafana.net/grafana-kowalski-app/1.64.0/public/plugins/grafana-kowalski-app/463.js?_cache=1ed629a5641ef9c0de99:1
[    2832ms] [WARNING] SceneObject already has a parent set that is different from the new parent. You cannot share the same SceneObject instance in multiple scenes or in multiple different places of the same scene graph. Use SceneObject.clone() to duplicate a SceneObject or store a state key reference and use sceneGraph.findObject to locate it. h y @ https://plugins-cdn.grafana.net/grafana-kowalski-app/1.64.0/public/plugins/grafana-kowalski-app/141.js?_cache=3493fae15aff159eec22:0
[    2832ms] [WARNING] SceneObject already has a parent set that is different from the new parent. You cannot share the same SceneObject instance in multiple scenes or in multiple different places of the same scene graph. Use SceneObject.clone() to duplicate a SceneObject or store a state key reference and use sceneGraph.findObject to locate it. h y @ https://plugins-cdn.grafana.net/grafana-kowalski-app/1.64.0/public/plugins/grafana-kowalski-app/141.js?_cache=3493fae15aff159eec22:0
[    2833ms] [WARNING] SceneObject already has a parent set that is different from the new parent. You cannot share the same SceneObject instance in multiple scenes or in multiple different places of the same scene graph. Use SceneObject.clone() to duplicate a SceneObject or store a state key reference and use sceneGraph.findObject to locate it. h y @ https://plugins-cdn.grafana.net/grafana-kowalski-app/1.64.0/public/plugins/grafana-kowalski-app/141.js?_cache=3493fae15aff159eec22:0
[    2833ms] [WARNING] SceneObject already has a parent set that is different from the new parent. You cannot share the same SceneObject instance in multiple scenes or in multiple different places of the same scene graph. Use SceneObject.clone() to duplicate a SceneObject or store a state key reference and use sceneGraph.findObject to locate it. L y @ https://plugins-cdn.grafana.net/grafana-kowalski-app/1.64.0/public/plugins/grafana-kowalski-app/141.js?_cache=3493fae15aff159eec22:0
[    2833ms] [WARNING] SceneObject already has a parent set that is different from the new parent. You cannot share the same SceneObject instance in multiple scenes or in multiple different places of the same scene graph. Use SceneObject.clone() to duplicate a SceneObject or store a state key reference and use sceneGraph.findObject to locate it. d u @ https://plugins-cdn.grafana.net/grafana-kowalski-app/1.64.0/public/plugins/grafana-kowalski-app/141.js?_cache=3493fae15aff159eec22:0
[    2888ms] [ERROR] Failed to load resource: the server responded with a status of 404 () @ https://devfedb13.grafana.net/apis/userstorage.grafana.app/v0alpha1/namespaces/stacks-1757201/user-storage/grafana-kowalski-app:dfuhj9wjtgge8e:0
[ 1791729ms] [ERROR] WebSocket connection to 'wss://devfedb13.grafana.net/api/live/ws' failed: Error in connection establishment: net::ERR_INTERNET_DISCONNECTED @ https://grafana-assets.grafana.net/grafana/13.2.0-30616302309/public/build/3788-react19.93988d65f50992991cc7.js:291
[ 1791736ms] [ERROR] Failed to load resource: net::ERR_INTERNET_DISCONNECTED @ https://devfedb13.grafana.net/api/login/ping:0
[ 1791957ms] [ERROR] Failed to load resource: net::ERR_INTERNET_DISCONNECTED @ https://faro-collector-ops-eu-south-0.grafana-ops.net/collect/2aaaae17b963ac219cd6e23a4850f00e:0
[ 1791987ms] [ERROR] Failed to load resource: net::ERR_INTERNET_DISCONNECTED @ https://faro-collector-ops-eu-south-0.grafana-ops.net/collect/2aaaae17b963ac219cd6e23a4850f00e:0
[ 1791988ms] [ERROR] Faro
 @grafana/faro-web-sdk:transport-fetch
 Failed sending payload to the receiver
 {meta: Object, events: Array(1)} TypeError: Failed to fetch
    at https://grafana-assets.grafana.net/grafana/13.2.0-30616302309/public/build/1849-react19.2ac26fdddffdb4cf8597.js:177:52559
    at window.fetch (https://plugins-cdn.grafana.net/grafana-kowalski-app/1.64.0/public/plugins/grafana-kowalski-app/463.js?_cache=1ed629a5641ef9c0de99:2:206687)
    at https://plugins-cdn.grafana.net/grafana-kowalski-app/1.64.0/public/plugins/grafana-kowalski-app/463.js?_cache=1ed629a5641ef9c0de99:2:336969
    at o.<computed>.o.<computed> (https://rsi.grafana.com/v1.1/js-integrations/Fullstory.min.js:1:5852)
    at Mr.<anonymous> (https://plugins-cdn.grafana.net/grafana-kowalski-app/1.64.0/public/plugins/grafana-kowalski-app/463.js?_cache=1ed629a5641ef9c0de99:2:268817)
    at Generator.throw (<anonymous>)
    at a (https://plugins-cdn.grafana.net/grafana-kowalski-app/1.64.0/public/plugins/grafana-kowalski-app/463.js?_cache=1ed629a5641ef9c0de99:2:264709) @ https://plugins-cdn.grafana.net/grafana-kowalski-app/1.64.0/public/plugins/grafana-kowalski-app/463.js?_cache=1ed629a5641ef9c0de99:1
[ 1792751ms] [ERROR] WebSocket connection to 'wss://devfedb13.grafana.net/api/live/ws' failed: Error in connection establishment: net::ERR_INTERNET_DISCONNECTED @ https://grafana-assets.grafana.net/grafana/13.2.0-30616302309/public/build/3788-react19.93988d65f50992991cc7.js:291
[ 1793221ms] [ERROR] Failed to load resource: net::ERR_INTERNET_DISCONNECTED @ https://faro-collector-ops-eu-south-0.grafana-ops.net/collect/bc03dd0f2a088059ae67a23bc296a26d:0
[ 1793223ms] [ERROR] Failed to load resource: net::ERR_INTERNET_DISCONNECTED @ https://faro-collector-ops-eu-south-0.grafana-ops.net/collect/bc03dd0f2a088059ae67a23bc296a26d:0
[ 1793546ms] [ERROR] WebSocket connection to 'wss://devfedb13.grafana.net/api/live/ws' failed: Error in connection establishment: net::ERR_INTERNET_DISCONNECTED @ https://grafana-assets.grafana.net/grafana/13.2.0-30616302309/public/build/3788-react19.93988d65f50992991cc7.js:291
[ 2714637ms] [ERROR] Failed to load resource: net::ERR_INTERNET_DISCONNECTED @ https://rs.fullstory.com/rec/bundle/v2?OrgId=o-1CN5TD-na1&UserId=2cfceefd-14d1-402f-b042-9c7873884a3b&SessionId=e5666fbb-4850-4075-8768-6fe2df7f2a4e&PageId=2bc06451-8b13-44d5-8fe6-20e0a38a4166&Seq=12&ClientTime=1786136061330&CompiledVersion=f12d87c7e2a8c68a8f855cc16ce6a0e337dfc1da&PageStart=1786133350011&PrevBundleTime=1786134065232&LastActivity=2254069&ContentEncoding=gzip:0
[ 2714835ms] [ERROR] Failed to load resource: net::ERR_INTERNET_DISCONNECTED @ https://rs.fullstory.com/rec/bundle/v2?OrgId=o-1CN5TD-na1&UserId=2cfceefd-14d1-402f-b042-9c7873884a3b&SessionId=e5666fbb-4850-4075-8768-6fe2df7f2a4e&PageId=2bc06451-8b13-44d5-8fe6-20e0a38a4166&Seq=12&ClientTime=1786136061574&CompiledVersion=f12d87c7e2a8c68a8f855cc16ce6a0e337dfc1da&PageStart=1786133350011&PrevBundleTime=1786134065232&SkipResponseBody=true:0
[ 2714835ms] [ERROR] Failed to load resource: net::ERR_INTERNET_DISCONNECTED @ https://rs.fullstory.com/rec/bundle/v2?OrgId=o-1CN5TD-na1&UserId=2cfceefd-14d1-402f-b042-9c7873884a3b&SessionId=e5666fbb-4850-4075-8768-6fe2df7f2a4e&PageId=2bc06451-8b13-44d5-8fe6-20e0a38a4166&Seq=13&ClientTime=1786136061575&CompiledVersion=f12d87c7e2a8c68a8f855cc16ce6a0e337dfc1da&PageStart=1786133350011&PrevBundleTime=1786134065232&SkipResponseBody=true:0
[ 2715727ms] [ERROR] WebSocket connection to 'wss://devfedb13.grafana.net/api/live/ws' failed: Error in connection establishment: net::ERR_INTERNET_DISCONNECTED @ https://grafana-assets.grafana.net/grafana/13.2.0-30616302309/public/build/3788-react19.93988d65f50992991cc7.js:291
[ 2715741ms] [ERROR] Failed to load resource: net::ERR_INTERNET_DISCONNECTED @ https://devfedb13.grafana.net/api/login/ping:0
[ 2715847ms] [ERROR] Failed to load resource: net::ERR_INTERNET_DISCONNECTED @ https://faro-collector-ops-eu-south-0.grafana-ops.net/collect/2aaaae17b963ac219cd6e23a4850f00e:0
[ 2715849ms] [ERROR] Failed to load resource: net::ERR_INTERNET_DISCONNECTED @ https://faro-collector-ops-eu-south-0.grafana-ops.net/collect/2aaaae17b963ac219cd6e23a4850f00e:0
[ 2715850ms] [ERROR] Faro
 @grafana/faro-web-sdk:transport-fetch
 Failed sending payload to the receiver
 {meta: Object, events: Array(1)} TypeError: Failed to fetch
    at https://grafana-assets.grafana.net/grafana/13.2.0-30616302309/public/build/1849-react19.2ac26fdddffdb4cf8597.js:177:52559
    at window.fetch (https://plugins-cdn.grafana.net/grafana-kowalski-app/1.64.0/public/plugins/grafana-kowalski-app/463.js?_cache=1ed629a5641ef9c0de99:2:206687)
    at https://plugins-cdn.grafana.net/grafana-kowalski-app/1.64.0/public/plugins/grafana-kowalski-app/463.js?_cache=1ed629a5641ef9c0de99:2:336969
    at o.<computed>.o.<computed> (https://rsi.grafana.com/v1.1/js-integrations/Fullstory.min.js:1:5852)
    at Mr.<anonymous> (https://plugins-cdn.grafana.net/grafana-kowalski-app/1.64.0/public/plugins/grafana-kowalski-app/463.js?_cache=1ed629a5641ef9c0de99:2:268817)
    at Generator.throw (<anonymous>)
    at a (https://plugins-cdn.grafana.net/grafana-kowalski-app/1.64.0/public/plugins/grafana-kowalski-app/463.js?_cache=1ed629a5641ef9c0de99:2:264709) @ https://plugins-cdn.grafana.net/grafana-kowalski-app/1.64.0/public/plugins/grafana-kowalski-app/463.js?_cache=1ed629a5641ef9c0de99:1
[ 2715890ms] [ERROR] Failed to load resource: net::ERR_INTERNET_DISCONNECTED @ https://faro-collector-ops-eu-south-0.grafana-ops.net/collect/bc03dd0f2a088059ae67a23bc296a26d:0
[ 2715892ms] [ERROR] Failed to load resource: net::ERR_INTERNET_DISCONNECTED @ https://faro-collector-ops-eu-south-0.grafana-ops.net/collect/bc03dd0f2a088059ae67a23bc296a26d:0
[ 2716485ms] [ERROR] WebSocket connection to 'wss://devfedb13.grafana.net/api/live/ws' failed: Error in connection establishment: net::ERR_INTERNET_DISCONNECTED @ https://grafana-assets.grafana.net/grafana/13.2.0-30616302309/public/build/3788-react19.93988d65f50992991cc7.js:291
[ 2717558ms] [ERROR] Failed to load resource: net::ERR_INTERNET_DISCONNECTED @ https://faro-collector-ops-eu-south-0.grafana-ops.net/collect/2aaaae17b963ac219cd6e23a4850f00e:0
[ 2717560ms] [ERROR] Failed to load resource: net::ERR_INTERNET_DISCONNECTED @ https://faro-collector-ops-eu-south-0.grafana-ops.net/collect/2aaaae17b963ac219cd6e23a4850f00e:0
[ 2717560ms] [ERROR] Faro
 @grafana/faro-web-sdk:transport-fetch
 Failed sending payload to the receiver
 {meta: Object, events: Array(1)} TypeError: Failed to fetch
    at https://grafana-assets.grafana.net/grafana/13.2.0-30616302309/public/build/1849-react19.2ac26fdddffdb4cf8597.js:177:52559
    at window.fetch (https://plugins-cdn.grafana.net/grafana-kowalski-app/1.64.0/public/plugins/grafana-kowalski-app/463.js?_cache=1ed629a5641ef9c0de99:2:206687)
    at https://plugins-cdn.grafana.net/grafana-kowalski-app/1.64.0/public/plugins/grafana-kowalski-app/463.js?_cache=1ed629a5641ef9c0de99:2:336969
    at o.<computed>.o.<computed> (https://rsi.grafana.com/v1.1/js-integrations/Fullstory.min.js:1:5852)
    at Mr.<anonymous> (https://plugins-cdn.grafana.net/grafana-kowalski-app/1.64.0/public/plugins/grafana-kowalski-app/463.js?_cache=1ed629a5641ef9c0de99:2:268817)
    at Generator.throw (<anonymous>)
    at a (https://plugins-cdn.grafana.net/grafana-kowalski-app/1.64.0/public/plugins/grafana-kowalski-app/463.js?_cache=1ed629a5641ef9c0de99:2:264709) @ https://plugins-cdn.grafana.net/grafana-kowalski-app/1.64.0/public/plugins/grafana-kowalski-app/463.js?_cache=1ed629a5641ef9c0de99:1
[ 2717891ms] [ERROR] Failed to load resource: net::ERR_INTERNET_DISCONNECTED @ https://faro-collector-ops-eu-south-0.grafana-ops.net/collect/bc03dd0f2a088059ae67a23bc296a26d:0
[ 2717893ms] [ERROR] Failed to load resource: net::ERR_INTERNET_DISCONNECTED @ https://faro-collector-ops-eu-south-0.grafana-ops.net/collect/bc03dd0f2a088059ae67a23bc296a26d:0
[ 3481713ms] [ERROR] WebSocket connection to 'wss://devfedb13.grafana.net/api/live/ws' failed: Error in connection establishment: net::ERR_INTERNET_DISCONNECTED @ https://grafana-assets.grafana.net/grafana/13.2.0-30616302309/public/build/3788-react19.93988d65f50992991cc7.js:291
[ 3481732ms] [ERROR] Failed to load resource: net::ERR_INTERNET_DISCONNECTED @ https://devfedb13.grafana.net/api/login/ping:0
[ 3481970ms] [ERROR] Failed to load resource: net::ERR_INTERNET_DISCONNECTED @ https://faro-collector-ops-eu-south-0.grafana-ops.net/collect/2aaaae17b963ac219cd6e23a4850f00e:0
[ 3481978ms] [ERROR] Faro
 @grafana/faro-web-sdk:transport-fetch
 Failed sending payload to the receiver
 {meta: Object, events: Array(4)} TypeError: Failed to fetch
    at https://grafana-assets.grafana.net/grafana/13.2.0-30616302309/public/build/1849-react19.2ac26fdddffdb4cf8597.js:177:52559
    at window.fetch (https://plugins-cdn.grafana.net/grafana-kowalski-app/1.64.0/public/plugins/grafana-kowalski-app/463.js?_cache=1ed629a5641ef9c0de99:2:206687)
    at https://plugins-cdn.grafana.net/grafana-kowalski-app/1.64.0/public/plugins/grafana-kowalski-app/463.js?_cache=1ed629a5641ef9c0de99:2:336969
    at o.<computed>.o.<computed> (https://rsi.grafana.com/v1.1/js-integrations/Fullstory.min.js:1:5852)
    at Mr.<anonymous> (https://plugins-cdn.grafana.net/grafana-kowalski-app/1.64.0/public/plugins/grafana-kowalski-app/463.js?_cache=1ed629a5641ef9c0de99:2:268575)
    at Generator.next (<anonymous>)
    at https://plugins-cdn.grafana.net/grafana-kowalski-app/1.64.0/public/plugins/grafana-kowalski-app/463.js?_cache=1ed629a5641ef9c0de99:2:264856
    at new Promise (<anonymous>)
    at Tr (https://plugins-cdn.grafana.net/grafana-kowalski-app/1.64.0/public/plugins/grafana-kowalski-app/463.js?_cache=1ed629a5641ef9c0de99:2:264601)
    at Mr.fetchWithKeepaliveRetry (https://plugins-cdn.grafana.net/grafana-kowalski-app/1.64.0/public/plugins/grafana-kowalski-app/463.js?_cache=1ed629a5641ef9c0de99:2:268487) @ https://plugins-cdn.grafana.net/grafana-kowalski-app/1.64.0/public/plugins/grafana-kowalski-app/463.js?_cache=1ed629a5641ef9c0de99:1
[ 3482533ms] [ERROR] Failed to load resource: net::ERR_INTERNET_DISCONNECTED @ https://faro-collector-ops-eu-south-0.grafana-ops.net/collect/bc03dd0f2a088059ae67a23bc296a26d:0
[ 3482541ms] [ERROR] Failed to load resource: net::ERR_INTERNET_DISCONNECTED @ https://faro-collector-ops-eu-south-0.grafana-ops.net/collect/bc03dd0f2a088059ae67a23bc296a26d:0
[ 3484529ms] [ERROR] Failed to load resource: net::ERR_INTERNET_DISCONNECTED @ https://faro-collector-ops-eu-south-0.grafana-ops.net/collect/bc03dd0f2a088059ae67a23bc296a26d:0
[ 3484531ms] [ERROR] Failed to load resource: net::ERR_INTERNET_DISCONNECTED @ https://faro-collector-ops-eu-south-0.grafana-ops.net/collect/bc03dd0f2a088059ae67a23bc296a26d:0
[ 3485461ms] [ERROR] WebSocket connection to 'wss://devfedb13.grafana.net/api/live/ws' failed: Error in connection establishment: net::ERR_INTERNET_DISCONNECTED @ https://grafana-assets.grafana.net/grafana/13.2.0-30616302309/public/build/3788-react19.93988d65f50992991cc7.js:291
[ 3489560ms] [ERROR] Failed to load resource: net::ERR_INTERNET_DISCONNECTED @ https://faro-collector-ops-eu-south-0.grafana-ops.net/collect/2aaaae17b963ac219cd6e23a4850f00e:0
[ 3489565ms] [ERROR] Failed to load resource: net::ERR_INTERNET_DISCONNECTED @ https://faro-collector-ops-eu-south-0.grafana-ops.net/collect/2aaaae17b963ac219cd6e23a4850f00e:0
[ 3489565ms] [ERROR] Faro
 @grafana/faro-web-sdk:transport-fetch
 Failed sending payload to the receiver
 {meta: Object, events: Array(1)} TypeError: Failed to fetch
    at https://grafana-assets.grafana.net/grafana/13.2.0-30616302309/public/build/1849-react19.2ac26fdddffdb4cf8597.js:177:52559
    at window.fetch (https://plugins-cdn.grafana.net/grafana-kowalski-app/1.64.0/public/plugins/grafana-kowalski-app/463.js?_cache=1ed629a5641ef9c0de99:2:206687)
    at https://plugins-cdn.grafana.net/grafana-kowalski-app/1.64.0/public/plugins/grafana-kowalski-app/463.js?_cache=1ed629a5641ef9c0de99:2:336969
    at o.<computed>.o.<computed> (https://rsi.grafana.com/v1.1/js-integrations/Fullstory.min.js:1:5852)
    at Mr.<anonymous> (https://plugins-cdn.grafana.net/grafana-kowalski-app/1.64.0/public/plugins/grafana-kowalski-app/463.js?_cache=1ed629a5641ef9c0de99:2:268817)
    at Generator.throw (<anonymous>)
    at a (https://plugins-cdn.grafana.net/grafana-kowalski-app/1.64.0/public/plugins/grafana-kowalski-app/463.js?_cache=1ed629a5641ef9c0de99:2:264709) @ https://plugins-cdn.grafana.net/grafana-kowalski-app/1.64.0/public/plugins/grafana-kowalski-app/463.js?_cache=1ed629a5641ef9c0de99:1
[ 3490726ms] [ERROR] WebSocket connection to 'wss://devfedb13.grafana.net/api/live/ws' failed: Error in connection establishment: net::ERR_INTERNET_DISCONNECTED @ https://grafana-assets.grafana.net/grafana/13.2.0-30616302309/public/build/3788-react19.93988d65f50992991cc7.js:291
[ 3490733ms] [ERROR] Failed to load resource: net::ERR_INTERNET_DISCONNECTED @ https://devfedb13.grafana.net/api/login/ping:0
[ 3490805ms] [ERROR] Failed to load resource: net::ERR_INTERNET_DISCONNECTED @ https://faro-collector-ops-eu-south-0.grafana-ops.net/collect/2aaaae17b963ac219cd6e23a4850f00e:0
[ 3490809ms] [ERROR] Failed to load resource: net::ERR_INTERNET_DISCONNECTED @ https://faro-collector-ops-eu-south-0.grafana-ops.net/collect/2aaaae17b963ac219cd6e23a4850f00e:0
[ 3490809ms] [ERROR] Faro
 @grafana/faro-web-sdk:transport-fetch
 Failed sending payload to the receiver
 {meta: Object, events: Array(2)} TypeError: Failed to fetch
    at https://grafana-assets.grafana.net/grafana/13.2.0-30616302309/public/build/1849-react19.2ac26fdddffdb4cf8597.js:177:52559
    at window.fetch (https://plugins-cdn.grafana.net/grafana-kowalski-app/1.64.0/public/plugins/grafana-kowalski-app/463.js?_cache=1ed629a5641ef9c0de99:2:206687)
    at https://plugins-cdn.grafana.net/grafana-kowalski-app/1.64.0/public/plugins/grafana-kowalski-app/463.js?_cache=1ed629a5641ef9c0de99:2:336969
    at o.<computed>.o.<computed> (https://rsi.grafana.com/v1.1/js-integrations/Fullstory.min.js:1:5852)
    at Mr.<anonymous> (https://plugins-cdn.grafana.net/grafana-kowalski-app/1.64.0/public/plugins/grafana-kowalski-app/463.js?_cache=1ed629a5641ef9c0de99:2:268817)
    at Generator.throw (<anonymous>)
    at a (https://plugins-cdn.grafana.net/grafana-kowalski-app/1.64.0/public/plugins/grafana-kowalski-app/463.js?_cache=1ed629a5641ef9c0de99:2:264709) @ https://plugins-cdn.grafana.net/grafana-kowalski-app/1.64.0/public/plugins/grafana-kowalski-app/463.js?_cache=1ed629a5641ef9c0de99:1
[ 3491145ms] [ERROR] Failed to load resource: net::ERR_INTERNET_DISCONNECTED @ https://faro-collector-ops-eu-south-0.grafana-ops.net/collect/bc03dd0f2a088059ae67a23bc296a26d:0
[ 3491151ms] [ERROR] Failed to load resource: net::ERR_INTERNET_DISCONNECTED @ https://faro-collector-ops-eu-south-0.grafana-ops.net/collect/bc03dd0f2a088059ae67a23bc296a26d:0
[ 3493137ms] [ERROR] Failed to load resource: net::ERR_INTERNET_DISCONNECTED @ https://faro-collector-ops-eu-south-0.grafana-ops.net/collect/bc03dd0f2a088059ae67a23bc296a26d:0
[ 3493138ms] [ERROR] Failed to load resource: net::ERR_INTERNET_DISCONNECTED @ https://faro-collector-ops-eu-south-0.grafana-ops.net/collect/bc03dd0f2a088059ae67a23bc296a26d:0
[ 3507443ms] [ERROR] Failed to load resource: net::ERR_INTERNET_DISCONNECTED @ https://faro-collector-ops-eu-south-0.grafana-ops.net/collect/2aaaae17b963ac219cd6e23a4850f00e:0
[ 3507448ms] [ERROR] Failed to load resource: net::ERR_INTERNET_DISCONNECTED @ https://faro-collector-ops-eu-south-0.grafana-ops.net/collect/2aaaae17b963ac219cd6e23a4850f00e:0
[ 3507448ms] [ERROR] Faro
 @grafana/faro-web-sdk:transport-fetch
 Failed sending payload to the receiver
 {meta: Object, events: Array(1)} TypeError: Failed to fetch
    at https://grafana-assets.grafana.net/grafana/13.2.0-30616302309/public/build/1849-react19.2ac26fdddffdb4cf8597.js:177:52559
    at window.fetch (https://plugins-cdn.grafana.net/grafana-kowalski-app/1.64.0/public/plugins/grafana-kowalski-app/463.js?_cache=1ed629a5641ef9c0de99:2:206687)
    at https://plugins-cdn.grafana.net/grafana-kowalski-app/1.64.0/public/plugins/grafana-kowalski-app/463.js?_cache=1ed629a5641ef9c0de99:2:336969
    at o.<computed>.o.<computed> (https://rsi.grafana.com/v1.1/js-integrations/Fullstory.min.js:1:5852)
    at Mr.<anonymous> (https://plugins-cdn.grafana.net/grafana-kowalski-app/1.64.0/public/plugins/grafana-kowalski-app/463.js?_cache=1ed629a5641ef9c0de99:2:268817)
    at Generator.throw (<anonymous>)
    at a (https://plugins-cdn.grafana.net/grafana-kowalski-app/1.64.0/public/plugins/grafana-kowalski-app/463.js?_cache=1ed629a5641ef9c0de99:2:264709) @ https://plugins-cdn.grafana.net/grafana-kowalski-app/1.64.0/public/plugins/grafana-kowalski-app/463.js?_cache=1ed629a5641ef9c0de99:1
[ 3519391ms] [ERROR] Failed to load resource: net::ERR_NETWORK_CHANGED @ https://devfedb13.grafana.net/api/plugin-proxy/grafana-kowalski-app/api-proxy/api/v1/app:0
[ 3519448ms] [WARNING] WebSocket connection to 'wss://devfedb13.grafana.net/api/live/ws' failed: WebSocket is closed before the connection is established. @ https://grafana-assets.grafana.net/grafana/13.2.0-30616302309/public/build/3788-react19.93988d65f50992991cc7.js:291
[ 3519618ms] [ERROR] Failed to load resource: net::ERR_INTERNET_DISCONNECTED @ https://faro-collector-ops-eu-south-0.grafana-ops.net/collect/2aaaae17b963ac219cd6e23a4850f00e:0
[ 3519621ms] [ERROR] Failed to load resource: net::ERR_INTERNET_DISCONNECTED @ https://faro-collector-ops-eu-south-0.grafana-ops.net/collect/2aaaae17b963ac219cd6e23a4850f00e:0
[ 3519621ms] [ERROR] Faro
 @grafana/faro-web-sdk:transport-fetch
 Failed sending payload to the receiver
 {meta: Object, events: Array(2)} TypeError: Failed to fetch
    at https://grafana-assets.grafana.net/grafana/13.2.0-30616302309/public/build/1849-react19.2ac26fdddffdb4cf8597.js:177:52559
    at window.fetch (https://plugins-cdn.grafana.net/grafana-kowalski-app/1.64.0/public/plugins/grafana-kowalski-app/463.js?_cache=1ed629a5641ef9c0de99:2:206687)
    at https://plugins-cdn.grafana.net/grafana-kowalski-app/1.64.0/public/plugins/grafana-kowalski-app/463.js?_cache=1ed629a5641ef9c0de99:2:336969
    at o.<computed>.o.<computed> (https://rsi.grafana.com/v1.1/js-integrations/Fullstory.min.js:1:5852)
    at Mr.<anonymous> (https://plugins-cdn.grafana.net/grafana-kowalski-app/1.64.0/public/plugins/grafana-kowalski-app/463.js?_cache=1ed629a5641ef9c0de99:2:268817)
    at Generator.throw (<anonymous>)
    at a (https://plugins-cdn.grafana.net/grafana-kowalski-app/1.64.0/public/plugins/grafana-kowalski-app/463.js?_cache=1ed629a5641ef9c0de99:2:264709) @ https://plugins-cdn.grafana.net/grafana-kowalski-app/1.64.0/public/plugins/grafana-kowalski-app/463.js?_cache=1ed629a5641ef9c0de99:1
[ 3520202ms] [ERROR] Failed to load resource: net::ERR_INTERNET_DISCONNECTED @ https://faro-collector-ops-eu-south-0.grafana-ops.net/collect/bc03dd0f2a088059ae67a23bc296a26d:0
[ 3520206ms] [ERROR] Failed to load resource: net::ERR_INTERNET_DISCONNECTED @ https://faro-collector-ops-eu-south-0.grafana-ops.net/collect/bc03dd0f2a088059ae67a23bc296a26d:0
[ 3522201ms] [ERROR] Failed to load resource: net::ERR_INTERNET_DISCONNECTED @ https://faro-collector-ops-eu-south-0.grafana-ops.net/collect/bc03dd0f2a088059ae67a23bc296a26d:0
[ 3522205ms] [ERROR] Failed to load resource: net::ERR_INTERNET_DISCONNECTED @ https://faro-collector-ops-eu-south-0.grafana-ops.net/collect/bc03dd0f2a088059ae67a23bc296a26d:0
[ 3532179ms] [ERROR] WebSocket connection to 'wss://devfedb13.grafana.net/api/live/ws' failed: Error in connection establishment: net::ERR_NAME_NOT_RESOLVED @ https://grafana-assets.grafana.net/grafana/13.2.0-30616302309/public/build/3788-react19.93988d65f50992991cc7.js:291
[ 3532216ms] [ERROR] Failed to load resource: net::ERR_NAME_NOT_RESOLVED @ https://devfedb13.grafana.net/api/plugin-proxy/grafana-kowalski-app/api-proxy/api/v1/app:0
[ 3532219ms] [ERROR] Failed to load resource: net::ERR_NAME_NOT_RESOLVED @ https://faro-collector-ops-eu-south-0.grafana-ops.net/collect/2aaaae17b963ac219cd6e23a4850f00e:0
[ 3536632ms] [ERROR] Failed to load resource: the server responded with a status of 401 () @ https://devfedb13.grafana.net/api/login/ping:0
[ 3558614ms] [ERROR] WebSocket connection to 'wss://devfedb13.grafana.net/api/live/ws' failed: Error in connection establishment: net::ERR_INTERNET_DISCONNECTED @ https://grafana-assets.grafana.net/grafana/13.2.0-30616302309/public/build/3788-react19.93988d65f50992991cc7.js:291
[ 3558637ms] [ERROR] Failed to load resource: net::ERR_INTERNET_DISCONNECTED @ https://devfedb13.grafana.net/api/login/ping:0
[ 3558868ms] [ERROR] Failed to load resource: net::ERR_INTERNET_DISCONNECTED @ https://faro-collector-ops-eu-south-0.grafana-ops.net/collect/2aaaae17b963ac219cd6e23a4850f00e:0
[ 3558870ms] [ERROR] Failed to load resource: net::ERR_INTERNET_DISCONNECTED @ https://faro-collector-ops-eu-south-0.grafana-ops.net/collect/2aaaae17b963ac219cd6e23a4850f00e:0
[ 3558870ms] [ERROR] Faro
 @grafana/faro-web-sdk:transport-fetch
 Failed sending payload to the receiver
 {meta: Object, events: Array(1)} TypeError: Failed to fetch
    at https://grafana-assets.grafana.net/grafana/13.2.0-30616302309/public/build/1849-react19.2ac26fdddffdb4cf8597.js:177:52559
    at window.fetch (https://plugins-cdn.grafana.net/grafana-kowalski-app/1.64.0/public/plugins/grafana-kowalski-app/463.js?_cache=1ed629a5641ef9c0de99:2:206687)
    at https://plugins-cdn.grafana.net/grafana-kowalski-app/1.64.0/public/plugins/grafana-kowalski-app/463.js?_cache=1ed629a5641ef9c0de99:2:336969
    at o.<computed>.o.<computed> (https://rsi.grafana.com/v1.1/js-integrations/Fullstory.min.js:1:5852)
    at Mr.<anonymous> (https://plugins-cdn.grafana.net/grafana-kowalski-app/1.64.0/public/plugins/grafana-kowalski-app/463.js?_cache=1ed629a5641ef9c0de99:2:268817)
    at Generator.throw (<anonymous>)
    at a (https://plugins-cdn.grafana.net/grafana-kowalski-app/1.64.0/public/plugins/grafana-kowalski-app/463.js?_cache=1ed629a5641ef9c0de99:2:264709) @ https://plugins-cdn.grafana.net/grafana-kowalski-app/1.64.0/public/plugins/grafana-kowalski-app/463.js?_cache=1ed629a5641ef9c0de99:1
[ 3559597ms] [ERROR] WebSocket connection to 'wss://devfedb13.grafana.net/api/live/ws' failed: Error in connection establishment: net::ERR_INTERNET_DISCONNECTED @ https://grafana-assets.grafana.net/grafana/13.2.0-30616302309/public/build/3788-react19.93988d65f50992991cc7.js:291
[ 3560197ms] [ERROR] Failed to load resource: net::ERR_INTERNET_DISCONNECTED @ https://faro-collector-ops-eu-south-0.grafana-ops.net/collect/bc03dd0f2a088059ae67a23bc296a26d:0
[ 3560199ms] [ERROR] Failed to load resource: net::ERR_INTERNET_DISCONNECTED @ https://faro-collector-ops-eu-south-0.grafana-ops.net/collect/bc03dd0f2a088059ae67a23bc296a26d:0
[ 3561973ms] [ERROR] WebSocket connection to 'wss://devfedb13.grafana.net/api/live/ws' failed: Error in connection establishment: net::ERR_INTERNET_DISCONNECTED @ https://grafana-assets.grafana.net/grafana/13.2.0-30616302309/public/build/3788-react19.93988d65f50992991cc7.js:291
[ 3562609ms] [ERROR] WebSocket connection to 'wss://devfedb13.grafana.net/api/live/ws' failed: Error in connection establishment: net::ERR_INTERNET_DISCONNECTED @ https://grafana-assets.grafana.net/grafana/13.2.0-30616302309/public/build/3788-react19.93988d65f50992991cc7.js:291
[ 3564967ms] [ERROR] WebSocket connection to 'wss://devfedb13.grafana.net/api/live/ws' failed: Error in connection establishment: net::ERR_INTERNET_DISCONNECTED @ https://grafana-assets.grafana.net/grafana/13.2.0-30616302309/public/build/3788-react19.93988d65f50992991cc7.js:291
[ 3564977ms] [ERROR] Failed to load resource: net::ERR_INTERNET_DISCONNECTED @ https://devfedb13.grafana.net/api/login/ping:0
[ 3565113ms] [ERROR] Failed to load resource: net::ERR_INTERNET_DISCONNECTED @ https://faro-collector-ops-eu-south-0.grafana-ops.net/collect/2aaaae17b963ac219cd6e23a4850f00e:0
[ 3565116ms] [ERROR] Failed to load resource: net::ERR_INTERNET_DISCONNECTED @ https://faro-collector-ops-eu-south-0.grafana-ops.net/collect/2aaaae17b963ac219cd6e23a4850f00e:0
[ 3565116ms] [ERROR] Faro
 @grafana/faro-web-sdk:transport-fetch
 Failed sending payload to the receiver
 {meta: Object, events: Array(1)} TypeError: Failed to fetch
    at https://grafana-assets.grafana.net/grafana/13.2.0-30616302309/public/build/1849-react19.2ac26fdddffdb4cf8597.js:177:52559
    at window.fetch (https://plugins-cdn.grafana.net/grafana-kowalski-app/1.64.0/public/plugins/grafana-kowalski-app/463.js?_cache=1ed629a5641ef9c0de99:2:206687)
    at https://plugins-cdn.grafana.net/grafana-kowalski-app/1.64.0/public/plugins/grafana-kowalski-app/463.js?_cache=1ed629a5641ef9c0de99:2:336969
    at o.<computed>.o.<computed> (https://rsi.grafana.com/v1.1/js-integrations/Fullstory.min.js:1:5852)
    at Mr.<anonymous> (https://plugins-cdn.grafana.net/grafana-kowalski-app/1.64.0/public/plugins/grafana-kowalski-app/463.js?_cache=1ed629a5641ef9c0de99:2:268817)
    at Generator.throw (<anonymous>)
    at a (https://plugins-cdn.grafana.net/grafana-kowalski-app/1.64.0/public/plugins/grafana-kowalski-app/463.js?_cache=1ed629a5641ef9c0de99:2:264709) @ https://plugins-cdn.grafana.net/grafana-kowalski-app/1.64.0/public/plugins/grafana-kowalski-app/463.js?_cache=1ed629a5641ef9c0de99:1
[ 3566200ms] [ERROR] Failed to load resource: net::ERR_INTERNET_DISCONNECTED @ https://faro-collector-ops-eu-south-0.grafana-ops.net/collect/bc03dd0f2a088059ae67a23bc296a26d:0
[ 3566205ms] [ERROR] Failed to load resource: net::ERR_INTERNET_DISCONNECTED @ https://faro-collector-ops-eu-south-0.grafana-ops.net/collect/bc03dd0f2a088059ae67a23bc296a26d:0
[ 4247751ms] [ERROR] Failed to load resource: net::ERR_NETWORK_CHANGED @ https://devfedb13.grafana.net/api/plugin-proxy/grafana-kowalski-app/api-proxy/api/v1/app:0
[ 4247831ms] [ERROR] Failed to load resource: net::ERR_NAME_NOT_RESOLVED @ https://faro-collector-ops-eu-south-0.grafana-ops.net/collect/bc03dd0f2a088059ae67a23bc296a26d:0
[ 4247869ms] [ERROR] Failed to load resource: net::ERR_NAME_NOT_RESOLVED @ https://faro-collector-ops-eu-south-0.grafana-ops.net/collect/bc03dd0f2a088059ae67a23bc296a26d:0
[ 4247939ms] [ERROR] Failed to load resource: net::ERR_INTERNET_DISCONNECTED @ https://faro-collector-ops-eu-south-0.grafana-ops.net/collect/2aaaae17b963ac219cd6e23a4850f00e:0
[ 4247945ms] [ERROR] Failed to load resource: net::ERR_INTERNET_DISCONNECTED @ https://faro-collector-ops-eu-south-0.grafana-ops.net/collect/2aaaae17b963ac219cd6e23a4850f00e:0
[ 4247946ms] [ERROR] Faro
 @grafana/faro-web-sdk:transport-fetch
 Failed sending payload to the receiver
 {meta: Object, events: Array(1)} TypeError: Failed to fetch
    at https://grafana-assets.grafana.net/grafana/13.2.0-30616302309/public/build/1849-react19.2ac26fdddffdb4cf8597.js:177:52559
    at window.fetch (https://plugins-cdn.grafana.net/grafana-kowalski-app/1.64.0/public/plugins/grafana-kowalski-app/463.js?_cache=1ed629a5641ef9c0de99:2:206687)
    at https://plugins-cdn.grafana.net/grafana-kowalski-app/1.64.0/public/plugins/grafana-kowalski-app/463.js?_cache=1ed629a5641ef9c0de99:2:336969
    at o.<computed>.o.<computed> (https://rsi.grafana.com/v1.1/js-integrations/Fullstory.min.js:1:5852)
    at Mr.<anonymous> (https://plugins-cdn.grafana.net/grafana-kowalski-app/1.64.0/public/plugins/grafana-kowalski-app/463.js?_cache=1ed629a5641ef9c0de99:2:268817)
    at Generator.throw (<anonymous>)
    at a (https://plugins-cdn.grafana.net/grafana-kowalski-app/1.64.0/public/plugins/grafana-kowalski-app/463.js?_cache=1ed629a5641ef9c0de99:2:264709) @ https://plugins-cdn.grafana.net/grafana-kowalski-app/1.64.0/public/plugins/grafana-kowalski-app/463.js?_cache=1ed629a5641ef9c0de99:1
[ 4247959ms] [WARNING] WebSocket connection to 'wss://devfedb13.grafana.net/api/live/ws' failed: WebSocket is closed before the connection is established. @ https://grafana-assets.grafana.net/grafana/13.2.0-30616302309/public/build/3788-react19.93988d65f50992991cc7.js:291
[ 4249011ms] [ERROR] Failed to load resource: net::ERR_INTERNET_DISCONNECTED @ https://faro-collector-ops-eu-south-0.grafana-ops.net/collect/bc03dd0f2a088059ae67a23bc296a26d:0
[ 4249013ms] [ERROR] Failed to load resource: net::ERR_INTERNET_DISCONNECTED @ https://faro-collector-ops-eu-south-0.grafana-ops.net/collect/bc03dd0f2a088059ae67a23bc296a26d:0
[ 4251031ms] [ERROR] Failed to load resource: net::ERR_INTERNET_DISCONNECTED @ https://faro-collector-ops-eu-south-0.grafana-ops.net/collect/bc03dd0f2a088059ae67a23bc296a26d:0
[ 4251037ms] [ERROR] Failed to load resource: net::ERR_INTERNET_DISCONNECTED @ https://faro-collector-ops-eu-south-0.grafana-ops.net/collect/bc03dd0f2a088059ae67a23bc296a26d:0
[ 4254921ms] [ERROR] WebSocket connection to 'wss://devfedb13.grafana.net/api/live/ws' failed: HTTP Authentication failed; no valid credentials available @ https://grafana-assets.grafana.net/grafana/13.2.0-30616302309/public/build/3788-react19.93988d65f50992991cc7.js:291
[ 4255171ms] [ERROR] Failed to load resource: the server responded with a status of 401 () @ https://devfedb13.grafana.net/api/plugin-proxy/grafana-kowalski-app/api-proxy/api/v1/app:0
[ 4255200ms] [ERROR] Failed to load resource: the server responded with a status of 401 () @ https://devfedb13.grafana.net/api/login/ping:0
[ 4255799ms] [WARNING] SceneObject already has a parent set that is different from the new parent. You cannot share the same SceneObject instance in multiple scenes or in multiple different places of the same scene graph. Use SceneObject.clone() to duplicate a SceneObject or store a state key reference and use sceneGraph.findObject to locate it. u zv @ https://edge.fullstory.com/s/fs.js:1
[ 4255805ms] [ERROR] Faro
 Attempted to create a new user action while one is already running. This is not possible. @ https://plugins-cdn.grafana.net/grafana-kowalski-app/1.64.0/public/plugins/grafana-kowalski-app/463.js?_cache=1ed629a5641ef9c0de99:1
[ 4255881ms] [ERROR] Faro
 Attempted to create a new user action while one is already running. This is not possible. @ https://plugins-cdn.grafana.net/grafana-kowalski-app/1.64.0/public/plugins/grafana-kowalski-app/463.js?_cache=1ed629a5641ef9c0de99:1
[ 4255895ms] [WARNING] SceneObject already has a parent set that is different from the new parent. You cannot share the same SceneObject instance in multiple scenes or in multiple different places of the same scene graph. Use SceneObject.clone() to duplicate a SceneObject or store a state key reference and use sceneGraph.findObject to locate it. sr u @ https://edge.fullstory.com/s/fs.js:1
[ 4255895ms] [WARNING] SceneObject already has a parent set that is different from the new parent. You cannot share the same SceneObject instance in multiple scenes or in multiple different places of the same scene graph. Use SceneObject.clone() to duplicate a SceneObject or store a state key reference and use sceneGraph.findObject to locate it. d u @ https://edge.fullstory.com/s/fs.js:1
[ 4255895ms] [WARNING] SceneObject already has a parent set that is different from the new parent. You cannot share the same SceneObject instance in multiple scenes or in multiple different places of the same scene graph. Use SceneObject.clone() to duplicate a SceneObject or store a state key reference and use sceneGraph.findObject to locate it. d u @ https://edge.fullstory.com/s/fs.js:1
[ 4255895ms] [WARNING] SceneObject already has a parent set that is different from the new parent. You cannot share the same SceneObject instance in multiple scenes or in multiple different places of the same scene graph. Use SceneObject.clone() to duplicate a SceneObject or store a state key reference and use sceneGraph.findObject to locate it. d u @ https://edge.fullstory.com/s/fs.js:1
[ 4255896ms] [WARNING] SceneObject already has a parent set that is different from the new parent. You cannot share the same SceneObject instance in multiple scenes or in multiple different places of the same scene graph. Use SceneObject.clone() to duplicate a SceneObject or store a state key reference and use sceneGraph.findObject to locate it. HI u @ https://edge.fullstory.com/s/fs.js:1
[ 4255896ms] [WARNING] SceneObject already has a parent set that is different from the new parent. You cannot share the same SceneObject instance in multiple scenes or in multiple different places of the same scene graph. Use SceneObject.clone() to duplicate a SceneObject or store a state key reference and use sceneGraph.findObject to locate it. vt u @ https://edge.fullstory.com/s/fs.js:1
[ 4255897ms] [WARNING] SceneObject already has a parent set that is different from the new parent. You cannot share the same SceneObject instance in multiple scenes or in multiple different places of the same scene graph. Use SceneObject.clone() to duplicate a SceneObject or store a state key reference and use sceneGraph.findObject to locate it. c u @ https://edge.fullstory.com/s/fs.js:1
[ 4255897ms] [WARNING] SceneObject already has a parent set that is different from the new parent. You cannot share the same SceneObject instance in multiple scenes or in multiple different places of the same scene graph. Use SceneObject.clone() to duplicate a SceneObject or store a state key reference and use sceneGraph.findObject to locate it. c u @ https://edge.fullstory.com/s/fs.js:1
[ 4255898ms] [WARNING] SceneObject already has a parent set that is different from the new parent. You cannot share the same SceneObject instance in multiple scenes or in multiple different places of the same scene graph. Use SceneObject.clone() to duplicate a SceneObject or store a state key reference and use sceneGraph.findObject to locate it. NE u @ https://edge.fullstory.com/s/fs.js:1
[ 4255898ms] [WARNING] SceneObject already has a parent set that is different from the new parent. You cannot share the same SceneObject instance in multiple scenes or in multiple different places of the same scene graph. Use SceneObject.clone() to duplicate a SceneObject or store a state key reference and use sceneGraph.findObject to locate it. IE u @ https://edge.fullstory.com/s/fs.js:1
[ 4255898ms] [WARNING] SceneObject already has a parent set that is different from the new parent. You cannot share the same SceneObject instance in multiple scenes or in multiple different places of the same scene graph. Use SceneObject.clone() to duplicate a SceneObject or store a state key reference and use sceneGraph.findObject to locate it. c u @ https://edge.fullstory.com/s/fs.js:1
[ 4255899ms] [WARNING] SceneObject already has a parent set that is different from the new parent. You cannot share the same SceneObject instance in multiple scenes or in multiple different places of the same scene graph. Use SceneObject.clone() to duplicate a SceneObject or store a state key reference and use sceneGraph.findObject to locate it. c u @ https://edge.fullstory.com/s/fs.js:1
[ 4255899ms] [WARNING] SceneObject already has a parent set that is different from the new parent. You cannot share the same SceneObject instance in multiple scenes or in multiple different places of the same scene graph. Use SceneObject.clone() to duplicate a SceneObject or store a state key reference and use sceneGraph.findObject to locate it. c u @ https://edge.fullstory.com/s/fs.js:1
[ 4255899ms] [WARNING] SceneObject already has a parent set that is different from the new parent. You cannot share the same SceneObject instance in multiple scenes or in multiple different places of the same scene graph. Use SceneObject.clone() to duplicate a SceneObject or store a state key reference and use sceneGraph.findObject to locate it. c u @ https://edge.fullstory.com/s/fs.js:1
[ 4255899ms] [WARNING] SceneObject already has a parent set that is different from the new parent. You cannot share the same SceneObject instance in multiple scenes or in multiple different places of the same scene graph. Use SceneObject.clone() to duplicate a SceneObject or store a state key reference and use sceneGraph.findObject to locate it. c u @ https://edge.fullstory.com/s/fs.js:1
[ 4255899ms] [WARNING] SceneObject already has a parent set that is different from the new parent. You cannot share the same SceneObject instance in multiple scenes or in multiple different places of the same scene graph. Use SceneObject.clone() to duplicate a SceneObject or store a state key reference and use sceneGraph.findObject to locate it. c u @ https://edge.fullstory.com/s/fs.js:1
[ 4255899ms] [WARNING] SceneObject already has a parent set that is different from the new parent. You cannot share the same SceneObject instance in multiple scenes or in multiple different places of the same scene graph. Use SceneObject.clone() to duplicate a SceneObject or store a state key reference and use sceneGraph.findObject to locate it. c u @ https://edge.fullstory.com/s/fs.js:1
[ 4255900ms] [WARNING] SceneObject already has a parent set that is different from the new parent. You cannot share the same SceneObject instance in multiple scenes or in multiple different places of the same scene graph. Use SceneObject.clone() to duplicate a SceneObject or store a state key reference and use sceneGraph.findObject to locate it. c u @ https://edge.fullstory.com/s/fs.js:1
[ 4255900ms] [WARNING] SceneObject already has a parent set that is different from the new parent. You cannot share the same SceneObject instance in multiple scenes or in multiple different places of the same scene graph. Use SceneObject.clone() to duplicate a SceneObject or store a state key reference and use sceneGraph.findObject to locate it. c u @ https://edge.fullstory.com/s/fs.js:1
[ 4255900ms] [WARNING] SceneObject already has a parent set that is different from the new parent. You cannot share the same SceneObject instance in multiple scenes or in multiple different places of the same scene graph. Use SceneObject.clone() to duplicate a SceneObject or store a state key reference and use sceneGraph.findObject to locate it. c u @ https://edge.fullstory.com/s/fs.js:1
[ 4255900ms] [WARNING] SceneObject already has a parent set that is different from the new parent. You cannot share the same SceneObject instance in multiple scenes or in multiple different places of the same scene graph. Use SceneObject.clone() to duplicate a SceneObject or store a state key reference and use sceneGraph.findObject to locate it. c u @ https://edge.fullstory.com/s/fs.js:1
[ 4255900ms] [WARNING] SceneObject already has a parent set that is different from the new parent. You cannot share the same SceneObject instance in multiple scenes or in multiple different places of the same scene graph. Use SceneObject.clone() to duplicate a SceneObject or store a state key reference and use sceneGraph.findObject to locate it. c u @ https://edge.fullstory.com/s/fs.js:1
[ 4255900ms] [WARNING] SceneObject already has a parent set that is different from the new parent. You cannot share the same SceneObject instance in multiple scenes or in multiple different places of the same scene graph. Use SceneObject.clone() to duplicate a SceneObject or store a state key reference and use sceneGraph.findObject to locate it. c u @ https://edge.fullstory.com/s/fs.js:1
[ 4255900ms] [WARNING] SceneObject already has a parent set that is different from the new parent. You cannot share the same SceneObject instance in multiple scenes or in multiple different places of the same scene graph. Use SceneObject.clone() to duplicate a SceneObject or store a state key reference and use sceneGraph.findObject to locate it. c u @ https://edge.fullstory.com/s/fs.js:1
[ 4255902ms] [WARNING] SceneObject already has a parent set that is different from the new parent. You cannot share the same SceneObject instance in multiple scenes or in multiple different places of the same scene graph. Use SceneObject.clone() to duplicate a SceneObject or store a state key reference and use sceneGraph.findObject to locate it. c u @ https://edge.fullstory.com/s/fs.js:1
[ 4255902ms] [WARNING] SceneObject already has a parent set that is different from the new parent. You cannot share the same SceneObject instance in multiple scenes or in multiple different places of the same scene graph. Use SceneObject.clone() to duplicate a SceneObject or store a state key reference and use sceneGraph.findObject to locate it. c u @ https://edge.fullstory.com/s/fs.js:1
[ 4255902ms] [WARNING] SceneObject already has a parent set that is different from the new parent. You cannot share the same SceneObject instance in multiple scenes or in multiple different places of the same scene graph. Use SceneObject.clone() to duplicate a SceneObject or store a state key reference and use sceneGraph.findObject to locate it. c u @ https://edge.fullstory.com/s/fs.js:1
[ 4255904ms] [ERROR] Faro
 Attempted to create a new user action while one is already running. This is not possible. @ https://plugins-cdn.grafana.net/grafana-kowalski-app/1.64.0/public/plugins/grafana-kowalski-app/463.js?_cache=1ed629a5641ef9c0de99:1
[ 4255912ms] [WARNING] SceneObject already has a parent set that is different from the new parent. You cannot share the same SceneObject instance in multiple scenes or in multiple different places of the same scene graph. Use SceneObject.clone() to duplicate a SceneObject or store a state key reference and use sceneGraph.findObject to locate it. h y @ https://edge.fullstory.com/s/fs.js:1
[ 4255912ms] [WARNING] SceneObject already has a parent set that is different from the new parent. You cannot share the same SceneObject instance in multiple scenes or in multiple different places of the same scene graph. Use SceneObject.clone() to duplicate a SceneObject or store a state key reference and use sceneGraph.findObject to locate it. h y @ https://edge.fullstory.com/s/fs.js:1
[ 4255913ms] [WARNING] SceneObject already has a parent set that is different from the new parent. You cannot share the same SceneObject instance in multiple scenes or in multiple different places of the same scene graph. Use SceneObject.clone() to duplicate a SceneObject or store a state key reference and use sceneGraph.findObject to locate it. h y @ https://edge.fullstory.com/s/fs.js:1
[ 4255913ms] [WARNING] SceneObject already has a parent set that is different from the new parent. You cannot share the same SceneObject instance in multiple scenes or in multiple different places of the same scene graph. Use SceneObject.clone() to duplicate a SceneObject or store a state key reference and use sceneGraph.findObject to locate it. L y @ https://edge.fullstory.com/s/fs.js:1
[ 4255916ms] [WARNING] SceneObject already has a parent set that is different from the new parent. You cannot share the same SceneObject instance in multiple scenes or in multiple different places of the same scene graph. Use SceneObject.clone() to duplicate a SceneObject or store a state key reference and use sceneGraph.findObject to locate it. d u @ https://edge.fullstory.com/s/fs.js:1
[ 4968558ms] [ERROR] WebSocket connection to 'wss://devfedb13.grafana.net/api/live/ws' failed: Error in connection establishment: net::ERR_INTERNET_DISCONNECTED @ https://grafana-assets.grafana.net/grafana/13.2.0-30616302309/public/build/3788-react19.93988d65f50992991cc7.js:291
[ 4968566ms] [ERROR] Failed to load resource: net::ERR_INTERNET_DISCONNECTED @ https://devfedb13.grafana.net/api/login/ping:0
[ 4968653ms] [ERROR] Failed to load resource: net::ERR_INTERNET_DISCONNECTED @ https://faro-collector-ops-eu-south-0.grafana-ops.net/collect/2aaaae17b963ac219cd6e23a4850f00e:0
[ 4968656ms] [ERROR] Failed to load resource: net::ERR_INTERNET_DISCONNECTED @ https://faro-collector-ops-eu-south-0.grafana-ops.net/collect/2aaaae17b963ac219cd6e23a4850f00e:0
[ 4968656ms] [ERROR] Faro
 @grafana/faro-web-sdk:transport-fetch
 Failed sending payload to the receiver
 {meta: Object, events: Array(1)} TypeError: Failed to fetch
    at https://grafana-assets.grafana.net/grafana/13.2.0-30616302309/public/build/1849-react19.2ac26fdddffdb4cf8597.js:177:52559
    at window.fetch (https://plugins-cdn.grafana.net/grafana-kowalski-app/1.64.0/public/plugins/grafana-kowalski-app/463.js?_cache=1ed629a5641ef9c0de99:2:206687)
    at https://plugins-cdn.grafana.net/grafana-kowalski-app/1.64.0/public/plugins/grafana-kowalski-app/463.js?_cache=1ed629a5641ef9c0de99:2:336969
    at o.<computed>.o.<computed> (https://rsi.grafana.com/v1.1/js-integrations/Fullstory.min.js:1:5852)
    at Mr.<anonymous> (https://plugins-cdn.grafana.net/grafana-kowalski-app/1.64.0/public/plugins/grafana-kowalski-app/463.js?_cache=1ed629a5641ef9c0de99:2:268817)
    at Generator.throw (<anonymous>)
    at a (https://plugins-cdn.grafana.net/grafana-kowalski-app/1.64.0/public/plugins/grafana-kowalski-app/463.js?_cache=1ed629a5641ef9c0de99:2:264709) @ https://plugins-cdn.grafana.net/grafana-kowalski-app/1.64.0/public/plugins/grafana-kowalski-app/463.js?_cache=1ed629a5641ef9c0de99:1
[ 4969090ms] [ERROR] WebSocket connection to 'wss://devfedb13.grafana.net/api/live/ws' failed: Error in connection establishment: net::ERR_INTERNET_DISCONNECTED @ https://grafana-assets.grafana.net/grafana/13.2.0-30616302309/public/build/3788-react19.93988d65f50992991cc7.js:291
[ 4969238ms] [ERROR] Failed to load resource: net::ERR_INTERNET_DISCONNECTED @ https://faro-collector-ops-eu-south-0.grafana-ops.net/collect/bc03dd0f2a088059ae67a23bc296a26d:0
[ 4969261ms] [ERROR] Failed to load resource: net::ERR_INTERNET_DISCONNECTED @ https://faro-collector-ops-eu-south-0.grafana-ops.net/collect/bc03dd0f2a088059ae67a23bc296a26d:0
[ 4970682ms] [ERROR] WebSocket connection to 'wss://devfedb13.grafana.net/api/live/ws' failed: Error in connection establishment: net::ERR_INTERNET_DISCONNECTED @ https://grafana-assets.grafana.net/grafana/13.2.0-30616302309/public/build/3788-react19.93988d65f50992991cc7.js:291
[ 4971242ms] [ERROR] Failed to load resource: net::ERR_INTERNET_DISCONNECTED @ https://faro-collector-ops-eu-south-0.grafana-ops.net/collect/bc03dd0f2a088059ae67a23bc296a26d:0
[ 4971246ms] [ERROR] Failed to load resource: net::ERR_INTERNET_DISCONNECTED @ https://faro-collector-ops-eu-south-0.grafana-ops.net/collect/bc03dd0f2a088059ae67a23bc296a26d:0
[ 4971571ms] [ERROR] WebSocket connection to 'wss://devfedb13.grafana.net/api/live/ws' failed: Error in connection establishment: net::ERR_INTERNET_DISCONNECTED @ https://grafana-assets.grafana.net/grafana/13.2.0-30616302309/public/build/3788-react19.93988d65f50992991cc7.js:291
[ 4973000ms] [ERROR] Failed to load resource: net::ERR_INTERNET_DISCONNECTED @ https://rs.fullstory.com/rec/bundle/v2?OrgId=o-1CN5TD-na1&UserId=2cfceefd-14d1-402f-b042-9c7873884a3b&SessionId=9def421b-f219-401e-ae54-f86c3abfebdd&PageId=8997c70b-f040-4052-ba2b-918aab2efaea&Seq=5&ClientTime=1786138319739&CompiledVersion=f12d87c7e2a8c68a8f855cc16ce6a0e337dfc1da&PageStart=1786137603478&PrevBundleTime=1786137863726&LastActivity=716078&IsNewSession=true&ContentEncoding=gzip:0
[ 4973238ms] [ERROR] Failed to load resource: net::ERR_INTERNET_DISCONNECTED @ https://faro-collector-ops-eu-south-0.grafana-ops.net/collect/bc03dd0f2a088059ae67a23bc296a26d:0
[ 4973243ms] [ERROR] Failed to load resource: net::ERR_INTERNET_DISCONNECTED @ https://faro-collector-ops-eu-south-0.grafana-ops.net/collect/bc03dd0f2a088059ae67a23bc296a26d:0
[ 4975282ms] [ERROR] WebSocket connection to 'wss://devfedb13.grafana.net/api/live/ws' failed: HTTP Authentication failed; no valid credentials available @ https://grafana-assets.grafana.net/grafana/13.2.0-30616302309/public/build/3788-react19.93988d65f50992991cc7.js:291
[ 4975285ms] [ERROR] Failed to load resource: the server responded with a status of 401 () @ https://devfedb13.grafana.net/api/plugin-proxy/grafana-kowalski-app/api-proxy/api/v1/app:0
[ 4975552ms] [ERROR] Failed to load resource: the server responded with a status of 401 () @ https://devfedb13.grafana.net/api/login/ping:0
[ 4975837ms] [WARNING] SceneObject already has a parent set that is different from the new parent. You cannot share the same SceneObject instance in multiple scenes or in multiple different places of the same scene graph. Use SceneObject.clone() to duplicate a SceneObject or store a state key reference and use sceneGraph.findObject to locate it. u zv @ https://edge.fullstory.com/s/fs.js:1
[ 4975838ms] [ERROR] Faro
 Attempted to create a new user action while one is already running. This is not possible. @ https://plugins-cdn.grafana.net/grafana-kowalski-app/1.64.0/public/plugins/grafana-kowalski-app/463.js?_cache=1ed629a5641ef9c0de99:1
[ 4975848ms] [ERROR] Faro
 Attempted to create a new user action while one is already running. This is not possible. @ https://plugins-cdn.grafana.net/grafana-kowalski-app/1.64.0/public/plugins/grafana-kowalski-app/463.js?_cache=1ed629a5641ef9c0de99:1
[ 4975853ms] [WARNING] SceneObject already has a parent set that is different from the new parent. You cannot share the same SceneObject instance in multiple scenes or in multiple different places of the same scene graph. Use SceneObject.clone() to duplicate a SceneObject or store a state key reference and use sceneGraph.findObject to locate it. sr u @ https://edge.fullstory.com/s/fs.js:1
[ 4975853ms] [WARNING] SceneObject already has a parent set that is different from the new parent. You cannot share the same SceneObject instance in multiple scenes or in multiple different places of the same scene graph. Use SceneObject.clone() to duplicate a SceneObject or store a state key reference and use sceneGraph.findObject to locate it. d u @ https://edge.fullstory.com/s/fs.js:1
[ 4975853ms] [WARNING] SceneObject already has a parent set that is different from the new parent. You cannot share the same SceneObject instance in multiple scenes or in multiple different places of the same scene graph. Use SceneObject.clone() to duplicate a SceneObject or store a state key reference and use sceneGraph.findObject to locate it. d u @ https://edge.fullstory.com/s/fs.js:1
[ 4975853ms] [WARNING] SceneObject already has a parent set that is different from the new parent. You cannot share the same SceneObject instance in multiple scenes or in multiple different places of the same scene graph. Use SceneObject.clone() to duplicate a SceneObject or store a state key reference and use sceneGraph.findObject to locate it. d u @ https://edge.fullstory.com/s/fs.js:1
[ 4975854ms] [WARNING] SceneObject already has a parent set that is different from the new parent. You cannot share the same SceneObject instance in multiple scenes or in multiple different places of the same scene graph. Use SceneObject.clone() to duplicate a SceneObject or store a state key reference and use sceneGraph.findObject to locate it. HI u @ https://edge.fullstory.com/s/fs.js:1
[ 4975854ms] [WARNING] SceneObject already has a parent set that is different from the new parent. You cannot share the same SceneObject instance in multiple scenes or in multiple different places of the same scene graph. Use SceneObject.clone() to duplicate a SceneObject or store a state key reference and use sceneGraph.findObject to locate it. vt u @ https://edge.fullstory.com/s/fs.js:1
[ 4975855ms] [WARNING] SceneObject already has a parent set that is different from the new parent. You cannot share the same SceneObject instance in multiple scenes or in multiple different places of the same scene graph. Use SceneObject.clone() to duplicate a SceneObject or store a state key reference and use sceneGraph.findObject to locate it. c u @ https://edge.fullstory.com/s/fs.js:1
[ 4975855ms] [WARNING] SceneObject already has a parent set that is different from the new parent. You cannot share the same SceneObject instance in multiple scenes or in multiple different places of the same scene graph. Use SceneObject.clone() to duplicate a SceneObject or store a state key reference and use sceneGraph.findObject to locate it. c u @ https://edge.fullstory.com/s/fs.js:1
[ 4975855ms] [WARNING] SceneObject already has a parent set that is different from the new parent. You cannot share the same SceneObject instance in multiple scenes or in multiple different places of the same scene graph. Use SceneObject.clone() to duplicate a SceneObject or store a state key reference and use sceneGraph.findObject to locate it. NE u @ https://edge.fullstory.com/s/fs.js:1
[ 4975855ms] [WARNING] SceneObject already has a parent set that is different from the new parent. You cannot share the same SceneObject instance in multiple scenes or in multiple different places of the same scene graph. Use SceneObject.clone() to duplicate a SceneObject or store a state key reference and use sceneGraph.findObject to locate it. IE u @ https://edge.fullstory.com/s/fs.js:1
[ 4975855ms] [WARNING] SceneObject already has a parent set that is different from the new parent. You cannot share the same SceneObject instance in multiple scenes or in multiple different places of the same scene graph. Use SceneObject.clone() to duplicate a SceneObject or store a state key reference and use sceneGraph.findObject to locate it. c u @ https://edge.fullstory.com/s/fs.js:1
[ 4975855ms] [WARNING] SceneObject already has a parent set that is different from the new parent. You cannot share the same SceneObject instance in multiple scenes or in multiple different places of the same scene graph. Use SceneObject.clone() to duplicate a SceneObject or store a state key reference and use sceneGraph.findObject to locate it. c u @ https://edge.fullstory.com/s/fs.js:1
[ 4975855ms] [WARNING] SceneObject already has a parent set that is different from the new parent. You cannot share the same SceneObject instance in multiple scenes or in multiple different places of the same scene graph. Use SceneObject.clone() to duplicate a SceneObject or store a state key reference and use sceneGraph.findObject to locate it. c u @ https://edge.fullstory.com/s/fs.js:1
[ 4975856ms] [WARNING] SceneObject already has a parent set that is different from the new parent. You cannot share the same SceneObject instance in multiple scenes or in multiple different places of the same scene graph. Use SceneObject.clone() to duplicate a SceneObject or store a state key reference and use sceneGraph.findObject to locate it. c u @ https://edge.fullstory.com/s/fs.js:1
[ 4975856ms] [WARNING] SceneObject already has a parent set that is different from the new parent. You cannot share the same SceneObject instance in multiple scenes or in multiple different places of the same scene graph. Use SceneObject.clone() to duplicate a SceneObject or store a state key reference and use sceneGraph.findObject to locate it. c u @ https://edge.fullstory.com/s/fs.js:1
[ 4975856ms] [WARNING] SceneObject already has a parent set that is different from the new parent. You cannot share the same SceneObject instance in multiple scenes or in multiple different places of the same scene graph. Use SceneObject.clone() to duplicate a SceneObject or store a state key reference and use sceneGraph.findObject to locate it. c u @ https://edge.fullstory.com/s/fs.js:1
[ 4975856ms] [WARNING] SceneObject already has a parent set that is different from the new parent. You cannot share the same SceneObject instance in multiple scenes or in multiple different places of the same scene graph. Use SceneObject.clone() to duplicate a SceneObject or store a state key reference and use sceneGraph.findObject to locate it. c u @ https://edge.fullstory.com/s/fs.js:1
[ 4975856ms] [WARNING] SceneObject already has a parent set that is different from the new parent. You cannot share the same SceneObject instance in multiple scenes or in multiple different places of the same scene graph. Use SceneObject.clone() to duplicate a SceneObject or store a state key reference and use sceneGraph.findObject to locate it. c u @ https://edge.fullstory.com/s/fs.js:1
[ 4975856ms] [WARNING] SceneObject already has a parent set that is different from the new parent. You cannot share the same SceneObject instance in multiple scenes or in multiple different places of the same scene graph. Use SceneObject.clone() to duplicate a SceneObject or store a state key reference and use sceneGraph.findObject to locate it. c u @ https://edge.fullstory.com/s/fs.js:1
[ 4975856ms] [WARNING] SceneObject already has a parent set that is different from the new parent. You cannot share the same SceneObject instance in multiple scenes or in multiple different places of the same scene graph. Use SceneObject.clone() to duplicate a SceneObject or store a state key reference and use sceneGraph.findObject to locate it. c u @ https://edge.fullstory.com/s/fs.js:1
[ 4975856ms] [WARNING] SceneObject already has a parent set that is different from the new parent. You cannot share the same SceneObject instance in multiple scenes or in multiple different places of the same scene graph. Use SceneObject.clone() to duplicate a SceneObject or store a state key reference and use sceneGraph.findObject to locate it. c u @ https://edge.fullstory.com/s/fs.js:1
[ 4975856ms] [WARNING] SceneObject already has a parent set that is different from the new parent. You cannot share the same SceneObject instance in multiple scenes or in multiple different places of the same scene graph. Use SceneObject.clone() to duplicate a SceneObject or store a state key reference and use sceneGraph.findObject to locate it. c u @ https://edge.fullstory.com/s/fs.js:1
[ 4975857ms] [WARNING] SceneObject already has a parent set that is different from the new parent. You cannot share the same SceneObject instance in multiple scenes or in multiple different places of the same scene graph. Use SceneObject.clone() to duplicate a SceneObject or store a state key reference and use sceneGraph.findObject to locate it. c u @ https://edge.fullstory.com/s/fs.js:1
[ 4975857ms] [WARNING] SceneObject already has a parent set that is different from the new parent. You cannot share the same SceneObject instance in multiple scenes or in multiple different places of the same scene graph. Use SceneObject.clone() to duplicate a SceneObject or store a state key reference and use sceneGraph.findObject to locate it. c u @ https://edge.fullstory.com/s/fs.js:1
[ 4975857ms] [WARNING] SceneObject already has a parent set that is different from the new parent. You cannot share the same SceneObject instance in multiple scenes or in multiple different places of the same scene graph. Use SceneObject.clone() to duplicate a SceneObject or store a state key reference and use sceneGraph.findObject to locate it. c u @ https://edge.fullstory.com/s/fs.js:1
[ 4975857ms] [WARNING] SceneObject already has a parent set that is different from the new parent. You cannot share the same SceneObject instance in multiple scenes or in multiple different places of the same scene graph. Use SceneObject.clone() to duplicate a SceneObject or store a state key reference and use sceneGraph.findObject to locate it. c u @ https://edge.fullstory.com/s/fs.js:1
[ 4975857ms] [WARNING] SceneObject already has a parent set that is different from the new parent. You cannot share the same SceneObject instance in multiple scenes or in multiple different places of the same scene graph. Use SceneObject.clone() to duplicate a SceneObject or store a state key reference and use sceneGraph.findObject to locate it. c u @ https://edge.fullstory.com/s/fs.js:1
[ 4975858ms] [ERROR] Faro
 Attempted to create a new user action while one is already running. This is not possible. @ https://plugins-cdn.grafana.net/grafana-kowalski-app/1.64.0/public/plugins/grafana-kowalski-app/463.js?_cache=1ed629a5641ef9c0de99:1
[ 4975864ms] [WARNING] SceneObject already has a parent set that is different from the new parent. You cannot share the same SceneObject instance in multiple scenes or in multiple different places of the same scene graph. Use SceneObject.clone() to duplicate a SceneObject or store a state key reference and use sceneGraph.findObject to locate it. h y @ https://edge.fullstory.com/s/fs.js:1
[ 4975864ms] [WARNING] SceneObject already has a parent set that is different from the new parent. You cannot share the same SceneObject instance in multiple scenes or in multiple different places of the same scene graph. Use SceneObject.clone() to duplicate a SceneObject or store a state key reference and use sceneGraph.findObject to locate it. h y @ https://edge.fullstory.com/s/fs.js:1
[ 4975864ms] [WARNING] SceneObject already has a parent set that is different from the new parent. You cannot share the same SceneObject instance in multiple scenes or in multiple different places of the same scene graph. Use SceneObject.clone() to duplicate a SceneObject or store a state key reference and use sceneGraph.findObject to locate it. h y @ https://edge.fullstory.com/s/fs.js:1
[ 4975865ms] [WARNING] SceneObject already has a parent set that is different from the new parent. You cannot share the same SceneObject instance in multiple scenes or in multiple different places of the same scene graph. Use SceneObject.clone() to duplicate a SceneObject or store a state key reference and use sceneGraph.findObject to locate it. L y @ https://edge.fullstory.com/s/fs.js:1
[ 4975865ms] [WARNING] SceneObject already has a parent set that is different from the new parent. You cannot share the same SceneObject instance in multiple scenes or in multiple different places of the same scene graph. Use SceneObject.clone() to duplicate a SceneObject or store a state key reference and use sceneGraph.findObject to locate it. d u @ https://edge.fullstory.com/s/fs.js:1
[ 6869423ms] [ERROR] WebSocket connection to 'wss://devfedb13.grafana.net/api/live/ws' failed: Error in connection establishment: net::ERR_INTERNET_DISCONNECTED @ https://grafana-assets.grafana.net/grafana/13.2.0-30616302309/public/build/3788-react19.93988d65f50992991cc7.js:291
[ 6869429ms] [ERROR] Failed to load resource: net::ERR_INTERNET_DISCONNECTED @ https://devfedb13.grafana.net/api/login/ping:0
[ 6869660ms] [ERROR] Failed to load resource: net::ERR_INTERNET_DISCONNECTED @ https://faro-collector-ops-eu-south-0.grafana-ops.net/collect/2aaaae17b963ac219cd6e23a4850f00e:0
[ 6869662ms] [ERROR] Failed to load resource: net::ERR_INTERNET_DISCONNECTED @ https://faro-collector-ops-eu-south-0.grafana-ops.net/collect/2aaaae17b963ac219cd6e23a4850f00e:0
[ 6869663ms] [ERROR] Faro
 @grafana/faro-web-sdk:transport-fetch
 Failed sending payload to the receiver
 {meta: Object, events: Array(1)} TypeError: Failed to fetch
    at https://grafana-assets.grafana.net/grafana/13.2.0-30616302309/public/build/1849-react19.2ac26fdddffdb4cf8597.js:177:52559
    at window.fetch (https://plugins-cdn.grafana.net/grafana-kowalski-app/1.64.0/public/plugins/grafana-kowalski-app/463.js?_cache=1ed629a5641ef9c0de99:2:206687)
    at https://plugins-cdn.grafana.net/grafana-kowalski-app/1.64.0/public/plugins/grafana-kowalski-app/463.js?_cache=1ed629a5641ef9c0de99:2:336969
    at o.<computed>.o.<computed> (https://rsi.grafana.com/v1.1/js-integrations/Fullstory.min.js:1:5852)
    at Mr.<anonymous> (https://plugins-cdn.grafana.net/grafana-kowalski-app/1.64.0/public/plugins/grafana-kowalski-app/463.js?_cache=1ed629a5641ef9c0de99:2:268817)
    at Generator.throw (<anonymous>)
    at a (https://plugins-cdn.grafana.net/grafana-kowalski-app/1.64.0/public/plugins/grafana-kowalski-app/463.js?_cache=1ed629a5641ef9c0de99:2:264709) @ https://plugins-cdn.grafana.net/grafana-kowalski-app/1.64.0/public/plugins/grafana-kowalski-app/463.js?_cache=1ed629a5641ef9c0de99:1
[ 6869683ms] [ERROR] Failed to load resource: net::ERR_INTERNET_DISCONNECTED @ https://rs.fullstory.com/rec/bundle/v2?OrgId=o-1CN5TD-na1&UserId=2cfceefd-14d1-402f-b042-9c7873884a3b&SessionId=9def421b-f219-401e-ae54-f86c3abfebdd&PageId=8997c70b-f040-4052-ba2b-918aab2efaea&Seq=10&ClientTime=1786140216423&CompiledVersion=f12d87c7e2a8c68a8f855cc16ce6a0e337dfc1da&PageStart=1786137603478&PrevBundleTime=1786139085045&IsNewSession=true&SkipResponseBody=true:0
[ 6869685ms] [ERROR] Failed to load resource: net::ERR_INTERNET_DISCONNECTED @ https://rs.fullstory.com/rec/bundle/v2?OrgId=o-1CN5TD-na1&UserId=2cfceefd-14d1-402f-b042-9c7873884a3b&SessionId=9def421b-f219-401e-ae54-f86c3abfebdd&PageId=8997c70b-f040-4052-ba2b-918aab2efaea&Seq=10&ClientTime=1786140216425&CompiledVersion=f12d87c7e2a8c68a8f855cc16ce6a0e337dfc1da&PageStart=1786137603478&PrevBundleTime=1786139085045&LastActivity=2612762&IsNewSession=true&ContentEncoding=gzip:0
[ 6869958ms] [ERROR] WebSocket connection to 'wss://devfedb13.grafana.net/api/live/ws' failed: Error in connection establishment: net::ERR_INTERNET_DISCONNECTED @ https://grafana-assets.grafana.net/grafana/13.2.0-30616302309/public/build/3788-react19.93988d65f50992991cc7.js:291
[ 6870169ms] [ERROR] Failed to load resource: net::ERR_INTERNET_DISCONNECTED @ https://faro-collector-ops-eu-south-0.grafana-ops.net/collect/bc03dd0f2a088059ae67a23bc296a26d:0
[ 6870172ms] [ERROR] Failed to load resource: net::ERR_INTERNET_DISCONNECTED @ https://faro-collector-ops-eu-south-0.grafana-ops.net/collect/bc03dd0f2a088059ae67a23bc296a26d:0
[ 6871249ms] [ERROR] WebSocket connection to 'wss://devfedb13.grafana.net/api/live/ws' failed: Error in connection establishment: net::ERR_INTERNET_DISCONNECTED @ https://grafana-assets.grafana.net/grafana/13.2.0-30616302309/public/build/3788-react19.93988d65f50992991cc7.js:291
[ 6872171ms] [ERROR] Failed to load resource: net::ERR_INTERNET_DISCONNECTED @ https://faro-collector-ops-eu-south-0.grafana-ops.net/collect/bc03dd0f2a088059ae67a23bc296a26d:0
[ 6872174ms] [ERROR] Failed to load resource: net::ERR_INTERNET_DISCONNECTED @ https://faro-collector-ops-eu-south-0.grafana-ops.net/collect/bc03dd0f2a088059ae67a23bc296a26d:0
[ 6872262ms] [ERROR] WebSocket connection to 'wss://devfedb13.grafana.net/api/live/ws' failed: Error in connection establishment: net::ERR_INTERNET_DISCONNECTED @ https://grafana-assets.grafana.net/grafana/13.2.0-30616302309/public/build/3788-react19.93988d65f50992991cc7.js:291
[ 7778951ms] [ERROR] WebSocket connection to 'wss://devfedb13.grafana.net/api/live/ws' failed: Error in connection establishment: net::ERR_INTERNET_DISCONNECTED @ https://grafana-assets.grafana.net/grafana/13.2.0-30616302309/public/build/3788-react19.93988d65f50992991cc7.js:291
[ 7778964ms] [ERROR] Failed to load resource: net::ERR_INTERNET_DISCONNECTED @ https://devfedb13.grafana.net/api/login/ping:0
[ 7779155ms] [ERROR] Failed to load resource: net::ERR_INTERNET_DISCONNECTED @ https://faro-collector-ops-eu-south-0.grafana-ops.net/collect/2aaaae17b963ac219cd6e23a4850f00e:0
[ 7779156ms] [ERROR] Failed to load resource: net::ERR_INTERNET_DISCONNECTED @ https://faro-collector-ops-eu-south-0.grafana-ops.net/collect/2aaaae17b963ac219cd6e23a4850f00e:0
[ 7779156ms] [ERROR] Faro
 @grafana/faro-web-sdk:transport-fetch
 Failed sending payload to the receiver
 {meta: Object, events: Array(1)} TypeError: Failed to fetch
    at https://grafana-assets.grafana.net/grafana/13.2.0-30616302309/public/build/1849-react19.2ac26fdddffdb4cf8597.js:177:52559
    at window.fetch (https://plugins-cdn.grafana.net/grafana-kowalski-app/1.64.0/public/plugins/grafana-kowalski-app/463.js?_cache=1ed629a5641ef9c0de99:2:206687)
    at https://plugins-cdn.grafana.net/grafana-kowalski-app/1.64.0/public/plugins/grafana-kowalski-app/463.js?_cache=1ed629a5641ef9c0de99:2:336969
    at o.<computed>.o.<computed> (https://rsi.grafana.com/v1.1/js-integrations/Fullstory.min.js:1:5852)
    at Mr.<anonymous> (https://plugins-cdn.grafana.net/grafana-kowalski-app/1.64.0/public/plugins/grafana-kowalski-app/463.js?_cache=1ed629a5641ef9c0de99:2:268817)
    at Generator.throw (<anonymous>)
    at a (https://plugins-cdn.grafana.net/grafana-kowalski-app/1.64.0/public/plugins/grafana-kowalski-app/463.js?_cache=1ed629a5641ef9c0de99:2:264709) @ https://plugins-cdn.grafana.net/grafana-kowalski-app/1.64.0/public/plugins/grafana-kowalski-app/463.js?_cache=1ed629a5641ef9c0de99:1
[ 7779350ms] [ERROR] Failed to load resource: net::ERR_INTERNET_DISCONNECTED @ https://faro-collector-ops-eu-south-0.grafana-ops.net/collect/2aaaae17b963ac219cd6e23a4850f00e:0
[ 7779351ms] [ERROR] Failed to load resource: net::ERR_INTERNET_DISCONNECTED @ https://faro-collector-ops-eu-south-0.grafana-ops.net/collect/2aaaae17b963ac219cd6e23a4850f00e:0
[ 7779351ms] [ERROR] Faro
 @grafana/faro-web-sdk:transport-fetch
 Failed sending payload to the receiver
 {meta: Object, events: Array(1)} TypeError: Failed to fetch
    at https://grafana-assets.grafana.net/grafana/13.2.0-30616302309/public/build/1849-react19.2ac26fdddffdb4cf8597.js:177:52559
    at window.fetch (https://plugins-cdn.grafana.net/grafana-kowalski-app/1.64.0/public/plugins/grafana-kowalski-app/463.js?_cache=1ed629a5641ef9c0de99:2:206687)
    at https://plugins-cdn.grafana.net/grafana-kowalski-app/1.64.0/public/plugins/grafana-kowalski-app/463.js?_cache=1ed629a5641ef9c0de99:2:336969
    at o.<computed>.o.<computed> (https://rsi.grafana.com/v1.1/js-integrations/Fullstory.min.js:1:5852)
    at Mr.<anonymous> (https://plugins-cdn.grafana.net/grafana-kowalski-app/1.64.0/public/plugins/grafana-kowalski-app/463.js?_cache=1ed629a5641ef9c0de99:2:268817)
    at Generator.throw (<anonymous>)
    at a (https://plugins-cdn.grafana.net/grafana-kowalski-app/1.64.0/public/plugins/grafana-kowalski-app/463.js?_cache=1ed629a5641ef9c0de99:2:264709) @ https://plugins-cdn.grafana.net/grafana-kowalski-app/1.64.0/public/plugins/grafana-kowalski-app/463.js?_cache=1ed629a5641ef9c0de99:1
[ 7780934ms] [ERROR] Failed to load resource: net::ERR_INTERNET_DISCONNECTED @ https://faro-collector-ops-eu-south-0.grafana-ops.net/collect/bc03dd0f2a088059ae67a23bc296a26d:0
[ 7780935ms] [ERROR] Failed to load resource: net::ERR_INTERNET_DISCONNECTED @ https://faro-collector-ops-eu-south-0.grafana-ops.net/collect/bc03dd0f2a088059ae67a23bc296a26d:0
[ 8335765ms] [ERROR] WebSocket connection to 'wss://devfedb13.grafana.net/api/live/ws' failed: Error in connection establishment: net::ERR_INTERNET_DISCONNECTED @ https://grafana-assets.grafana.net/grafana/13.2.0-30616302309/public/build/3788-react19.93988d65f50992991cc7.js:291
[ 8335774ms] [ERROR] Failed to load resource: net::ERR_INTERNET_DISCONNECTED @ https://devfedb13.grafana.net/api/login/ping:0
[ 8335857ms] [ERROR] Failed to load resource: net::ERR_INTERNET_DISCONNECTED @ https://faro-collector-ops-eu-south-0.grafana-ops.net/collect/2aaaae17b963ac219cd6e23a4850f00e:0
[ 8335859ms] [ERROR] Failed to load resource: net::ERR_INTERNET_DISCONNECTED @ https://faro-collector-ops-eu-south-0.grafana-ops.net/collect/2aaaae17b963ac219cd6e23a4850f00e:0
[ 8335859ms] [ERROR] Faro
 @grafana/faro-web-sdk:transport-fetch
 Failed sending payload to the receiver
 {meta: Object, events: Array(1)} TypeError: Failed to fetch
    at https://grafana-assets.grafana.net/grafana/13.2.0-30616302309/public/build/1849-react19.2ac26fdddffdb4cf8597.js:177:52559
    at window.fetch (https://plugins-cdn.grafana.net/grafana-kowalski-app/1.64.0/public/plugins/grafana-kowalski-app/463.js?_cache=1ed629a5641ef9c0de99:2:206687)
    at https://plugins-cdn.grafana.net/grafana-kowalski-app/1.64.0/public/plugins/grafana-kowalski-app/463.js?_cache=1ed629a5641ef9c0de99:2:336969
    at o.<computed>.o.<computed> (https://rsi.grafana.com/v1.1/js-integrations/Fullstory.min.js:1:5852)
    at Mr.<anonymous> (https://plugins-cdn.grafana.net/grafana-kowalski-app/1.64.0/public/plugins/grafana-kowalski-app/463.js?_cache=1ed629a5641ef9c0de99:2:268817)
    at Generator.throw (<anonymous>)
    at a (https://plugins-cdn.grafana.net/grafana-kowalski-app/1.64.0/public/plugins/grafana-kowalski-app/463.js?_cache=1ed629a5641ef9c0de99:2:264709) @ https://plugins-cdn.grafana.net/grafana-kowalski-app/1.64.0/public/plugins/grafana-kowalski-app/463.js?_cache=1ed629a5641ef9c0de99:1
[ 8336116ms] [ERROR] Failed to load resource: net::ERR_INTERNET_DISCONNECTED @ https://faro-collector-ops-eu-south-0.grafana-ops.net/collect/2aaaae17b963ac219cd6e23a4850f00e:0
[ 8336117ms] [ERROR] Faro
 @grafana/faro-web-sdk:transport-fetch
 Failed sending payload to the receiver
 {meta: Object, events: Array(3)} TypeError: Failed to fetch
    at https://grafana-assets.grafana.net/grafana/13.2.0-30616302309/public/build/1849-react19.2ac26fdddffdb4cf8597.js:177:52559
    at window.fetch (https://plugins-cdn.grafana.net/grafana-kowalski-app/1.64.0/public/plugins/grafana-kowalski-app/463.js?_cache=1ed629a5641ef9c0de99:2:206687)
    at https://plugins-cdn.grafana.net/grafana-kowalski-app/1.64.0/public/plugins/grafana-kowalski-app/463.js?_cache=1ed629a5641ef9c0de99:2:336969
    at o.<computed>.o.<computed> (https://rsi.grafana.com/v1.1/js-integrations/Fullstory.min.js:1:5852)
    at Mr.<anonymous> (https://plugins-cdn.grafana.net/grafana-kowalski-app/1.64.0/public/plugins/grafana-kowalski-app/463.js?_cache=1ed629a5641ef9c0de99:2:268575)
    at Generator.next (<anonymous>)
    at https://plugins-cdn.grafana.net/grafana-kowalski-app/1.64.0/public/plugins/grafana-kowalski-app/463.js?_cache=1ed629a5641ef9c0de99:2:264856
    at new Promise (<anonymous>)
    at Tr (https://plugins-cdn.grafana.net/grafana-kowalski-app/1.64.0/public/plugins/grafana-kowalski-app/463.js?_cache=1ed629a5641ef9c0de99:2:264601)
    at Mr.fetchWithKeepaliveRetry (https://plugins-cdn.grafana.net/grafana-kowalski-app/1.64.0/public/plugins/grafana-kowalski-app/463.js?_cache=1ed629a5641ef9c0de99:2:268487) @ https://plugins-cdn.grafana.net/grafana-kowalski-app/1.64.0/public/plugins/grafana-kowalski-app/463.js?_cache=1ed629a5641ef9c0de99:1
[ 8336667ms] [ERROR] Failed to load resource: net::ERR_INTERNET_DISCONNECTED @ https://faro-collector-ops-eu-south-0.grafana-ops.net/collect/bc03dd0f2a088059ae67a23bc296a26d:0
[ 8336670ms] [ERROR] Failed to load resource: net::ERR_INTERNET_DISCONNECTED @ https://faro-collector-ops-eu-south-0.grafana-ops.net/collect/bc03dd0f2a088059ae67a23bc296a26d:0
[ 8338666ms] [ERROR] Failed to load resource: net::ERR_INTERNET_DISCONNECTED @ https://faro-collector-ops-eu-south-0.grafana-ops.net/collect/bc03dd0f2a088059ae67a23bc296a26d:0
[ 8338671ms] [ERROR] Failed to load resource: net::ERR_INTERNET_DISCONNECTED @ https://faro-collector-ops-eu-south-0.grafana-ops.net/collect/bc03dd0f2a088059ae67a23bc296a26d:0
[ 8343081ms] [ERROR] Failed to load resource: net::ERR_INTERNET_DISCONNECTED @ https://faro-collector-ops-eu-south-0.grafana-ops.net/collect/2aaaae17b963ac219cd6e23a4850f00e:0
[ 8343086ms] [ERROR] Failed to load resource: net::ERR_INTERNET_DISCONNECTED @ https://faro-collector-ops-eu-south-0.grafana-ops.net/collect/2aaaae17b963ac219cd6e23a4850f00e:0
[ 8343086ms] [ERROR] Faro
 @grafana/faro-web-sdk:transport-fetch
 Failed sending payload to the receiver
 {meta: Object, events: Array(1)} TypeError: Failed to fetch
    at https://grafana-assets.grafana.net/grafana/13.2.0-30616302309/public/build/1849-react19.2ac26fdddffdb4cf8597.js:177:52559
    at window.fetch (https://plugins-cdn.grafana.net/grafana-kowalski-app/1.64.0/public/plugins/grafana-kowalski-app/463.js?_cache=1ed629a5641ef9c0de99:2:206687)
    at https://plugins-cdn.grafana.net/grafana-kowalski-app/1.64.0/public/plugins/grafana-kowalski-app/463.js?_cache=1ed629a5641ef9c0de99:2:336969
    at o.<computed>.o.<computed> (https://rsi.grafana.com/v1.1/js-integrations/Fullstory.min.js:1:5852)
    at Mr.<anonymous> (https://plugins-cdn.grafana.net/grafana-kowalski-app/1.64.0/public/plugins/grafana-kowalski-app/463.js?_cache=1ed629a5641ef9c0de99:2:268817)
    at Generator.throw (<anonymous>)
    at a (https://plugins-cdn.grafana.net/grafana-kowalski-app/1.64.0/public/plugins/grafana-kowalski-app/463.js?_cache=1ed629a5641ef9c0de99:2:264709) @ https://plugins-cdn.grafana.net/grafana-kowalski-app/1.64.0/public/plugins/grafana-kowalski-app/463.js?_cache=1ed629a5641ef9c0de99:1
[ 9406777ms] [ERROR] WebSocket connection to 'wss://devfedb13.grafana.net/api/live/ws' failed: Error in connection establishment: net::ERR_INTERNET_DISCONNECTED @ https://grafana-assets.grafana.net/grafana/13.2.0-30616302309/public/build/3788-react19.93988d65f50992991cc7.js:291
[ 9406781ms] [ERROR] Failed to load resource: net::ERR_INTERNET_DISCONNECTED @ https://devfedb13.grafana.net/api/login/ping:0
[ 9406875ms] [ERROR] Failed to load resource: net::ERR_INTERNET_DISCONNECTED @ https://faro-collector-ops-eu-south-0.grafana-ops.net/collect/bc03dd0f2a088059ae67a23bc296a26d:0
[ 9406877ms] [ERROR] Failed to load resource: net::ERR_INTERNET_DISCONNECTED @ https://faro-collector-ops-eu-south-0.grafana-ops.net/collect/bc03dd0f2a088059ae67a23bc296a26d:0
[ 9407040ms] [ERROR] Failed to load resource: net::ERR_INTERNET_DISCONNECTED @ https://faro-collector-ops-eu-south-0.grafana-ops.net/collect/2aaaae17b963ac219cd6e23a4850f00e:0
[ 9407047ms] [ERROR] Faro
 @grafana/faro-web-sdk:transport-fetch
 Failed sending payload to the receiver
 {meta: Object, events: Array(4)} TypeError: Failed to fetch
    at https://grafana-assets.grafana.net/grafana/13.2.0-30616302309/public/build/1849-react19.2ac26fdddffdb4cf8597.js:177:52559
    at window.fetch (https://plugins-cdn.grafana.net/grafana-kowalski-app/1.64.0/public/plugins/grafana-kowalski-app/463.js?_cache=1ed629a5641ef9c0de99:2:206687)
    at https://plugins-cdn.grafana.net/grafana-kowalski-app/1.64.0/public/plugins/grafana-kowalski-app/463.js?_cache=1ed629a5641ef9c0de99:2:336969
    at o.<computed>.o.<computed> (https://rsi.grafana.com/v1.1/js-integrations/Fullstory.min.js:1:5852)
    at Mr.<anonymous> (https://plugins-cdn.grafana.net/grafana-kowalski-app/1.64.0/public/plugins/grafana-kowalski-app/463.js?_cache=1ed629a5641ef9c0de99:2:268575)
    at Generator.next (<anonymous>)
    at https://plugins-cdn.grafana.net/grafana-kowalski-app/1.64.0/public/plugins/grafana-kowalski-app/463.js?_cache=1ed629a5641ef9c0de99:2:264856
    at new Promise (<anonymous>)
    at Tr (https://plugins-cdn.grafana.net/grafana-kowalski-app/1.64.0/public/plugins/grafana-kowalski-app/463.js?_cache=1ed629a5641ef9c0de99:2:264601)
    at Mr.fetchWithKeepaliveRetry (https://plugins-cdn.grafana.net/grafana-kowalski-app/1.64.0/public/plugins/grafana-kowalski-app/463.js?_cache=1ed629a5641ef9c0de99:2:268487) @ https://plugins-cdn.grafana.net/grafana-kowalski-app/1.64.0/public/plugins/grafana-kowalski-app/463.js?_cache=1ed629a5641ef9c0de99:1
[ 9408841ms] [ERROR] Failed to load resource: net::ERR_INTERNET_DISCONNECTED @ https://faro-collector-ops-eu-south-0.grafana-ops.net/collect/bc03dd0f2a088059ae67a23bc296a26d:0
[ 9408844ms] [ERROR] Failed to load resource: net::ERR_INTERNET_DISCONNECTED @ https://faro-collector-ops-eu-south-0.grafana-ops.net/collect/bc03dd0f2a088059ae67a23bc296a26d:0
[ 9786612ms] [ERROR] Failed to load resource: net::ERR_INTERNET_DISCONNECTED @ https://faro-collector-ops-eu-south-0.grafana-ops.net/collect/2aaaae17b963ac219cd6e23a4850f00e:0
[ 9786613ms] [ERROR] Faro
 @grafana/faro-web-sdk:transport-fetch
 Failed sending payload to the receiver
 {meta: Object, events: Array(3)} TypeError: Failed to fetch
    at https://grafana-assets.grafana.net/grafana/13.2.0-30616302309/public/build/1849-react19.2ac26fdddffdb4cf8597.js:177:52559
    at window.fetch (https://plugins-cdn.grafana.net/grafana-kowalski-app/1.64.0/public/plugins/grafana-kowalski-app/463.js?_cache=1ed629a5641ef9c0de99:2:206687)
    at https://plugins-cdn.grafana.net/grafana-kowalski-app/1.64.0/public/plugins/grafana-kowalski-app/463.js?_cache=1ed629a5641ef9c0de99:2:336969
    at o.<computed>.o.<computed> (https://rsi.grafana.com/v1.1/js-integrations/Fullstory.min.js:1:5852)
    at Mr.<anonymous> (https://plugins-cdn.grafana.net/grafana-kowalski-app/1.64.0/public/plugins/grafana-kowalski-app/463.js?_cache=1ed629a5641ef9c0de99:2:268575)
    at Generator.next (<anonymous>)
    at https://plugins-cdn.grafana.net/grafana-kowalski-app/1.64.0/public/plugins/grafana-kowalski-app/463.js?_cache=1ed629a5641ef9c0de99:2:264856
    at new Promise (<anonymous>)
    at Tr (https://plugins-cdn.grafana.net/grafana-kowalski-app/1.64.0/public/plugins/grafana-kowalski-app/463.js?_cache=1ed629a5641ef9c0de99:2:264601)
    at Mr.fetchWithKeepaliveRetry (https://plugins-cdn.grafana.net/grafana-kowalski-app/1.64.0/public/plugins/grafana-kowalski-app/463.js?_cache=1ed629a5641ef9c0de99:2:268487) @ https://plugins-cdn.grafana.net/grafana-kowalski-app/1.64.0/public/plugins/grafana-kowalski-app/463.js?_cache=1ed629a5641ef9c0de99:1
[ 9792819ms] [ERROR] WebSocket connection to 'wss://devfedb13.grafana.net/api/live/ws' failed: Error in connection establishment: net::ERR_INTERNET_DISCONNECTED @ https://grafana-assets.grafana.net/grafana/13.2.0-30616302309/public/build/3788-react19.93988d65f50992991cc7.js:291
[ 9792829ms] [ERROR] Failed to load resource: net::ERR_INTERNET_DISCONNECTED @ https://devfedb13.grafana.net/api/login/ping:0
[ 9792857ms] [ERROR] Failed to load resource: net::ERR_INTERNET_DISCONNECTED @ https://faro-collector-ops-eu-south-0.grafana-ops.net/collect/2aaaae17b963ac219cd6e23a4850f00e:0
[ 9792859ms] [ERROR] Failed to load resource: net::ERR_INTERNET_DISCONNECTED @ https://faro-collector-ops-eu-south-0.grafana-ops.net/collect/2aaaae17b963ac219cd6e23a4850f00e:0
[ 9792859ms] [ERROR] Faro
 @grafana/faro-web-sdk:transport-fetch
 Failed sending payload to the receiver
 {meta: Object, events: Array(1)} TypeError: Failed to fetch
    at https://grafana-assets.grafana.net/grafana/13.2.0-30616302309/public/build/1849-react19.2ac26fdddffdb4cf8597.js:177:52559
    at window.fetch (https://plugins-cdn.grafana.net/grafana-kowalski-app/1.64.0/public/plugins/grafana-kowalski-app/463.js?_cache=1ed629a5641ef9c0de99:2:206687)
    at https://plugins-cdn.grafana.net/grafana-kowalski-app/1.64.0/public/plugins/grafana-kowalski-app/463.js?_cache=1ed629a5641ef9c0de99:2:336969
    at o.<computed>.o.<computed> (https://rsi.grafana.com/v1.1/js-integrations/Fullstory.min.js:1:5852)
    at Mr.<anonymous> (https://plugins-cdn.grafana.net/grafana-kowalski-app/1.64.0/public/plugins/grafana-kowalski-app/463.js?_cache=1ed629a5641ef9c0de99:2:268817)
    at Generator.throw (<anonymous>)
    at a (https://plugins-cdn.grafana.net/grafana-kowalski-app/1.64.0/public/plugins/grafana-kowalski-app/463.js?_cache=1ed629a5641ef9c0de99:2:264709) @ https://plugins-cdn.grafana.net/grafana-kowalski-app/1.64.0/public/plugins/grafana-kowalski-app/463.js?_cache=1ed629a5641ef9c0de99:1
[ 9793100ms] [ERROR] Failed to load resource: net::ERR_INTERNET_DISCONNECTED @ https://faro-collector-ops-eu-south-0.grafana-ops.net/collect/2aaaae17b963ac219cd6e23a4850f00e:0
[ 9793102ms] [ERROR] Failed to load resource: net::ERR_INTERNET_DISCONNECTED @ https://faro-collector-ops-eu-south-0.grafana-ops.net/collect/2aaaae17b963ac219cd6e23a4850f00e:0
[ 9793102ms] [ERROR] Faro
 @grafana/faro-web-sdk:transport-fetch
 Failed sending payload to the receiver
 {meta: Object, events: Array(1)} TypeError: Failed to fetch
    at https://grafana-assets.grafana.net/grafana/13.2.0-30616302309/public/build/1849-react19.2ac26fdddffdb4cf8597.js:177:52559
    at window.fetch (https://plugins-cdn.grafana.net/grafana-kowalski-app/1.64.0/public/plugins/grafana-kowalski-app/463.js?_cache=1ed629a5641ef9c0de99:2:206687)
    at https://plugins-cdn.grafana.net/grafana-kowalski-app/1.64.0/public/plugins/grafana-kowalski-app/463.js?_cache=1ed629a5641ef9c0de99:2:336969
    at o.<computed>.o.<computed> (https://rsi.grafana.com/v1.1/js-integrations/Fullstory.min.js:1:5852)
    at Mr.<anonymous> (https://plugins-cdn.grafana.net/grafana-kowalski-app/1.64.0/public/plugins/grafana-kowalski-app/463.js?_cache=1ed629a5641ef9c0de99:2:268817)
    at Generator.throw (<anonymous>)
    at a (https://plugins-cdn.grafana.net/grafana-kowalski-app/1.64.0/public/plugins/grafana-kowalski-app/463.js?_cache=1ed629a5641ef9c0de99:2:264709) @ https://plugins-cdn.grafana.net/grafana-kowalski-app/1.64.0/public/plugins/grafana-kowalski-app/463.js?_cache=1ed629a5641ef9c0de99:1
[ 9793436ms] [ERROR] Failed to load resource: net::ERR_INTERNET_DISCONNECTED @ https://faro-collector-ops-eu-south-0.grafana-ops.net/collect/bc03dd0f2a088059ae67a23bc296a26d:0
[ 9793440ms] [ERROR] Failed to load resource: net::ERR_INTERNET_DISCONNECTED @ https://faro-collector-ops-eu-south-0.grafana-ops.net/collect/bc03dd0f2a088059ae67a23bc296a26d:0
[ 9795437ms] [ERROR] Failed to load resource: net::ERR_INTERNET_DISCONNECTED @ https://faro-collector-ops-eu-south-0.grafana-ops.net/collect/bc03dd0f2a088059ae67a23bc296a26d:0
[ 9795441ms] [ERROR] Failed to load resource: net::ERR_INTERNET_DISCONNECTED @ https://faro-collector-ops-eu-south-0.grafana-ops.net/collect/bc03dd0f2a088059ae67a23bc296a26d:0
[10868840ms] [ERROR] Failed to load resource: net::ERR_INTERNET_DISCONNECTED @ https://faro-collector-ops-eu-south-0.grafana-ops.net/collect/2aaaae17b963ac219cd6e23a4850f00e:0
[10868843ms] [ERROR] Faro
 @grafana/faro-web-sdk:transport-fetch
 Failed sending payload to the receiver
 {meta: Object, events: Array(3)} TypeError: Failed to fetch
    at https://grafana-assets.grafana.net/grafana/13.2.0-30616302309/public/build/1849-react19.2ac26fdddffdb4cf8597.js:177:52559
    at window.fetch (https://plugins-cdn.grafana.net/grafana-kowalski-app/1.64.0/public/plugins/grafana-kowalski-app/463.js?_cache=1ed629a5641ef9c0de99:2:206687)
    at https://plugins-cdn.grafana.net/grafana-kowalski-app/1.64.0/public/plugins/grafana-kowalski-app/463.js?_cache=1ed629a5641ef9c0de99:2:336969
    at o.<computed>.o.<computed> (https://rsi.grafana.com/v1.1/js-integrations/Fullstory.min.js:1:5852)
    at Mr.<anonymous> (https://plugins-cdn.grafana.net/grafana-kowalski-app/1.64.0/public/plugins/grafana-kowalski-app/463.js?_cache=1ed629a5641ef9c0de99:2:268575)
    at Generator.next (<anonymous>)
    at https://plugins-cdn.grafana.net/grafana-kowalski-app/1.64.0/public/plugins/grafana-kowalski-app/463.js?_cache=1ed629a5641ef9c0de99:2:264856
    at new Promise (<anonymous>)
    at Tr (https://plugins-cdn.grafana.net/grafana-kowalski-app/1.64.0/public/plugins/grafana-kowalski-app/463.js?_cache=1ed629a5641ef9c0de99:2:264601)
    at Mr.fetchWithKeepaliveRetry (https://plugins-cdn.grafana.net/grafana-kowalski-app/1.64.0/public/plugins/grafana-kowalski-app/463.js?_cache=1ed629a5641ef9c0de99:2:268487) @ https://plugins-cdn.grafana.net/grafana-kowalski-app/1.64.0/public/plugins/grafana-kowalski-app/463.js?_cache=1ed629a5641ef9c0de99:1
[10926159ms] [ERROR] WebSocket connection to 'wss://devfedb13.grafana.net/api/live/ws' failed: HTTP Authentication failed; no valid credentials available @ https://grafana-assets.grafana.net/grafana/13.2.0-30616302309/public/build/3788-react19.93988d65f50992991cc7.js:291
[10926496ms] [ERROR] Failed to load resource: the server responded with a status of 401 () @ https://devfedb13.grafana.net/api/login/ping:0
[10926498ms] [ERROR] Failed to load resource: the server responded with a status of 401 () @ https://devfedb13.grafana.net/api/plugin-proxy/grafana-kowalski-app/api-proxy/api/v1/app:0
[10926958ms] [WARNING] SceneObject already has a parent set that is different from the new parent. You cannot share the same SceneObject instance in multiple scenes or in multiple different places of the same scene graph. Use SceneObject.clone() to duplicate a SceneObject or store a state key reference and use sceneGraph.findObject to locate it. u zv @ https://edge.fullstory.com/s/fs.js:1
[10926961ms] [ERROR] Faro
 Attempted to create a new user action while one is already running. This is not possible. @ https://plugins-cdn.grafana.net/grafana-kowalski-app/1.64.0/public/plugins/grafana-kowalski-app/463.js?_cache=1ed629a5641ef9c0de99:1
[10926993ms] [ERROR] Faro
 Attempted to create a new user action while one is already running. This is not possible. @ https://plugins-cdn.grafana.net/grafana-kowalski-app/1.64.0/public/plugins/grafana-kowalski-app/463.js?_cache=1ed629a5641ef9c0de99:1
[10927006ms] [WARNING] SceneObject already has a parent set that is different from the new parent. You cannot share the same SceneObject instance in multiple scenes or in multiple different places of the same scene graph. Use SceneObject.clone() to duplicate a SceneObject or store a state key reference and use sceneGraph.findObject to locate it. sr u @ https://edge.fullstory.com/s/fs.js:1
[10927006ms] [WARNING] SceneObject already has a parent set that is different from the new parent. You cannot share the same SceneObject instance in multiple scenes or in multiple different places of the same scene graph. Use SceneObject.clone() to duplicate a SceneObject or store a state key reference and use sceneGraph.findObject to locate it. d u @ https://edge.fullstory.com/s/fs.js:1
[10927007ms] [WARNING] SceneObject already has a parent set that is different from the new parent. You cannot share the same SceneObject instance in multiple scenes or in multiple different places of the same scene graph. Use SceneObject.clone() to duplicate a SceneObject or store a state key reference and use sceneGraph.findObject to locate it. d u @ https://edge.fullstory.com/s/fs.js:1
[10927007ms] [WARNING] SceneObject already has a parent set that is different from the new parent. You cannot share the same SceneObject instance in multiple scenes or in multiple different places of the same scene graph. Use SceneObject.clone() to duplicate a SceneObject or store a state key reference and use sceneGraph.findObject to locate it. d u @ https://edge.fullstory.com/s/fs.js:1
[10927008ms] [WARNING] SceneObject already has a parent set that is different from the new parent. You cannot share the same SceneObject instance in multiple scenes or in multiple different places of the same scene graph. Use SceneObject.clone() to duplicate a SceneObject or store a state key reference and use sceneGraph.findObject to locate it. HI u @ https://edge.fullstory.com/s/fs.js:1
[10927008ms] [WARNING] SceneObject already has a parent set that is different from the new parent. You cannot share the same SceneObject instance in multiple scenes or in multiple different places of the same scene graph. Use SceneObject.clone() to duplicate a SceneObject or store a state key reference and use sceneGraph.findObject to locate it. vt u @ https://edge.fullstory.com/s/fs.js:1
[10927008ms] [WARNING] SceneObject already has a parent set that is different from the new parent. You cannot share the same SceneObject instance in multiple scenes or in multiple different places of the same scene graph. Use SceneObject.clone() to duplicate a SceneObject or store a state key reference and use sceneGraph.findObject to locate it. c u @ https://edge.fullstory.com/s/fs.js:1
[10927009ms] [WARNING] SceneObject already has a parent set that is different from the new parent. You cannot share the same SceneObject instance in multiple scenes or in multiple different places of the same scene graph. Use SceneObject.clone() to duplicate a SceneObject or store a state key reference and use sceneGraph.findObject to locate it. c u @ https://edge.fullstory.com/s/fs.js:1
[10927009ms] [WARNING] SceneObject already has a parent set that is different from the new parent. You cannot share the same SceneObject instance in multiple scenes or in multiple different places of the same scene graph. Use SceneObject.clone() to duplicate a SceneObject or store a state key reference and use sceneGraph.findObject to locate it. NE u @ https://edge.fullstory.com/s/fs.js:1
[10927010ms] [WARNING] SceneObject already has a parent set that is different from the new parent. You cannot share the same SceneObject instance in multiple scenes or in multiple different places of the same scene graph. Use SceneObject.clone() to duplicate a SceneObject or store a state key reference and use sceneGraph.findObject to locate it. IE u @ https://edge.fullstory.com/s/fs.js:1
[10927010ms] [WARNING] SceneObject already has a parent set that is different from the new parent. You cannot share the same SceneObject instance in multiple scenes or in multiple different places of the same scene graph. Use SceneObject.clone() to duplicate a SceneObject or store a state key reference and use sceneGraph.findObject to locate it. c u @ https://edge.fullstory.com/s/fs.js:1
[10927011ms] [WARNING] SceneObject already has a parent set that is different from the new parent. You cannot share the same SceneObject instance in multiple scenes or in multiple different places of the same scene graph. Use SceneObject.clone() to duplicate a SceneObject or store a state key reference and use sceneGraph.findObject to locate it. c u @ https://edge.fullstory.com/s/fs.js:1
[10927011ms] [WARNING] SceneObject already has a parent set that is different from the new parent. You cannot share the same SceneObject instance in multiple scenes or in multiple different places of the same scene graph. Use SceneObject.clone() to duplicate a SceneObject or store a state key reference and use sceneGraph.findObject to locate it. c u @ https://edge.fullstory.com/s/fs.js:1
[10927011ms] [WARNING] SceneObject already has a parent set that is different from the new parent. You cannot share the same SceneObject instance in multiple scenes or in multiple different places of the same scene graph. Use SceneObject.clone() to duplicate a SceneObject or store a state key reference and use sceneGraph.findObject to locate it. c u @ https://edge.fullstory.com/s/fs.js:1
[10927012ms] [WARNING] SceneObject already has a parent set that is different from the new parent. You cannot share the same SceneObject instance in multiple scenes or in multiple different places of the same scene graph. Use SceneObject.clone() to duplicate a SceneObject or store a state key reference and use sceneGraph.findObject to locate it. c u @ https://edge.fullstory.com/s/fs.js:1
[10927012ms] [WARNING] SceneObject already has a parent set that is different from the new parent. You cannot share the same SceneObject instance in multiple scenes or in multiple different places of the same scene graph. Use SceneObject.clone() to duplicate a SceneObject or store a state key reference and use sceneGraph.findObject to locate it. c u @ https://edge.fullstory.com/s/fs.js:1
[10927013ms] [WARNING] SceneObject already has a parent set that is different from the new parent. You cannot share the same SceneObject instance in multiple scenes or in multiple different places of the same scene graph. Use SceneObject.clone() to duplicate a SceneObject or store a state key reference and use sceneGraph.findObject to locate it. c u @ https://edge.fullstory.com/s/fs.js:1
[10927013ms] [WARNING] SceneObject already has a parent set that is different from the new parent. You cannot share the same SceneObject instance in multiple scenes or in multiple different places of the same scene graph. Use SceneObject.clone() to duplicate a SceneObject or store a state key reference and use sceneGraph.findObject to locate it. c u @ https://edge.fullstory.com/s/fs.js:1
[10927014ms] [WARNING] SceneObject already has a parent set that is different from the new parent. You cannot share the same SceneObject instance in multiple scenes or in multiple different places of the same scene graph. Use SceneObject.clone() to duplicate a SceneObject or store a state key reference and use sceneGraph.findObject to locate it. c u @ https://edge.fullstory.com/s/fs.js:1
[10927014ms] [WARNING] SceneObject already has a parent set that is different from the new parent. You cannot share the same SceneObject instance in multiple scenes or in multiple different places of the same scene graph. Use SceneObject.clone() to duplicate a SceneObject or store a state key reference and use sceneGraph.findObject to locate it. c u @ https://edge.fullstory.com/s/fs.js:1
[10927015ms] [WARNING] SceneObject already has a parent set that is different from the new parent. You cannot share the same SceneObject instance in multiple scenes or in multiple different places of the same scene graph. Use SceneObject.clone() to duplicate a SceneObject or store a state key reference and use sceneGraph.findObject to locate it. c u @ https://edge.fullstory.com/s/fs.js:1
[10927017ms] [WARNING] SceneObject already has a parent set that is different from the new parent. You cannot share the same SceneObject instance in multiple scenes or in multiple different places of the same scene graph. Use SceneObject.clone() to duplicate a SceneObject or store a state key reference and use sceneGraph.findObject to locate it. c u @ https://edge.fullstory.com/s/fs.js:1
[10927017ms] [WARNING] SceneObject already has a parent set that is different from the new parent. You cannot share the same SceneObject instance in multiple scenes or in multiple different places of the same scene graph. Use SceneObject.clone() to duplicate a SceneObject or store a state key reference and use sceneGraph.findObject to locate it. c u @ https://edge.fullstory.com/s/fs.js:1
[10927017ms] [WARNING] SceneObject already has a parent set that is different from the new parent. You cannot share the same SceneObject instance in multiple scenes or in multiple different places of the same scene graph. Use SceneObject.clone() to duplicate a SceneObject or store a state key reference and use sceneGraph.findObject to locate it. c u @ https://edge.fullstory.com/s/fs.js:1
[10927018ms] [WARNING] SceneObject already has a parent set that is different from the new parent. You cannot share the same SceneObject instance in multiple scenes or in multiple different places of the same scene graph. Use SceneObject.clone() to duplicate a SceneObject or store a state key reference and use sceneGraph.findObject to locate it. c u @ https://edge.fullstory.com/s/fs.js:1
[10927018ms] [WARNING] SceneObject already has a parent set that is different from the new parent. You cannot share the same SceneObject instance in multiple scenes or in multiple different places of the same scene graph. Use SceneObject.clone() to duplicate a SceneObject or store a state key reference and use sceneGraph.findObject to locate it. c u @ https://edge.fullstory.com/s/fs.js:1
[10927018ms] [WARNING] SceneObject already has a parent set that is different from the new parent. You cannot share the same SceneObject instance in multiple scenes or in multiple different places of the same scene graph. Use SceneObject.clone() to duplicate a SceneObject or store a state key reference and use sceneGraph.findObject to locate it. c u @ https://edge.fullstory.com/s/fs.js:1
[10927020ms] [ERROR] Faro
 Attempted to create a new user action while one is already running. This is not possible. @ https://plugins-cdn.grafana.net/grafana-kowalski-app/1.64.0/public/plugins/grafana-kowalski-app/463.js?_cache=1ed629a5641ef9c0de99:1
[10927034ms] [WARNING] SceneObject already has a parent set that is different from the new parent. You cannot share the same SceneObject instance in multiple scenes or in multiple different places of the same scene graph. Use SceneObject.clone() to duplicate a SceneObject or store a state key reference and use sceneGraph.findObject to locate it. h y @ https://edge.fullstory.com/s/fs.js:1
[10927035ms] [WARNING] SceneObject already has a parent set that is different from the new parent. You cannot share the same SceneObject instance in multiple scenes or in multiple different places of the same scene graph. Use SceneObject.clone() to duplicate a SceneObject or store a state key reference and use sceneGraph.findObject to locate it. h y @ https://edge.fullstory.com/s/fs.js:1
[10927035ms] [WARNING] SceneObject already has a parent set that is different from the new parent. You cannot share the same SceneObject instance in multiple scenes or in multiple different places of the same scene graph. Use SceneObject.clone() to duplicate a SceneObject or store a state key reference and use sceneGraph.findObject to locate it. h y @ https://edge.fullstory.com/s/fs.js:1
[10927036ms] [WARNING] SceneObject already has a parent set that is different from the new parent. You cannot share the same SceneObject instance in multiple scenes or in multiple different places of the same scene graph. Use SceneObject.clone() to duplicate a SceneObject or store a state key reference and use sceneGraph.findObject to locate it. L y @ https://edge.fullstory.com/s/fs.js:1
[10927039ms] [WARNING] SceneObject already has a parent set that is different from the new parent. You cannot share the same SceneObject instance in multiple scenes or in multiple different places of the same scene graph. Use SceneObject.clone() to duplicate a SceneObject or store a state key reference and use sceneGraph.findObject to locate it. d u @ https://edge.fullstory.com/s/fs.js:1
[11892190ms] [ERROR] Failed to load resource: net::ERR_NETWORK_CHANGED @ https://faro-collector-ops-eu-south-0.grafana-ops.net/collect/bc03dd0f2a088059ae67a23bc296a26d:0
[15207911ms] [WARNING] WebSocket connection to 'wss://devfedb13.grafana.net/api/live/ws' failed: WebSocket is closed before the connection is established. @ https://grafana-assets.grafana.net/grafana/13.2.0-30616302309/public/build/3788-react19.93988d65f50992991cc7.js:291
[15208434ms] [ERROR] Failed to load resource: the server responded with a status of 401 () @ https://devfedb13.grafana.net/api/login/ping:0
[17921935ms] [ERROR] WebSocket connection to 'wss://devfedb13.grafana.net/api/live/ws' failed: HTTP Authentication failed; no valid credentials available @ https://grafana-assets.grafana.net/grafana/13.2.0-30616302309/public/build/3788-react19.93988d65f50992991cc7.js:291
[17922402ms] [ERROR] Failed to load resource: the server responded with a status of 401 () @ https://devfedb13.grafana.net/api/login/ping:0
[18843320ms] [ERROR] Failed to load resource: net::ERR_NETWORK_CHANGED @ https://faro-collector-ops-eu-south-0.grafana-ops.net/collect/2aaaae17b963ac219cd6e23a4850f00e:0
[18843321ms] [ERROR] Faro
 @grafana/faro-web-sdk:transport-fetch
 Failed sending payload to the receiver
 {meta: Object, events: Array(3)} TypeError: Failed to fetch
    at https://grafana-assets.grafana.net/grafana/13.2.0-30616302309/public/build/1849-react19.2ac26fdddffdb4cf8597.js:177:52559
    at window.fetch (https://plugins-cdn.grafana.net/grafana-kowalski-app/1.64.0/public/plugins/grafana-kowalski-app/463.js?_cache=1ed629a5641ef9c0de99:2:206687)
    at https://plugins-cdn.grafana.net/grafana-kowalski-app/1.64.0/public/plugins/grafana-kowalski-app/463.js?_cache=1ed629a5641ef9c0de99:2:336969
    at o.<computed>.o.<computed> (https://rsi.grafana.com/v1.1/js-integrations/Fullstory.min.js:1:5852)
    at Mr.<anonymous> (https://plugins-cdn.grafana.net/grafana-kowalski-app/1.64.0/public/plugins/grafana-kowalski-app/463.js?_cache=1ed629a5641ef9c0de99:2:268575)
    at Generator.next (<anonymous>)
    at https://plugins-cdn.grafana.net/grafana-kowalski-app/1.64.0/public/plugins/grafana-kowalski-app/463.js?_cache=1ed629a5641ef9c0de99:2:264856
    at new Promise (<anonymous>)
    at Tr (https://plugins-cdn.grafana.net/grafana-kowalski-app/1.64.0/public/plugins/grafana-kowalski-app/463.js?_cache=1ed629a5641ef9c0de99:2:264601)
    at Mr.fetchWithKeepaliveRetry (https://plugins-cdn.grafana.net/grafana-kowalski-app/1.64.0/public/plugins/grafana-kowalski-app/463.js?_cache=1ed629a5641ef9c0de99:2:268487) @ https://plugins-cdn.grafana.net/grafana-kowalski-app/1.64.0/public/plugins/grafana-kowalski-app/463.js?_cache=1ed629a5641ef9c0de99:1
[18843322ms] [ERROR] Failed to load resource: net::ERR_NETWORK_CHANGED @ https://faro-collector-ops-eu-south-0.grafana-ops.net/collect/bc03dd0f2a088059ae67a23bc296a26d:0
[18843415ms] [ERROR] Failed to load resource: net::ERR_NETWORK_CHANGED @ https://faro-collector-ops-eu-south-0.grafana-ops.net/collect/bc03dd0f2a088059ae67a23bc296a26d:0
[23376045ms] [ERROR] WebSocket connection to 'wss://devfedb13.grafana.net/api/live/ws' failed: HTTP Authentication failed; no valid credentials available @ https://grafana-assets.grafana.net/grafana/13.2.0-30616302309/public/build/3788-react19.93988d65f50992991cc7.js:291
[23376375ms] [ERROR] Failed to load resource: the server responded with a status of 401 () @ https://devfedb13.grafana.net/api/login/ping:0
[24114145ms] [ERROR] WebSocket connection to 'wss://devfedb13.grafana.net/api/live/ws' failed: HTTP Authentication failed; no valid credentials available @ https://grafana-assets.grafana.net/grafana/13.2.0-30616302309/public/build/3788-react19.93988d65f50992991cc7.js:291
[24114202ms] [ERROR] Failed to load resource: net::ERR_NETWORK_CHANGED @ https://devfedb13.grafana.net/api/login/ping:0
[24116887ms] [ERROR] WebSocket connection to 'wss://devfedb13.grafana.net/api/live/ws' failed: HTTP Authentication failed; no valid credentials available @ https://grafana-assets.grafana.net/grafana/13.2.0-30616302309/public/build/3788-react19.93988d65f50992991cc7.js:291
[24120152ms] [ERROR] WebSocket connection to 'wss://devfedb13.grafana.net/api/live/ws' failed: HTTP Authentication failed; no valid credentials available @ https://grafana-assets.grafana.net/grafana/13.2.0-30616302309/public/build/3788-react19.93988d65f50992991cc7.js:291
[24120517ms] [ERROR] Failed to load resource: the server responded with a status of 401 () @ https://devfedb13.grafana.net/api/login/ping:0
[26020968ms] [ERROR] Failed to load resource: net::ERR_NETWORK_CHANGED @ https://faro-collector-ops-eu-south-0.grafana-ops.net/collect/2aaaae17b963ac219cd6e23a4850f00e:0
[26021055ms] [ERROR] Failed to load resource: net::ERR_NETWORK_CHANGED @ https://faro-collector-ops-eu-south-0.grafana-ops.net/collect/2aaaae17b963ac219cd6e23a4850f00e:0
[26021056ms] [ERROR] Faro
 @grafana/faro-web-sdk:transport-fetch
 Failed sending payload to the receiver
 {meta: Object, events: Array(1)} TypeError: Failed to fetch
    at https://grafana-assets.grafana.net/grafana/13.2.0-30616302309/public/build/1849-react19.2ac26fdddffdb4cf8597.js:177:52559
    at window.fetch (https://plugins-cdn.grafana.net/grafana-kowalski-app/1.64.0/public/plugins/grafana-kowalski-app/463.js?_cache=1ed629a5641ef9c0de99:2:206687)
    at https://plugins-cdn.grafana.net/grafana-kowalski-app/1.64.0/public/plugins/grafana-kowalski-app/463.js?_cache=1ed629a5641ef9c0de99:2:336969
    at o.<computed>.o.<computed> (https://rsi.grafana.com/v1.1/js-integrations/Fullstory.min.js:1:5852)
    at Mr.<anonymous> (https://plugins-cdn.grafana.net/grafana-kowalski-app/1.64.0/public/plugins/grafana-kowalski-app/463.js?_cache=1ed629a5641ef9c0de99:2:268817)
    at Generator.throw (<anonymous>)
    at a (https://plugins-cdn.grafana.net/grafana-kowalski-app/1.64.0/public/plugins/grafana-kowalski-app/463.js?_cache=1ed629a5641ef9c0de99:2:264709) @ https://plugins-cdn.grafana.net/grafana-kowalski-app/1.64.0/public/plugins/grafana-kowalski-app/463.js?_cache=1ed629a5641ef9c0de99:1
[31438488ms] [WARNING] WebSocket connection to 'wss://devfedb13.grafana.net/api/live/ws' failed: WebSocket is closed before the connection is established. @ https://grafana-assets.grafana.net/grafana/13.2.0-30616302309/public/build/3788-react19.93988d65f50992991cc7.js:291
[31439001ms] [ERROR] Failed to load resource: the server responded with a status of 401 () @ https://devfedb13.grafana.net/api/login/ping:0
[32346149ms] [ERROR] Failed to load resource: net::ERR_NAME_NOT_RESOLVED @ https://faro-collector-ops-eu-south-0.grafana-ops.net/collect/bc03dd0f2a088059ae67a23bc296a26d:0
[32346450ms] [ERROR] Failed to load resource: net::ERR_NETWORK_CHANGED @ https://faro-collector-ops-eu-south-0.grafana-ops.net/collect/bc03dd0f2a088059ae67a23bc296a26d:0
[34723157ms] [ERROR] WebSocket connection to 'wss://devfedb13.grafana.net/api/live/ws' failed: HTTP Authentication failed; no valid credentials available @ https://grafana-assets.grafana.net/grafana/13.2.0-30616302309/public/build/3788-react19.93988d65f50992991cc7.js:291
[34723509ms] [ERROR] Failed to load resource: the server responded with a status of 401 () @ https://devfedb13.grafana.net/api/login/ping:0
[35094064ms] [ERROR] Failed to load resource: net::ERR_NETWORK_CHANGED @ https://faro-collector-ops-eu-south-0.grafana-ops.net/collect/bc03dd0f2a088059ae67a23bc296a26d:0
[35094141ms] [ERROR] Failed to load resource: net::ERR_NETWORK_CHANGED @ https://faro-collector-ops-eu-south-0.grafana-ops.net/collect/bc03dd0f2a088059ae67a23bc296a26d:0
[35655382ms] [ERROR] Faro
 @grafana/faro-web-sdk:transport-fetch
 Failed sending payload to the receiver
 {meta: Object, events: Array(4)} TypeError: Cannot read properties of undefined (reading 'internalLogger')
    at logDebug (https://plugins-cdn.grafana.net/grafana-kowalski-app/1.64.0/public/plugins/grafana-kowalski-app/463.js?_cache=1ed629a5641ef9c0de99:2:659)
    at Mr.extendFaroSession (https://plugins-cdn.grafana.net/grafana-kowalski-app/1.64.0/public/plugins/grafana-kowalski-app/463.js?_cache=1ed629a5641ef9c0de99:2:269852)
    at Mr.<anonymous> (https://plugins-cdn.grafana.net/grafana-kowalski-app/1.64.0/public/plugins/grafana-kowalski-app/463.js?_cache=1ed629a5641ef9c0de99:2:269074)
    at Generator.next (<anonymous>)
    at https://plugins-cdn.grafana.net/grafana-kowalski-app/1.64.0/public/plugins/grafana-kowalski-app/463.js?_cache=1ed629a5641ef9c0de99:2:264856
    at new Promise (<anonymous>)
    at Tr (https://plugins-cdn.grafana.net/grafana-kowalski-app/1.64.0/public/plugins/grafana-kowalski-app/463.js?_cache=1ed629a5641ef9c0de99:2:264601)
    at Mr.handleResponse (https://plugins-cdn.grafana.net/grafana-kowalski-app/1.64.0/public/plugins/grafana-kowalski-app/463.js?_cache=1ed629a5641ef9c0de99:2:268963)
    at Mr.<anonymous> (https://plugins-cdn.grafana.net/grafana-kowalski-app/1.64.0/public/plugins/grafana-kowalski-app/463.js?_cache=1ed629a5641ef9c0de99:2:268655)
    at Generator.next (<anonymous>) @ https://plugins-cdn.grafana.net/grafana-kowalski-app/1.64.0/public/plugins/grafana-kowalski-app/463.js?_cache=1ed629a5641ef9c0de99:1
[35662192ms] [ERROR] WebSocket connection to 'wss://devfedb13.grafana.net/api/live/ws' failed: Error during WebSocket handshake: net::ERR_NETWORK_IO_SUSPENDED @ https://grafana-assets.grafana.net/grafana/13.2.0-30616302309/public/build/3788-react19.93988d65f50992991cc7.js:291
[35662811ms] [ERROR] Failed to load resource: the server responded with a status of 401 () @ https://devfedb13.grafana.net/api/login/ping:0
[36938462ms] [ERROR] WebSocket connection to 'wss://devfedb13.grafana.net/api/live/ws' failed: HTTP Authentication failed; no valid credentials available @ https://grafana-assets.grafana.net/grafana/13.2.0-30616302309/public/build/3788-react19.93988d65f50992991cc7.js:291
[36939149ms] [ERROR] Failed to load resource: the server responded with a status of 401 () @ https://devfedb13.grafana.net/api/login/ping:0
[37897487ms] [ERROR] WebSocket connection to 'wss://devfedb13.grafana.net/api/live/ws' failed: HTTP Authentication failed; no valid credentials available @ https://grafana-assets.grafana.net/grafana/13.2.0-30616302309/public/build/3788-react19.93988d65f50992991cc7.js:291
[37898011ms] [ERROR] Failed to load resource: the server responded with a status of 401 () @ https://devfedb13.grafana.net/api/login/ping:0
[38847987ms] [ERROR] WebSocket connection to 'wss://devfedb13.grafana.net/api/live/ws' failed: HTTP Authentication failed; no valid credentials available @ https://grafana-assets.grafana.net/grafana/13.2.0-30616302309/public/build/3788-react19.93988d65f50992991cc7.js:291
[38848253ms] [ERROR] Failed to load resource: the server responded with a status of 401 () @ https://devfedb13.grafana.net/api/login/ping:0
[44856770ms] [ERROR] WebSocket connection to 'wss://devfedb13.grafana.net/api/live/ws' failed: HTTP Authentication failed; no valid credentials available @ https://grafana-assets.grafana.net/grafana/13.2.0-30616302309/public/build/3788-react19.93988d65f50992991cc7.js:291
[44857201ms] [ERROR] Failed to load resource: the server responded with a status of 401 () @ https://devfedb13.grafana.net/api/login/ping:0
[45823879ms] [ERROR] WebSocket connection to 'wss://devfedb13.grafana.net/api/live/ws' failed: HTTP Authentication failed; no valid credentials available @ https://grafana-assets.grafana.net/grafana/13.2.0-30616302309/public/build/3788-react19.93988d65f50992991cc7.js:291
[45824312ms] [ERROR] Failed to load resource: the server responded with a status of 401 () @ https://devfedb13.grafana.net/api/login/ping:0
[46884138ms] [ERROR] WebSocket connection to 'wss://devfedb13.grafana.net/api/live/ws' failed: HTTP Authentication failed; no valid credentials available @ https://grafana-assets.grafana.net/grafana/13.2.0-30616302309/public/build/3788-react19.93988d65f50992991cc7.js:291
[46884451ms] [ERROR] Failed to load resource: the server responded with a status of 401 () @ https://devfedb13.grafana.net/api/login/ping:0
[47892414ms] [ERROR] WebSocket connection to 'wss://devfedb13.grafana.net/api/live/ws' failed: HTTP Authentication failed; no valid credentials available @ https://grafana-assets.grafana.net/grafana/13.2.0-30616302309/public/build/3788-react19.93988d65f50992991cc7.js:291
[47892935ms] [ERROR] Failed to load resource: the server responded with a status of 401 () @ https://devfedb13.grafana.net/api/login/ping:0
[49961080ms] [ERROR] WebSocket connection to 'wss://devfedb13.grafana.net/api/live/ws' failed: HTTP Authentication failed; no valid credentials available @ https://grafana-assets.grafana.net/grafana/13.2.0-30616302309/public/build/3788-react19.93988d65f50992991cc7.js:291
[49961647ms] [ERROR] Failed to load resource: the server responded with a status of 401 () @ https://devfedb13.grafana.net/api/login/ping:0
[50916408ms] [ERROR] WebSocket connection to 'wss://devfedb13.grafana.net/api/live/ws' failed: HTTP Authentication failed; no valid credentials available @ https://grafana-assets.grafana.net/grafana/13.2.0-30616302309/public/build/3788-react19.93988d65f50992991cc7.js:291
[50916812ms] [ERROR] Failed to load resource: the server responded with a status of 401 () @ https://devfedb13.grafana.net/api/login/ping:0
[51917753ms] [ERROR] WebSocket connection to 'wss://devfedb13.grafana.net/api/live/ws' failed: HTTP Authentication failed; no valid credentials available @ https://grafana-assets.grafana.net/grafana/13.2.0-30616302309/public/build/3788-react19.93988d65f50992991cc7.js:291
[51918179ms] [ERROR] Failed to load resource: the server responded with a status of 401 () @ https://devfedb13.grafana.net/api/login/ping:0
[52934631ms] [ERROR] WebSocket connection to 'wss://devfedb13.grafana.net/api/live/ws' failed: HTTP Authentication failed; no valid credentials available @ https://grafana-assets.grafana.net/grafana/13.2.0-30616302309/public/build/3788-react19.93988d65f50992991cc7.js:291
[52935150ms] [ERROR] Failed to load resource: the server responded with a status of 401 () @ https://devfedb13.grafana.net/api/login/ping:0
[52935837ms] [ERROR] WebSocket connection to 'wss://devfedb13.grafana.net/api/live/ws' failed: HTTP Authentication failed; no valid credentials available @ https://grafana-assets.grafana.net/grafana/13.2.0-30616302309/public/build/3788-react19.93988d65f50992991cc7.js:291
[53961482ms] [ERROR] WebSocket connection to 'wss://devfedb13.grafana.net/api/live/ws' failed: HTTP Authentication failed; no valid credentials available @ https://grafana-assets.grafana.net/grafana/13.2.0-30616302309/public/build/3788-react19.93988d65f50992991cc7.js:291
[53962004ms] [ERROR] Failed to load resource: the server responded with a status of 401 () @ https://devfedb13.grafana.net/api/login/ping:0
[54912540ms] [ERROR] WebSocket connection to 'wss://devfedb13.grafana.net/api/live/ws' failed: HTTP Authentication failed; no valid credentials available @ https://grafana-assets.grafana.net/grafana/13.2.0-30616302309/public/build/3788-react19.93988d65f50992991cc7.js:291
[54912939ms] [ERROR] Failed to load resource: the server responded with a status of 401 () @ https://devfedb13.grafana.net/api/login/ping:0
[55970239ms] [ERROR] WebSocket connection to 'wss://devfedb13.grafana.net/api/live/ws' failed: HTTP Authentication failed; no valid credentials available @ https://grafana-assets.grafana.net/grafana/13.2.0-30616302309/public/build/3788-react19.93988d65f50992991cc7.js:291
[55970886ms] [ERROR] Failed to load resource: the server responded with a status of 401 () @ https://devfedb13.grafana.net/api/login/ping:0
[56973393ms] [ERROR] WebSocket connection to 'wss://devfedb13.grafana.net/api/live/ws' failed: HTTP Authentication failed; no valid credentials available @ https://grafana-assets.grafana.net/grafana/13.2.0-30616302309/public/build/3788-react19.93988d65f50992991cc7.js:291
[56973917ms] [ERROR] Failed to load resource: the server responded with a status of 401 () @ https://devfedb13.grafana.net/api/login/ping:0
[58071815ms] [ERROR] WebSocket connection to 'wss://devfedb13.grafana.net/api/live/ws' failed: HTTP Authentication failed; no valid credentials available @ https://grafana-assets.grafana.net/grafana/13.2.0-30616302309/public/build/3788-react19.93988d65f50992991cc7.js:291
[58072246ms] [ERROR] Failed to load resource: the server responded with a status of 401 () @ https://devfedb13.grafana.net/api/login/ping:0
[58072746ms] [ERROR] WebSocket connection to 'wss://devfedb13.grafana.net/api/live/ws' failed: HTTP Authentication failed; no valid credentials available @ https://grafana-assets.grafana.net/grafana/13.2.0-30616302309/public/build/3788-react19.93988d65f50992991cc7.js:291
[59060707ms] [ERROR] WebSocket connection to 'wss://devfedb13.grafana.net/api/live/ws' failed: HTTP Authentication failed; no valid credentials available @ https://grafana-assets.grafana.net/grafana/13.2.0-30616302309/public/build/3788-react19.93988d65f50992991cc7.js:291
[59061145ms] [ERROR] Failed to load resource: the server responded with a status of 401 () @ https://devfedb13.grafana.net/api/login/ping:0
[61074367ms] [ERROR] WebSocket connection to 'wss://devfedb13.grafana.net/api/live/ws' failed: HTTP Authentication failed; no valid credentials available @ https://grafana-assets.grafana.net/grafana/13.2.0-30616302309/public/build/3788-react19.93988d65f50992991cc7.js:291
[61074683ms] [ERROR] Failed to load resource: the server responded with a status of 401 () @ https://devfedb13.grafana.net/api/login/ping:0
[62061031ms] [ERROR] WebSocket connection to 'wss://devfedb13.grafana.net/api/live/ws' failed: HTTP Authentication failed; no valid credentials available @ https://grafana-assets.grafana.net/grafana/13.2.0-30616302309/public/build/3788-react19.93988d65f50992991cc7.js:291
[62061201ms] [ERROR] Failed to load resource: the server responded with a status of 401 () @ https://devfedb13.grafana.net/api/login/ping:0
[63024986ms] [ERROR] WebSocket connection to 'wss://devfedb13.grafana.net/api/live/ws' failed: HTTP Authentication failed; no valid credentials available @ https://grafana-assets.grafana.net/grafana/13.2.0-30616302309/public/build/3788-react19.93988d65f50992991cc7.js:291
[63025503ms] [ERROR] Failed to load resource: the server responded with a status of 401 () @ https://devfedb13.grafana.net/api/login/ping:0
[63978438ms] [ERROR] WebSocket connection to 'wss://devfedb13.grafana.net/api/live/ws' failed: HTTP Authentication failed; no valid credentials available @ https://grafana-assets.grafana.net/grafana/13.2.0-30616302309/public/build/3788-react19.93988d65f50992991cc7.js:291
[63978947ms] [ERROR] Failed to load resource: the server responded with a status of 401 () @ https://devfedb13.grafana.net/api/login/ping:0
[65321359ms] [ERROR] WebSocket connection to 'wss://devfedb13.grafana.net/api/live/ws' failed: HTTP Authentication failed; no valid credentials available @ https://grafana-assets.grafana.net/grafana/13.2.0-30616302309/public/build/3788-react19.93988d65f50992991cc7.js:291
[65321647ms] [ERROR] Failed to load resource: the server responded with a status of 401 () @ https://devfedb13.grafana.net/api/login/ping:0
[66273830ms] [ERROR] WebSocket connection to 'wss://devfedb13.grafana.net/api/live/ws' failed: HTTP Authentication failed; no valid credentials available @ https://grafana-assets.grafana.net/grafana/13.2.0-30616302309/public/build/3788-react19.93988d65f50992991cc7.js:291
[66274136ms] [ERROR] Failed to load resource: the server responded with a status of 401 () @ https://devfedb13.grafana.net/api/login/ping:0
[67354367ms] [ERROR] WebSocket connection to 'wss://devfedb13.grafana.net/api/live/ws' failed: HTTP Authentication failed; no valid credentials available @ https://grafana-assets.grafana.net/grafana/13.2.0-30616302309/public/build/3788-react19.93988d65f50992991cc7.js:291
[67354652ms] [ERROR] Failed to load resource: the server responded with a status of 401 () @ https://devfedb13.grafana.net/api/login/ping:0
[68461464ms] [ERROR] WebSocket connection to 'wss://devfedb13.grafana.net/api/live/ws' failed: Error in connection establishment: net::ERR_INTERNET_DISCONNECTED @ https://grafana-assets.grafana.net/grafana/13.2.0-30616302309/public/build/3788-react19.93988d65f50992991cc7.js:291
[68461492ms] [ERROR] Failed to load resource: net::ERR_INTERNET_DISCONNECTED @ https://devfedb13.grafana.net/api/login/ping:0
[68461591ms] [ERROR] Failed to load resource: net::ERR_INTERNET_DISCONNECTED @ https://faro-collector-ops-eu-south-0.grafana-ops.net/collect/2aaaae17b963ac219cd6e23a4850f00e:0
[68461660ms] [ERROR] Failed to load resource: net::ERR_INTERNET_DISCONNECTED @ https://faro-collector-ops-eu-south-0.grafana-ops.net/collect/2aaaae17b963ac219cd6e23a4850f00e:0
[68461662ms] [ERROR] Faro
 @grafana/faro-web-sdk:transport-fetch
 Failed sending payload to the receiver
 {meta: Object, events: Array(1)} TypeError: Failed to fetch
    at https://grafana-assets.grafana.net/grafana/13.2.0-30616302309/public/build/1849-react19.2ac26fdddffdb4cf8597.js:177:52559
    at window.fetch (https://plugins-cdn.grafana.net/grafana-kowalski-app/1.64.0/public/plugins/grafana-kowalski-app/463.js?_cache=1ed629a5641ef9c0de99:2:206687)
    at https://plugins-cdn.grafana.net/grafana-kowalski-app/1.64.0/public/plugins/grafana-kowalski-app/463.js?_cache=1ed629a5641ef9c0de99:2:336969
    at o.<computed>.o.<computed> (https://rsi.grafana.com/v1.1/js-integrations/Fullstory.min.js:1:5852)
    at Mr.<anonymous> (https://plugins-cdn.grafana.net/grafana-kowalski-app/1.64.0/public/plugins/grafana-kowalski-app/463.js?_cache=1ed629a5641ef9c0de99:2:268817)
    at Generator.throw (<anonymous>)
    at a (https://plugins-cdn.grafana.net/grafana-kowalski-app/1.64.0/public/plugins/grafana-kowalski-app/463.js?_cache=1ed629a5641ef9c0de99:2:264709) @ https://plugins-cdn.grafana.net/grafana-kowalski-app/1.64.0/public/plugins/grafana-kowalski-app/463.js?_cache=1ed629a5641ef9c0de99:1
[68461892ms] [ERROR] Failed to load resource: net::ERR_INTERNET_DISCONNECTED @ https://faro-collector-ops-eu-south-0.grafana-ops.net/collect/bc03dd0f2a088059ae67a23bc296a26d:0
[68461903ms] [ERROR] Failed to load resource: net::ERR_INTERNET_DISCONNECTED @ https://faro-collector-ops-eu-south-0.grafana-ops.net/collect/bc03dd0f2a088059ae67a23bc296a26d:0
[68462310ms] [ERROR] WebSocket connection to 'wss://devfedb13.grafana.net/api/live/ws' failed: Error in connection establishment: net::ERR_INTERNET_DISCONNECTED @ https://grafana-assets.grafana.net/grafana/13.2.0-30616302309/public/build/3788-react19.93988d65f50992991cc7.js:291
[68463666ms] [ERROR] WebSocket connection to 'wss://devfedb13.grafana.net/api/live/ws' failed: Error in connection establishment: net::ERR_INTERNET_DISCONNECTED @ https://grafana-assets.grafana.net/grafana/13.2.0-30616302309/public/build/3788-react19.93988d65f50992991cc7.js:291
[68463902ms] [ERROR] Failed to load resource: net::ERR_INTERNET_DISCONNECTED @ https://faro-collector-ops-eu-south-0.grafana-ops.net/collect/bc03dd0f2a088059ae67a23bc296a26d:0
[68463906ms] [ERROR] Failed to load resource: net::ERR_INTERNET_DISCONNECTED @ https://faro-collector-ops-eu-south-0.grafana-ops.net/collect/bc03dd0f2a088059ae67a23bc296a26d:0
[68465667ms] [ERROR] WebSocket connection to 'wss://devfedb13.grafana.net/api/live/ws' failed: Error in connection establishment: net::ERR_INTERNET_DISCONNECTED @ https://grafana-assets.grafana.net/grafana/13.2.0-30616302309/public/build/3788-react19.93988d65f50992991cc7.js:291
[68473885ms] [ERROR] WebSocket connection to 'wss://devfedb13.grafana.net/api/live/ws' failed: Error in connection establishment: net::ERR_INTERNET_DISCONNECTED @ https://grafana-assets.grafana.net/grafana/13.2.0-30616302309/public/build/3788-react19.93988d65f50992991cc7.js:291
[68473902ms] [ERROR] Failed to load resource: net::ERR_INTERNET_DISCONNECTED @ https://devfedb13.grafana.net/api/login/ping:0
[68474044ms] [ERROR] Failed to load resource: net::ERR_INTERNET_DISCONNECTED @ https://faro-collector-ops-eu-south-0.grafana-ops.net/collect/2aaaae17b963ac219cd6e23a4850f00e:0
[68474046ms] [ERROR] Failed to load resource: net::ERR_INTERNET_DISCONNECTED @ https://faro-collector-ops-eu-south-0.grafana-ops.net/collect/2aaaae17b963ac219cd6e23a4850f00e:0
[68474046ms] [ERROR] Faro
 @grafana/faro-web-sdk:transport-fetch
 Failed sending payload to the receiver
 {meta: Object, events: Array(1)} TypeError: Failed to fetch
    at https://grafana-assets.grafana.net/grafana/13.2.0-30616302309/public/build/1849-react19.2ac26fdddffdb4cf8597.js:177:52559
    at window.fetch (https://plugins-cdn.grafana.net/grafana-kowalski-app/1.64.0/public/plugins/grafana-kowalski-app/463.js?_cache=1ed629a5641ef9c0de99:2:206687)
    at https://plugins-cdn.grafana.net/grafana-kowalski-app/1.64.0/public/plugins/grafana-kowalski-app/463.js?_cache=1ed629a5641ef9c0de99:2:336969
    at o.<computed>.o.<computed> (https://rsi.grafana.com/v1.1/js-integrations/Fullstory.min.js:1:5852)
    at Mr.<anonymous> (https://plugins-cdn.grafana.net/grafana-kowalski-app/1.64.0/public/plugins/grafana-kowalski-app/463.js?_cache=1ed629a5641ef9c0de99:2:268817)
    at Generator.throw (<anonymous>)
    at a (https://plugins-cdn.grafana.net/grafana-kowalski-app/1.64.0/public/plugins/grafana-kowalski-app/463.js?_cache=1ed629a5641ef9c0de99:2:264709) @ https://plugins-cdn.grafana.net/grafana-kowalski-app/1.64.0/public/plugins/grafana-kowalski-app/463.js?_cache=1ed629a5641ef9c0de99:1
[69393808ms] [ERROR] Failed to load resource: net::ERR_INTERNET_DISCONNECTED @ https://faro-collector-ops-eu-south-0.grafana-ops.net/collect/bc03dd0f2a088059ae67a23bc296a26d:0
[69393811ms] [ERROR] Failed to load resource: net::ERR_INTERNET_DISCONNECTED @ https://faro-collector-ops-eu-south-0.grafana-ops.net/collect/bc03dd0f2a088059ae67a23bc296a26d:0
[71297934ms] [ERROR] WebSocket connection to 'wss://devfedb13.grafana.net/api/live/ws' failed: Error in connection establishment: net::ERR_INTERNET_DISCONNECTED @ https://grafana-assets.grafana.net/grafana/13.2.0-30616302309/public/build/3788-react19.93988d65f50992991cc7.js:291
[71297944ms] [ERROR] Failed to load resource: net::ERR_INTERNET_DISCONNECTED @ https://devfedb13.grafana.net/api/login/ping:0
[71298101ms] [ERROR] Failed to load resource: net::ERR_INTERNET_DISCONNECTED @ https://faro-collector-ops-eu-south-0.grafana-ops.net/collect/2aaaae17b963ac219cd6e23a4850f00e:0
[71298103ms] [ERROR] Failed to load resource: net::ERR_INTERNET_DISCONNECTED @ https://faro-collector-ops-eu-south-0.grafana-ops.net/collect/2aaaae17b963ac219cd6e23a4850f00e:0
[71298103ms] [ERROR] Faro
 @grafana/faro-web-sdk:transport-fetch
 Failed sending payload to the receiver
 {meta: Object, events: Array(1)} TypeError: Failed to fetch
    at https://grafana-assets.grafana.net/grafana/13.2.0-30616302309/public/build/1849-react19.2ac26fdddffdb4cf8597.js:177:52559
    at window.fetch (https://plugins-cdn.grafana.net/grafana-kowalski-app/1.64.0/public/plugins/grafana-kowalski-app/463.js?_cache=1ed629a5641ef9c0de99:2:206687)
    at https://plugins-cdn.grafana.net/grafana-kowalski-app/1.64.0/public/plugins/grafana-kowalski-app/463.js?_cache=1ed629a5641ef9c0de99:2:336969
    at o.<computed>.o.<computed> (https://rsi.grafana.com/v1.1/js-integrations/Fullstory.min.js:1:5852)
    at Mr.<anonymous> (https://plugins-cdn.grafana.net/grafana-kowalski-app/1.64.0/public/plugins/grafana-kowalski-app/463.js?_cache=1ed629a5641ef9c0de99:2:268817)
    at Generator.throw (<anonymous>)
    at a (https://plugins-cdn.grafana.net/grafana-kowalski-app/1.64.0/public/plugins/grafana-kowalski-app/463.js?_cache=1ed629a5641ef9c0de99:2:264709) @ https://plugins-cdn.grafana.net/grafana-kowalski-app/1.64.0/public/plugins/grafana-kowalski-app/463.js?_cache=1ed629a5641ef9c0de99:1
[71299408ms] [ERROR] Failed to load resource: net::ERR_INTERNET_DISCONNECTED @ https://faro-collector-ops-eu-south-0.grafana-ops.net/collect/bc03dd0f2a088059ae67a23bc296a26d:0
[71299411ms] [ERROR] Failed to load resource: net::ERR_INTERNET_DISCONNECTED @ https://faro-collector-ops-eu-south-0.grafana-ops.net/collect/bc03dd0f2a088059ae67a23bc296a26d:0
[71539862ms] [ERROR] Failed to load resource: net::ERR_INTERNET_DISCONNECTED @ https://faro-collector-ops-eu-south-0.grafana-ops.net/collect/2aaaae17b963ac219cd6e23a4850f00e:0
[71539866ms] [ERROR] Failed to load resource: net::ERR_INTERNET_DISCONNECTED @ https://faro-collector-ops-eu-south-0.grafana-ops.net/collect/2aaaae17b963ac219cd6e23a4850f00e:0
[71539867ms] [ERROR] Faro
 @grafana/faro-web-sdk:transport-fetch
 Failed sending payload to the receiver
 {meta: Object, events: Array(1)} TypeError: Failed to fetch
    at https://grafana-assets.grafana.net/grafana/13.2.0-30616302309/public/build/1849-react19.2ac26fdddffdb4cf8597.js:177:52559
    at window.fetch (https://plugins-cdn.grafana.net/grafana-kowalski-app/1.64.0/public/plugins/grafana-kowalski-app/463.js?_cache=1ed629a5641ef9c0de99:2:206687)
    at https://plugins-cdn.grafana.net/grafana-kowalski-app/1.64.0/public/plugins/grafana-kowalski-app/463.js?_cache=1ed629a5641ef9c0de99:2:336969
    at o.<computed>.o.<computed> (https://rsi.grafana.com/v1.1/js-integrations/Fullstory.min.js:1:5852)
    at Mr.<anonymous> (https://plugins-cdn.grafana.net/grafana-kowalski-app/1.64.0/public/plugins/grafana-kowalski-app/463.js?_cache=1ed629a5641ef9c0de99:2:268817)
    at Generator.throw (<anonymous>)
    at a (https://plugins-cdn.grafana.net/grafana-kowalski-app/1.64.0/public/plugins/grafana-kowalski-app/463.js?_cache=1ed629a5641ef9c0de99:2:264709) @ https://plugins-cdn.grafana.net/grafana-kowalski-app/1.64.0/public/plugins/grafana-kowalski-app/463.js?_cache=1ed629a5641ef9c0de99:1
[72478606ms] [ERROR] WebSocket connection to 'wss://devfedb13.grafana.net/api/live/ws' failed: Error in connection establishment: net::ERR_INTERNET_DISCONNECTED @ https://grafana-assets.grafana.net/grafana/13.2.0-30616302309/public/build/3788-react19.93988d65f50992991cc7.js:291
[72478613ms] [ERROR] Failed to load resource: net::ERR_INTERNET_DISCONNECTED @ https://devfedb13.grafana.net/api/login/ping:0
[72478900ms] [ERROR] Failed to load resource: net::ERR_INTERNET_DISCONNECTED @ https://faro-collector-ops-eu-south-0.grafana-ops.net/collect/2aaaae17b963ac219cd6e23a4850f00e:0
[72478907ms] [ERROR] Faro
 @grafana/faro-web-sdk:transport-fetch
 Failed sending payload to the receiver
 {meta: Object, events: Array(4)} TypeError: Failed to fetch
    at https://grafana-assets.grafana.net/grafana/13.2.0-30616302309/public/build/1849-react19.2ac26fdddffdb4cf8597.js:177:52559
    at window.fetch (https://plugins-cdn.grafana.net/grafana-kowalski-app/1.64.0/public/plugins/grafana-kowalski-app/463.js?_cache=1ed629a5641ef9c0de99:2:206687)
    at https://plugins-cdn.grafana.net/grafana-kowalski-app/1.64.0/public/plugins/grafana-kowalski-app/463.js?_cache=1ed629a5641ef9c0de99:2:336969
    at o.<computed>.o.<computed> (https://rsi.grafana.com/v1.1/js-integrations/Fullstory.min.js:1:5852)
    at Mr.<anonymous> (https://plugins-cdn.grafana.net/grafana-kowalski-app/1.64.0/public/plugins/grafana-kowalski-app/463.js?_cache=1ed629a5641ef9c0de99:2:268575)
    at Generator.next (<anonymous>)
    at https://plugins-cdn.grafana.net/grafana-kowalski-app/1.64.0/public/plugins/grafana-kowalski-app/463.js?_cache=1ed629a5641ef9c0de99:2:264856
    at new Promise (<anonymous>)
    at Tr (https://plugins-cdn.grafana.net/grafana-kowalski-app/1.64.0/public/plugins/grafana-kowalski-app/463.js?_cache=1ed629a5641ef9c0de99:2:264601)
    at Mr.fetchWithKeepaliveRetry (https://plugins-cdn.grafana.net/grafana-kowalski-app/1.64.0/public/plugins/grafana-kowalski-app/463.js?_cache=1ed629a5641ef9c0de99:2:268487) @ https://plugins-cdn.grafana.net/grafana-kowalski-app/1.64.0/public/plugins/grafana-kowalski-app/463.js?_cache=1ed629a5641ef9c0de99:1
[72480169ms] [ERROR] Failed to load resource: net::ERR_INTERNET_DISCONNECTED @ https://faro-collector-ops-eu-south-0.grafana-ops.net/collect/bc03dd0f2a088059ae67a23bc296a26d:0
[72480171ms] [ERROR] Failed to load resource: net::ERR_INTERNET_DISCONNECTED @ https://faro-collector-ops-eu-south-0.grafana-ops.net/collect/bc03dd0f2a088059ae67a23bc296a26d:0
[73537702ms] [ERROR] Failed to load resource: net::ERR_INTERNET_DISCONNECTED @ https://faro-collector-ops-eu-south-0.grafana-ops.net/collect/2aaaae17b963ac219cd6e23a4850f00e:0
[73537708ms] [ERROR] Faro
 @grafana/faro-web-sdk:transport-fetch
 Failed sending payload to the receiver
 {meta: Object, events: Array(3)} TypeError: Failed to fetch
    at https://grafana-assets.grafana.net/grafana/13.2.0-30616302309/public/build/1849-react19.2ac26fdddffdb4cf8597.js:177:52559
    at window.fetch (https://plugins-cdn.grafana.net/grafana-kowalski-app/1.64.0/public/plugins/grafana-kowalski-app/463.js?_cache=1ed629a5641ef9c0de99:2:206687)
    at https://plugins-cdn.grafana.net/grafana-kowalski-app/1.64.0/public/plugins/grafana-kowalski-app/463.js?_cache=1ed629a5641ef9c0de99:2:336969
    at o.<computed>.o.<computed> (https://rsi.grafana.com/v1.1/js-integrations/Fullstory.min.js:1:5852)
    at Mr.<anonymous> (https://plugins-cdn.grafana.net/grafana-kowalski-app/1.64.0/public/plugins/grafana-kowalski-app/463.js?_cache=1ed629a5641ef9c0de99:2:268575)
    at Generator.next (<anonymous>)
    at https://plugins-cdn.grafana.net/grafana-kowalski-app/1.64.0/public/plugins/grafana-kowalski-app/463.js?_cache=1ed629a5641ef9c0de99:2:264856
    at new Promise (<anonymous>)
    at Tr (https://plugins-cdn.grafana.net/grafana-kowalski-app/1.64.0/public/plugins/grafana-kowalski-app/463.js?_cache=1ed629a5641ef9c0de99:2:264601)
    at Mr.fetchWithKeepaliveRetry (https://plugins-cdn.grafana.net/grafana-kowalski-app/1.64.0/public/plugins/grafana-kowalski-app/463.js?_cache=1ed629a5641ef9c0de99:2:268487) @ https://plugins-cdn.grafana.net/grafana-kowalski-app/1.64.0/public/plugins/grafana-kowalski-app/463.js?_cache=1ed629a5641ef9c0de99:1
[74648592ms] [ERROR] WebSocket connection to 'wss://devfedb13.grafana.net/api/live/ws' failed: Error in connection establishment: net::ERR_INTERNET_DISCONNECTED @ https://grafana-assets.grafana.net/grafana/13.2.0-30616302309/public/build/3788-react19.93988d65f50992991cc7.js:291
[74648671ms] [ERROR] Failed to load resource: net::ERR_INTERNET_DISCONNECTED @ https://devfedb13.grafana.net/api/login/ping:0
[74648838ms] [ERROR] Failed to load resource: net::ERR_INTERNET_DISCONNECTED @ https://faro-collector-ops-eu-south-0.grafana-ops.net/collect/2aaaae17b963ac219cd6e23a4850f00e:0
[74648842ms] [ERROR] Faro
 @grafana/faro-web-sdk:transport-fetch
 Failed sending payload to the receiver
 {meta: Object, events: Array(4)} TypeError: Failed to fetch
    at https://grafana-assets.grafana.net/grafana/13.2.0-30616302309/public/build/1849-react19.2ac26fdddffdb4cf8597.js:177:52559
    at window.fetch (https://plugins-cdn.grafana.net/grafana-kowalski-app/1.64.0/public/plugins/grafana-kowalski-app/463.js?_cache=1ed629a5641ef9c0de99:2:206687)
    at https://plugins-cdn.grafana.net/grafana-kowalski-app/1.64.0/public/plugins/grafana-kowalski-app/463.js?_cache=1ed629a5641ef9c0de99:2:336969
    at o.<computed>.o.<computed> (https://rsi.grafana.com/v1.1/js-integrations/Fullstory.min.js:1:5852)
    at Mr.<anonymous> (https://plugins-cdn.grafana.net/grafana-kowalski-app/1.64.0/public/plugins/grafana-kowalski-app/463.js?_cache=1ed629a5641ef9c0de99:2:268575)
    at Generator.next (<anonymous>)
    at https://plugins-cdn.grafana.net/grafana-kowalski-app/1.64.0/public/plugins/grafana-kowalski-app/463.js?_cache=1ed629a5641ef9c0de99:2:264856
    at new Promise (<anonymous>)
    at Tr (https://plugins-cdn.grafana.net/grafana-kowalski-app/1.64.0/public/plugins/grafana-kowalski-app/463.js?_cache=1ed629a5641ef9c0de99:2:264601)
    at Mr.fetchWithKeepaliveRetry (https://plugins-cdn.grafana.net/grafana-kowalski-app/1.64.0/public/plugins/grafana-kowalski-app/463.js?_cache=1ed629a5641ef9c0de99:2:268487) @ https://plugins-cdn.grafana.net/grafana-kowalski-app/1.64.0/public/plugins/grafana-kowalski-app/463.js?_cache=1ed629a5641ef9c0de99:1
[74649388ms] [ERROR] Failed to load resource: net::ERR_INTERNET_DISCONNECTED @ https://devfedb13.grafana.net/api/user/auth-tokens/rotate:0
[74649390ms] [ERROR] TypeError: Failed to fetch
    at https://grafana-assets.grafana.net/grafana/13.2.0-30616302309/public/build/1849-react19.2ac26fdddffdb4cf8597.js:177:53597
    at jE.with (https://grafana-assets.grafana.net/grafana/13.2.0-30616302309/public/build/1849-react19.2ac26fdddffdb4cf8597.js:177:28814)
    at n.with (https://grafana-assets.grafana.net/grafana/13.2.0-30616302309/public/build/3788-react19.93988d65f50992991cc7.js:86:14910)
    at https://grafana-assets.grafana.net/grafana/13.2.0-30616302309/public/build/1849-react19.2ac26fdddffdb4cf8597.js:177:53500
    at window.fetch (https://plugins-cdn.grafana.net/grafana-kowalski-app/1.64.0/public/plugins/grafana-kowalski-app/463.js?_cache=1ed629a5641ef9c0de99:2:206687)
    at https://plugins-cdn.grafana.net/grafana-kowalski-app/1.64.0/public/plugins/grafana-kowalski-app/463.js?_cache=1ed629a5641ef9c0de99:2:338072
    at jE.with (https://grafana-assets.grafana.net/grafana/13.2.0-30616302309/public/build/1849-react19.2ac26fdddffdb4cf8597.js:177:28814)
    at e.with (https://plugins-cdn.grafana.net/grafana-kowalski-app/1.64.0/public/plugins/grafana-kowalski-app/463.js?_cache=1ed629a5641ef9c0de99:2:279933)
    at https://plugins-cdn.grafana.net/grafana-kowalski-app/1.64.0/public/plugins/grafana-kowalski-app/463.js?_cache=1ed629a5641ef9c0de99:2:337978
    at o.<computed>.o.<computed> (https://rsi.grafana.com/v1.1/js-integrations/Fullstory.min.js:1:5852) @ https://edge.fullstory.com/s/fs.js:1
[74649500ms] [ERROR] Failed to load resource: net::ERR_INTERNET_DISCONNECTED @ https://faro-collector-ops-eu-south-0.grafana-ops.net/collect/2aaaae17b963ac219cd6e23a4850f00e:0
[74649502ms] [ERROR] Failed to load resource: net::ERR_INTERNET_DISCONNECTED @ https://faro-collector-ops-eu-south-0.grafana-ops.net/collect/2aaaae17b963ac219cd6e23a4850f00e:0
[74649503ms] [ERROR] Faro
 @grafana/faro-web-sdk:transport-fetch
 Failed sending payload to the receiver
 {meta: Object, events: Array(1)} TypeError: Failed to fetch
    at https://grafana-assets.grafana.net/grafana/13.2.0-30616302309/public/build/1849-react19.2ac26fdddffdb4cf8597.js:177:52559
    at window.fetch (https://plugins-cdn.grafana.net/grafana-kowalski-app/1.64.0/public/plugins/grafana-kowalski-app/463.js?_cache=1ed629a5641ef9c0de99:2:206687)
    at https://plugins-cdn.grafana.net/grafana-kowalski-app/1.64.0/public/plugins/grafana-kowalski-app/463.js?_cache=1ed629a5641ef9c0de99:2:336969
    at o.<computed>.o.<computed> (https://rsi.grafana.com/v1.1/js-integrations/Fullstory.min.js:1:5852)
    at Mr.<anonymous> (https://plugins-cdn.grafana.net/grafana-kowalski-app/1.64.0/public/plugins/grafana-kowalski-app/463.js?_cache=1ed629a5641ef9c0de99:2:268817)
    at Generator.throw (<anonymous>)
    at a (https://plugins-cdn.grafana.net/grafana-kowalski-app/1.64.0/public/plugins/grafana-kowalski-app/463.js?_cache=1ed629a5641ef9c0de99:2:264709) @ https://plugins-cdn.grafana.net/grafana-kowalski-app/1.64.0/public/plugins/grafana-kowalski-app/463.js?_cache=1ed629a5641ef9c0de99:1
[75195564ms] [ERROR] Failed to load resource: net::ERR_INTERNET_DISCONNECTED @ https://faro-collector-ops-eu-south-0.grafana-ops.net/collect/bc03dd0f2a088059ae67a23bc296a26d:0
[75195572ms] [ERROR] Failed to load resource: net::ERR_INTERNET_DISCONNECTED @ https://faro-collector-ops-eu-south-0.grafana-ops.net/collect/bc03dd0f2a088059ae67a23bc296a26d:0
[75200803ms] [ERROR] Failed to load resource: net::ERR_INTERNET_DISCONNECTED @ https://faro-collector-ops-eu-south-0.grafana-ops.net/collect/2aaaae17b963ac219cd6e23a4850f00e:0
[75200812ms] [ERROR] Faro
 @grafana/faro-web-sdk:transport-fetch
 Failed sending payload to the receiver
 {meta: Object, events: Array(3)} TypeError: Failed to fetch
    at https://grafana-assets.grafana.net/grafana/13.2.0-30616302309/public/build/1849-react19.2ac26fdddffdb4cf8597.js:177:52559
    at window.fetch (https://plugins-cdn.grafana.net/grafana-kowalski-app/1.64.0/public/plugins/grafana-kowalski-app/463.js?_cache=1ed629a5641ef9c0de99:2:206687)
    at https://plugins-cdn.grafana.net/grafana-kowalski-app/1.64.0/public/plugins/grafana-kowalski-app/463.js?_cache=1ed629a5641ef9c0de99:2:336969
    at o.<computed>.o.<computed> (https://rsi.grafana.com/v1.1/js-integrations/Fullstory.min.js:1:5852)
    at Mr.<anonymous> (https://plugins-cdn.grafana.net/grafana-kowalski-app/1.64.0/public/plugins/grafana-kowalski-app/463.js?_cache=1ed629a5641ef9c0de99:2:268575)
    at Generator.next (<anonymous>)
    at https://plugins-cdn.grafana.net/grafana-kowalski-app/1.64.0/public/plugins/grafana-kowalski-app/463.js?_cache=1ed629a5641ef9c0de99:2:264856
    at new Promise (<anonymous>)
    at Tr (https://plugins-cdn.grafana.net/grafana-kowalski-app/1.64.0/public/plugins/grafana-kowalski-app/463.js?_cache=1ed629a5641ef9c0de99:2:264601)
    at Mr.fetchWithKeepaliveRetry (https://plugins-cdn.grafana.net/grafana-kowalski-app/1.64.0/public/plugins/grafana-kowalski-app/463.js?_cache=1ed629a5641ef9c0de99:2:268487) @ https://plugins-cdn.grafana.net/grafana-kowalski-app/1.64.0/public/plugins/grafana-kowalski-app/463.js?_cache=1ed629a5641ef9c0de99:1
[75545484ms] [ERROR] WebSocket connection to 'wss://devfedb13.grafana.net/api/live/ws' failed: Error in connection establishment: net::ERR_INTERNET_DISCONNECTED @ https://grafana-assets.grafana.net/grafana/13.2.0-30616302309/public/build/3788-react19.93988d65f50992991cc7.js:291
[75545531ms] [ERROR] Failed to load resource: net::ERR_INTERNET_DISCONNECTED @ https://devfedb13.grafana.net/api/login/ping:0
[75545679ms] [ERROR] Failed to load resource: net::ERR_INTERNET_DISCONNECTED @ https://faro-collector-ops-eu-south-0.grafana-ops.net/collect/2aaaae17b963ac219cd6e23a4850f00e:0
[75545680ms] [ERROR] Faro
 @grafana/faro-web-sdk:transport-fetch
 Failed sending payload to the receiver
 {meta: Object, events: Array(4)} TypeError: Failed to fetch
    at https://grafana-assets.grafana.net/grafana/13.2.0-30616302309/public/build/1849-react19.2ac26fdddffdb4cf8597.js:177:52559
    at window.fetch (https://plugins-cdn.grafana.net/grafana-kowalski-app/1.64.0/public/plugins/grafana-kowalski-app/463.js?_cache=1ed629a5641ef9c0de99:2:206687)
    at https://plugins-cdn.grafana.net/grafana-kowalski-app/1.64.0/public/plugins/grafana-kowalski-app/463.js?_cache=1ed629a5641ef9c0de99:2:336969
    at o.<computed>.o.<computed> (https://rsi.grafana.com/v1.1/js-integrations/Fullstory.min.js:1:5852)
    at Mr.<anonymous> (https://plugins-cdn.grafana.net/grafana-kowalski-app/1.64.0/public/plugins/grafana-kowalski-app/463.js?_cache=1ed629a5641ef9c0de99:2:268575)
    at Generator.next (<anonymous>)
    at https://plugins-cdn.grafana.net/grafana-kowalski-app/1.64.0/public/plugins/grafana-kowalski-app/463.js?_cache=1ed629a5641ef9c0de99:2:264856
    at new Promise (<anonymous>)
    at Tr (https://plugins-cdn.grafana.net/grafana-kowalski-app/1.64.0/public/plugins/grafana-kowalski-app/463.js?_cache=1ed629a5641ef9c0de99:2:264601)
    at Mr.fetchWithKeepaliveRetry (https://plugins-cdn.grafana.net/grafana-kowalski-app/1.64.0/public/plugins/grafana-kowalski-app/463.js?_cache=1ed629a5641ef9c0de99:2:268487) @ https://plugins-cdn.grafana.net/grafana-kowalski-app/1.64.0/public/plugins/grafana-kowalski-app/463.js?_cache=1ed629a5641ef9c0de99:1
[75545742ms] [ERROR] Failed to load resource: net::ERR_INTERNET_DISCONNECTED @ https://faro-collector-ops-eu-south-0.grafana-ops.net/collect/bc03dd0f2a088059ae67a23bc296a26d:0
[75545748ms] [ERROR] Failed to load resource: net::ERR_INTERNET_DISCONNECTED @ https://faro-collector-ops-eu-south-0.grafana-ops.net/collect/bc03dd0f2a088059ae67a23bc296a26d:0
[75547268ms] [ERROR] Failed to load resource: net::ERR_INTERNET_DISCONNECTED @ https://faro-collector-ops-eu-south-0.grafana-ops.net/collect/2aaaae17b963ac219cd6e23a4850f00e:0
[75547272ms] [ERROR] Failed to load resource: net::ERR_INTERNET_DISCONNECTED @ https://faro-collector-ops-eu-south-0.grafana-ops.net/collect/2aaaae17b963ac219cd6e23a4850f00e:0
[75547272ms] [ERROR] Faro
 @grafana/faro-web-sdk:transport-fetch
 Failed sending payload to the receiver
 {meta: Object, events: Array(2)} TypeError: Failed to fetch
    at https://grafana-assets.grafana.net/grafana/13.2.0-30616302309/public/build/1849-react19.2ac26fdddffdb4cf8597.js:177:52559
    at window.fetch (https://plugins-cdn.grafana.net/grafana-kowalski-app/1.64.0/public/plugins/grafana-kowalski-app/463.js?_cache=1ed629a5641ef9c0de99:2:206687)
    at https://plugins-cdn.grafana.net/grafana-kowalski-app/1.64.0/public/plugins/grafana-kowalski-app/463.js?_cache=1ed629a5641ef9c0de99:2:336969
    at o.<computed>.o.<computed> (https://rsi.grafana.com/v1.1/js-integrations/Fullstory.min.js:1:5852)
    at Mr.<anonymous> (https://plugins-cdn.grafana.net/grafana-kowalski-app/1.64.0/public/plugins/grafana-kowalski-app/463.js?_cache=1ed629a5641ef9c0de99:2:268817)
    at Generator.throw (<anonymous>)
    at a (https://plugins-cdn.grafana.net/grafana-kowalski-app/1.64.0/public/plugins/grafana-kowalski-app/463.js?_cache=1ed629a5641ef9c0de99:2:264709) @ https://plugins-cdn.grafana.net/grafana-kowalski-app/1.64.0/public/plugins/grafana-kowalski-app/463.js?_cache=1ed629a5641ef9c0de99:1
[75547345ms] [ERROR] Failed to load resource: net::ERR_INTERNET_DISCONNECTED @ https://faro-collector-ops-eu-south-0.grafana-ops.net/collect/2aaaae17b963ac219cd6e23a4850f00e:0
[75547348ms] [ERROR] Failed to load resource: net::ERR_INTERNET_DISCONNECTED @ https://faro-collector-ops-eu-south-0.grafana-ops.net/collect/2aaaae17b963ac219cd6e23a4850f00e:0
[75547348ms] [ERROR] Faro
 @grafana/faro-web-sdk:transport-fetch
 Failed sending payload to the receiver
 {meta: Object, events: Array(1)} TypeError: Failed to fetch
    at https://grafana-assets.grafana.net/grafana/13.2.0-30616302309/public/build/1849-react19.2ac26fdddffdb4cf8597.js:177:52559
    at window.fetch (https://plugins-cdn.grafana.net/grafana-kowalski-app/1.64.0/public/plugins/grafana-kowalski-app/463.js?_cache=1ed629a5641ef9c0de99:2:206687)
    at https://plugins-cdn.grafana.net/grafana-kowalski-app/1.64.0/public/plugins/grafana-kowalski-app/463.js?_cache=1ed629a5641ef9c0de99:2:336969
    at o.<computed>.o.<computed> (https://rsi.grafana.com/v1.1/js-integrations/Fullstory.min.js:1:5852)
    at Mr.<anonymous> (https://plugins-cdn.grafana.net/grafana-kowalski-app/1.64.0/public/plugins/grafana-kowalski-app/463.js?_cache=1ed629a5641ef9c0de99:2:268817)
    at Generator.throw (<anonymous>)
    at a (https://plugins-cdn.grafana.net/grafana-kowalski-app/1.64.0/public/plugins/grafana-kowalski-app/463.js?_cache=1ed629a5641ef9c0de99:2:264709) @ https://plugins-cdn.grafana.net/grafana-kowalski-app/1.64.0/public/plugins/grafana-kowalski-app/463.js?_cache=1ed629a5641ef9c0de99:1
[75547772ms] [ERROR] Failed to load resource: net::ERR_INTERNET_DISCONNECTED @ https://faro-collector-ops-eu-south-0.grafana-ops.net/collect/bc03dd0f2a088059ae67a23bc296a26d:0
[75547805ms] [ERROR] Failed to load resource: net::ERR_INTERNET_DISCONNECTED @ https://faro-collector-ops-eu-south-0.grafana-ops.net/collect/bc03dd0f2a088059ae67a23bc296a26d:0
[75550322ms] [ERROR] WebSocket connection to 'wss://devfedb13.grafana.net/api/live/ws' failed: Error in connection establishment: net::ERR_INTERNET_DISCONNECTED @ https://grafana-assets.grafana.net/grafana/13.2.0-30616302309/public/build/3788-react19.93988d65f50992991cc7.js:291
[75551128ms] [ERROR] WebSocket connection to 'wss://devfedb13.grafana.net/api/live/ws' failed: Error in connection establishment: net::ERR_INTERNET_DISCONNECTED @ https://grafana-assets.grafana.net/grafana/13.2.0-30616302309/public/build/3788-react19.93988d65f50992991cc7.js:291
[75551144ms] [ERROR] Failed to load resource: net::ERR_INTERNET_DISCONNECTED @ https://devfedb13.grafana.net/api/login/ping:0
[75551348ms] [ERROR] Failed to load resource: net::ERR_INTERNET_DISCONNECTED @ https://faro-collector-ops-eu-south-0.grafana-ops.net/collect/2aaaae17b963ac219cd6e23a4850f00e:0
[75551350ms] [ERROR] Failed to load resource: net::ERR_INTERNET_DISCONNECTED @ https://faro-collector-ops-eu-south-0.grafana-ops.net/collect/2aaaae17b963ac219cd6e23a4850f00e:0
[75551351ms] [ERROR] Faro
 @grafana/faro-web-sdk:transport-fetch
 Failed sending payload to the receiver
 {meta: Object, events: Array(1)} TypeError: Failed to fetch
    at https://grafana-assets.grafana.net/grafana/13.2.0-30616302309/public/build/1849-react19.2ac26fdddffdb4cf8597.js:177:52559
    at window.fetch (https://plugins-cdn.grafana.net/grafana-kowalski-app/1.64.0/public/plugins/grafana-kowalski-app/463.js?_cache=1ed629a5641ef9c0de99:2:206687)
    at https://plugins-cdn.grafana.net/grafana-kowalski-app/1.64.0/public/plugins/grafana-kowalski-app/463.js?_cache=1ed629a5641ef9c0de99:2:336969
    at o.<computed>.o.<computed> (https://rsi.grafana.com/v1.1/js-integrations/Fullstory.min.js:1:5852)
    at Mr.<anonymous> (https://plugins-cdn.grafana.net/grafana-kowalski-app/1.64.0/public/plugins/grafana-kowalski-app/463.js?_cache=1ed629a5641ef9c0de99:2:268817)
    at Generator.throw (<anonymous>)
    at a (https://plugins-cdn.grafana.net/grafana-kowalski-app/1.64.0/public/plugins/grafana-kowalski-app/463.js?_cache=1ed629a5641ef9c0de99:2:264709) @ https://plugins-cdn.grafana.net/grafana-kowalski-app/1.64.0/public/plugins/grafana-kowalski-app/463.js?_cache=1ed629a5641ef9c0de99:1
[75551684ms] [ERROR] Failed to load resource: net::ERR_INTERNET_DISCONNECTED @ https://faro-collector-ops-eu-south-0.grafana-ops.net/collect/bc03dd0f2a088059ae67a23bc296a26d:0
[75551687ms] [ERROR] Failed to load resource: net::ERR_INTERNET_DISCONNECTED @ https://faro-collector-ops-eu-south-0.grafana-ops.net/collect/bc03dd0f2a088059ae67a23bc296a26d:0
[75552308ms] [ERROR] WebSocket connection to 'wss://devfedb13.grafana.net/api/live/ws' failed: Error in connection establishment: net::ERR_INTERNET_DISCONNECTED @ https://grafana-assets.grafana.net/grafana/13.2.0-30616302309/public/build/3788-react19.93988d65f50992991cc7.js:291
[75552605ms] [ERROR] Failed to load resource: net::ERR_INTERNET_DISCONNECTED @ https://faro-collector-ops-eu-south-0.grafana-ops.net/collect/2aaaae17b963ac219cd6e23a4850f00e:0
[75552608ms] [ERROR] Failed to load resource: net::ERR_INTERNET_DISCONNECTED @ https://faro-collector-ops-eu-south-0.grafana-ops.net/collect/2aaaae17b963ac219cd6e23a4850f00e:0
[75552608ms] [ERROR] Faro
 @grafana/faro-web-sdk:transport-fetch
 Failed sending payload to the receiver
 {meta: Object, events: Array(1)} TypeError: Failed to fetch
    at https://grafana-assets.grafana.net/grafana/13.2.0-30616302309/public/build/1849-react19.2ac26fdddffdb4cf8597.js:177:52559
    at window.fetch (https://plugins-cdn.grafana.net/grafana-kowalski-app/1.64.0/public/plugins/grafana-kowalski-app/463.js?_cache=1ed629a5641ef9c0de99:2:206687)
    at https://plugins-cdn.grafana.net/grafana-kowalski-app/1.64.0/public/plugins/grafana-kowalski-app/463.js?_cache=1ed629a5641ef9c0de99:2:336969
    at o.<computed>.o.<computed> (https://rsi.grafana.com/v1.1/js-integrations/Fullstory.min.js:1:5852)
    at Mr.<anonymous> (https://plugins-cdn.grafana.net/grafana-kowalski-app/1.64.0/public/plugins/grafana-kowalski-app/463.js?_cache=1ed629a5641ef9c0de99:2:268817)
    at Generator.throw (<anonymous>)
    at a (https://plugins-cdn.grafana.net/grafana-kowalski-app/1.64.0/public/plugins/grafana-kowalski-app/463.js?_cache=1ed629a5641ef9c0de99:2:264709) @ https://plugins-cdn.grafana.net/grafana-kowalski-app/1.64.0/public/plugins/grafana-kowalski-app/463.js?_cache=1ed629a5641ef9c0de99:1
[75553688ms] [ERROR] Failed to load resource: net::ERR_INTERNET_DISCONNECTED @ https://faro-collector-ops-eu-south-0.grafana-ops.net/collect/bc03dd0f2a088059ae67a23bc296a26d:0
[75553692ms] [ERROR] Failed to load resource: net::ERR_INTERNET_DISCONNECTED @ https://faro-collector-ops-eu-south-0.grafana-ops.net/collect/bc03dd0f2a088059ae67a23bc296a26d:0
[75566966ms] [ERROR] WebSocket connection to 'wss://devfedb13.grafana.net/api/live/ws' failed: Error in connection establishment: net::ERR_INTERNET_DISCONNECTED @ https://grafana-assets.grafana.net/grafana/13.2.0-30616302309/public/build/3788-react19.93988d65f50992991cc7.js:291
[75566981ms] [ERROR] Failed to load resource: net::ERR_INTERNET_DISCONNECTED @ https://devfedb13.grafana.net/api/login/ping:0
[75567098ms] [ERROR] Failed to load resource: net::ERR_INTERNET_DISCONNECTED @ https://faro-collector-ops-eu-south-0.grafana-ops.net/collect/2aaaae17b963ac219cd6e23a4850f00e:0
[75567100ms] [ERROR] Failed to load resource: net::ERR_INTERNET_DISCONNECTED @ https://faro-collector-ops-eu-south-0.grafana-ops.net/collect/2aaaae17b963ac219cd6e23a4850f00e:0
[75567100ms] [ERROR] Faro
 @grafana/faro-web-sdk:transport-fetch
 Failed sending payload to the receiver
 {meta: Object, events: Array(2)} TypeError: Failed to fetch
    at https://grafana-assets.grafana.net/grafana/13.2.0-30616302309/public/build/1849-react19.2ac26fdddffdb4cf8597.js:177:52559
    at window.fetch (https://plugins-cdn.grafana.net/grafana-kowalski-app/1.64.0/public/plugins/grafana-kowalski-app/463.js?_cache=1ed629a5641ef9c0de99:2:206687)
    at https://plugins-cdn.grafana.net/grafana-kowalski-app/1.64.0/public/plugins/grafana-kowalski-app/463.js?_cache=1ed629a5641ef9c0de99:2:336969
    at o.<computed>.o.<computed> (https://rsi.grafana.com/v1.1/js-integrations/Fullstory.min.js:1:5852)
    at Mr.<anonymous> (https://plugins-cdn.grafana.net/grafana-kowalski-app/1.64.0/public/plugins/grafana-kowalski-app/463.js?_cache=1ed629a5641ef9c0de99:2:268817)
    at Generator.throw (<anonymous>)
    at a (https://plugins-cdn.grafana.net/grafana-kowalski-app/1.64.0/public/plugins/grafana-kowalski-app/463.js?_cache=1ed629a5641ef9c0de99:2:264709) @ https://plugins-cdn.grafana.net/grafana-kowalski-app/1.64.0/public/plugins/grafana-kowalski-app/463.js?_cache=1ed629a5641ef9c0de99:1
[75567682ms] [ERROR] Failed to load resource: net::ERR_INTERNET_DISCONNECTED @ https://faro-collector-ops-eu-south-0.grafana-ops.net/collect/bc03dd0f2a088059ae67a23bc296a26d:0
[75567686ms] [ERROR] Failed to load resource: net::ERR_INTERNET_DISCONNECTED @ https://faro-collector-ops-eu-south-0.grafana-ops.net/collect/bc03dd0f2a088059ae67a23bc296a26d:0
[75569683ms] [ERROR] Failed to load resource: net::ERR_INTERNET_DISCONNECTED @ https://faro-collector-ops-eu-south-0.grafana-ops.net/collect/bc03dd0f2a088059ae67a23bc296a26d:0
[75569687ms] [ERROR] Failed to load resource: net::ERR_INTERNET_DISCONNECTED @ https://faro-collector-ops-eu-south-0.grafana-ops.net/collect/bc03dd0f2a088059ae67a23bc296a26d:0
[75574100ms] [ERROR] Failed to load resource: net::ERR_INTERNET_DISCONNECTED @ https://faro-collector-ops-eu-south-0.grafana-ops.net/collect/2aaaae17b963ac219cd6e23a4850f00e:0
[75574104ms] [ERROR] Failed to load resource: net::ERR_INTERNET_DISCONNECTED @ https://faro-collector-ops-eu-south-0.grafana-ops.net/collect/2aaaae17b963ac219cd6e23a4850f00e:0
[75574104ms] [ERROR] Faro
 @grafana/faro-web-sdk:transport-fetch
 Failed sending payload to the receiver
 {meta: Object, events: Array(1)} TypeError: Failed to fetch
    at https://grafana-assets.grafana.net/grafana/13.2.0-30616302309/public/build/1849-react19.2ac26fdddffdb4cf8597.js:177:52559
    at window.fetch (https://plugins-cdn.grafana.net/grafana-kowalski-app/1.64.0/public/plugins/grafana-kowalski-app/463.js?_cache=1ed629a5641ef9c0de99:2:206687)
    at https://plugins-cdn.grafana.net/grafana-kowalski-app/1.64.0/public/plugins/grafana-kowalski-app/463.js?_cache=1ed629a5641ef9c0de99:2:336969
    at o.<computed>.o.<computed> (https://rsi.grafana.com/v1.1/js-integrations/Fullstory.min.js:1:5852)
    at Mr.<anonymous> (https://plugins-cdn.grafana.net/grafana-kowalski-app/1.64.0/public/plugins/grafana-kowalski-app/463.js?_cache=1ed629a5641ef9c0de99:2:268817)
    at Generator.throw (<anonymous>)
    at a (https://plugins-cdn.grafana.net/grafana-kowalski-app/1.64.0/public/plugins/grafana-kowalski-app/463.js?_cache=1ed629a5641ef9c0de99:2:264709) @ https://plugins-cdn.grafana.net/grafana-kowalski-app/1.64.0/public/plugins/grafana-kowalski-app/463.js?_cache=1ed629a5641ef9c0de99:1
[75576444ms] [ERROR] WebSocket connection to 'wss://devfedb13.grafana.net/api/live/ws' failed: Error in connection establishment: net::ERR_INTERNET_DISCONNECTED @ https://grafana-assets.grafana.net/grafana/13.2.0-30616302309/public/build/3788-react19.93988d65f50992991cc7.js:291
[75576450ms] [ERROR] Failed to load resource: net::ERR_INTERNET_DISCONNECTED @ https://devfedb13.grafana.net/api/login/ping:0
[75576599ms] [ERROR] Failed to load resource: net::ERR_INTERNET_DISCONNECTED @ https://faro-collector-ops-eu-south-0.grafana-ops.net/collect/2aaaae17b963ac219cd6e23a4850f00e:0
[75576604ms] [ERROR] Failed to load resource: net::ERR_INTERNET_DISCONNECTED @ https://faro-collector-ops-eu-south-0.grafana-ops.net/collect/2aaaae17b963ac219cd6e23a4850f00e:0
[75576604ms] [ERROR] Faro
 @grafana/faro-web-sdk:transport-fetch
 Failed sending payload to the receiver
 {meta: Object, events: Array(2)} TypeError: Failed to fetch
    at https://grafana-assets.grafana.net/grafana/13.2.0-30616302309/public/build/1849-react19.2ac26fdddffdb4cf8597.js:177:52559
    at window.fetch (https://plugins-cdn.grafana.net/grafana-kowalski-app/1.64.0/public/plugins/grafana-kowalski-app/463.js?_cache=1ed629a5641ef9c0de99:2:206687)
    at https://plugins-cdn.grafana.net/grafana-kowalski-app/1.64.0/public/plugins/grafana-kowalski-app/463.js?_cache=1ed629a5641ef9c0de99:2:336969
    at o.<computed>.o.<computed> (https://rsi.grafana.com/v1.1/js-integrations/Fullstory.min.js:1:5852)
    at Mr.<anonymous> (https://plugins-cdn.grafana.net/grafana-kowalski-app/1.64.0/public/plugins/grafana-kowalski-app/463.js?_cache=1ed629a5641ef9c0de99:2:268817)
    at Generator.throw (<anonymous>)
    at a (https://plugins-cdn.grafana.net/grafana-kowalski-app/1.64.0/public/plugins/grafana-kowalski-app/463.js?_cache=1ed629a5641ef9c0de99:2:264709) @ https://plugins-cdn.grafana.net/grafana-kowalski-app/1.64.0/public/plugins/grafana-kowalski-app/463.js?_cache=1ed629a5641ef9c0de99:1
[75577084ms] [ERROR] WebSocket connection to 'wss://devfedb13.grafana.net/api/live/ws' failed: Error in connection establishment: net::ERR_INTERNET_DISCONNECTED @ https://grafana-assets.grafana.net/grafana/13.2.0-30616302309/public/build/3788-react19.93988d65f50992991cc7.js:291
[75577683ms] [ERROR] Failed to load resource: net::ERR_INTERNET_DISCONNECTED @ https://faro-collector-ops-eu-south-0.grafana-ops.net/collect/bc03dd0f2a088059ae67a23bc296a26d:0
[75577686ms] [ERROR] Failed to load resource: net::ERR_INTERNET_DISCONNECTED @ https://faro-collector-ops-eu-south-0.grafana-ops.net/collect/bc03dd0f2a088059ae67a23bc296a26d:0
[75579682ms] [ERROR] Failed to load resource: net::ERR_INTERNET_DISCONNECTED @ https://faro-collector-ops-eu-south-0.grafana-ops.net/collect/bc03dd0f2a088059ae67a23bc296a26d:0
[75579684ms] [ERROR] Failed to load resource: net::ERR_INTERNET_DISCONNECTED @ https://faro-collector-ops-eu-south-0.grafana-ops.net/collect/bc03dd0f2a088059ae67a23bc296a26d:0
[75583147ms] [ERROR] WebSocket connection to 'wss://devfedb13.grafana.net/api/live/ws' failed: Error in connection establishment: net::ERR_INTERNET_DISCONNECTED @ https://grafana-assets.grafana.net/grafana/13.2.0-30616302309/public/build/3788-react19.93988d65f50992991cc7.js:291
[75583151ms] [ERROR] Failed to load resource: net::ERR_INTERNET_DISCONNECTED @ https://devfedb13.grafana.net/api/login/ping:0
[75583346ms] [ERROR] Failed to load resource: net::ERR_INTERNET_DISCONNECTED @ https://faro-collector-ops-eu-south-0.grafana-ops.net/collect/2aaaae17b963ac219cd6e23a4850f00e:0
[75583348ms] [ERROR] Failed to load resource: net::ERR_INTERNET_DISCONNECTED @ https://faro-collector-ops-eu-south-0.grafana-ops.net/collect/2aaaae17b963ac219cd6e23a4850f00e:0
[75583349ms] [ERROR] Faro
 @grafana/faro-web-sdk:transport-fetch
 Failed sending payload to the receiver
 {meta: Object, events: Array(1)} TypeError: Failed to fetch
    at https://grafana-assets.grafana.net/grafana/13.2.0-30616302309/public/build/1849-react19.2ac26fdddffdb4cf8597.js:177:52559
    at window.fetch (https://plugins-cdn.grafana.net/grafana-kowalski-app/1.64.0/public/plugins/grafana-kowalski-app/463.js?_cache=1ed629a5641ef9c0de99:2:206687)
    at https://plugins-cdn.grafana.net/grafana-kowalski-app/1.64.0/public/plugins/grafana-kowalski-app/463.js?_cache=1ed629a5641ef9c0de99:2:336969
    at o.<computed>.o.<computed> (https://rsi.grafana.com/v1.1/js-integrations/Fullstory.min.js:1:5852)
    at Mr.<anonymous> (https://plugins-cdn.grafana.net/grafana-kowalski-app/1.64.0/public/plugins/grafana-kowalski-app/463.js?_cache=1ed629a5641ef9c0de99:2:268817)
    at Generator.throw (<anonymous>)
    at a (https://plugins-cdn.grafana.net/grafana-kowalski-app/1.64.0/public/plugins/grafana-kowalski-app/463.js?_cache=1ed629a5641ef9c0de99:2:264709) @ https://plugins-cdn.grafana.net/grafana-kowalski-app/1.64.0/public/plugins/grafana-kowalski-app/463.js?_cache=1ed629a5641ef9c0de99:1
[75583598ms] [ERROR] Failed to load resource: net::ERR_INTERNET_DISCONNECTED @ https://faro-collector-ops-eu-south-0.grafana-ops.net/collect/2aaaae17b963ac219cd6e23a4850f00e:0
[75583601ms] [ERROR] Failed to load resource: net::ERR_INTERNET_DISCONNECTED @ https://faro-collector-ops-eu-south-0.grafana-ops.net/collect/2aaaae17b963ac219cd6e23a4850f00e:0
[75583601ms] [ERROR] Faro
 @grafana/faro-web-sdk:transport-fetch
 Failed sending payload to the receiver
 {meta: Object, events: Array(1)} TypeError: Failed to fetch
    at https://grafana-assets.grafana.net/grafana/13.2.0-30616302309/public/build/1849-react19.2ac26fdddffdb4cf8597.js:177:52559
    at window.fetch (https://plugins-cdn.grafana.net/grafana-kowalski-app/1.64.0/public/plugins/grafana-kowalski-app/463.js?_cache=1ed629a5641ef9c0de99:2:206687)
    at https://plugins-cdn.grafana.net/grafana-kowalski-app/1.64.0/public/plugins/grafana-kowalski-app/463.js?_cache=1ed629a5641ef9c0de99:2:336969
    at o.<computed>.o.<computed> (https://rsi.grafana.com/v1.1/js-integrations/Fullstory.min.js:1:5852)
    at Mr.<anonymous> (https://plugins-cdn.grafana.net/grafana-kowalski-app/1.64.0/public/plugins/grafana-kowalski-app/463.js?_cache=1ed629a5641ef9c0de99:2:268817)
    at Generator.throw (<anonymous>)
    at a (https://plugins-cdn.grafana.net/grafana-kowalski-app/1.64.0/public/plugins/grafana-kowalski-app/463.js?_cache=1ed629a5641ef9c0de99:2:264709) @ https://plugins-cdn.grafana.net/grafana-kowalski-app/1.64.0/public/plugins/grafana-kowalski-app/463.js?_cache=1ed629a5641ef9c0de99:1
[75583681ms] [ERROR] Failed to load resource: net::ERR_INTERNET_DISCONNECTED @ https://faro-collector-ops-eu-south-0.grafana-ops.net/collect/bc03dd0f2a088059ae67a23bc296a26d:0
[75583684ms] [ERROR] Failed to load resource: net::ERR_INTERNET_DISCONNECTED @ https://faro-collector-ops-eu-south-0.grafana-ops.net/collect/bc03dd0f2a088059ae67a23bc296a26d:0
[75585681ms] [ERROR] Failed to load resource: net::ERR_INTERNET_DISCONNECTED @ https://faro-collector-ops-eu-south-0.grafana-ops.net/collect/bc03dd0f2a088059ae67a23bc296a26d:0
[75585682ms] [ERROR] Failed to load resource: net::ERR_INTERNET_DISCONNECTED @ https://faro-collector-ops-eu-south-0.grafana-ops.net/collect/bc03dd0f2a088059ae67a23bc296a26d:0
[75592102ms] [ERROR] Failed to load resource: net::ERR_INTERNET_DISCONNECTED @ https://faro-collector-ops-eu-south-0.grafana-ops.net/collect/2aaaae17b963ac219cd6e23a4850f00e:0
[75592106ms] [ERROR] Failed to load resource: net::ERR_INTERNET_DISCONNECTED @ https://faro-collector-ops-eu-south-0.grafana-ops.net/collect/2aaaae17b963ac219cd6e23a4850f00e:0
[75592107ms] [ERROR] Faro
 @grafana/faro-web-sdk:transport-fetch
 Failed sending payload to the receiver
 {meta: Object, events: Array(1)} TypeError: Failed to fetch
    at https://grafana-assets.grafana.net/grafana/13.2.0-30616302309/public/build/1849-react19.2ac26fdddffdb4cf8597.js:177:52559
    at window.fetch (https://plugins-cdn.grafana.net/grafana-kowalski-app/1.64.0/public/plugins/grafana-kowalski-app/463.js?_cache=1ed629a5641ef9c0de99:2:206687)
    at https://plugins-cdn.grafana.net/grafana-kowalski-app/1.64.0/public/plugins/grafana-kowalski-app/463.js?_cache=1ed629a5641ef9c0de99:2:336969
    at o.<computed>.o.<computed> (https://rsi.grafana.com/v1.1/js-integrations/Fullstory.min.js:1:5852)
    at Mr.<anonymous> (https://plugins-cdn.grafana.net/grafana-kowalski-app/1.64.0/public/plugins/grafana-kowalski-app/463.js?_cache=1ed629a5641ef9c0de99:2:268817)
    at Generator.throw (<anonymous>)
    at a (https://plugins-cdn.grafana.net/grafana-kowalski-app/1.64.0/public/plugins/grafana-kowalski-app/463.js?_cache=1ed629a5641ef9c0de99:2:264709) @ https://plugins-cdn.grafana.net/grafana-kowalski-app/1.64.0/public/plugins/grafana-kowalski-app/463.js?_cache=1ed629a5641ef9c0de99:1
[75601487ms] [ERROR] WebSocket connection to 'wss://devfedb13.grafana.net/api/live/ws' failed: Error in connection establishment: net::ERR_INTERNET_DISCONNECTED @ https://grafana-assets.grafana.net/grafana/13.2.0-30616302309/public/build/3788-react19.93988d65f50992991cc7.js:291
[75601492ms] [ERROR] Failed to load resource: net::ERR_INTERNET_DISCONNECTED @ https://devfedb13.grafana.net/api/login/ping:0
[75601599ms] [ERROR] Failed to load resource: net::ERR_INTERNET_DISCONNECTED @ https://faro-collector-ops-eu-south-0.grafana-ops.net/collect/2aaaae17b963ac219cd6e23a4850f00e:0
[75601601ms] [ERROR] Failed to load resource: net::ERR_INTERNET_DISCONNECTED @ https://faro-collector-ops-eu-south-0.grafana-ops.net/collect/2aaaae17b963ac219cd6e23a4850f00e:0
[75601602ms] [ERROR] Faro
 @grafana/faro-web-sdk:transport-fetch
 Failed sending payload to the receiver
 {meta: Object, events: Array(1)} TypeError: Failed to fetch
    at https://grafana-assets.grafana.net/grafana/13.2.0-30616302309/public/build/1849-react19.2ac26fdddffdb4cf8597.js:177:52559
    at window.fetch (https://plugins-cdn.grafana.net/grafana-kowalski-app/1.64.0/public/plugins/grafana-kowalski-app/463.js?_cache=1ed629a5641ef9c0de99:2:206687)
    at https://plugins-cdn.grafana.net/grafana-kowalski-app/1.64.0/public/plugins/grafana-kowalski-app/463.js?_cache=1ed629a5641ef9c0de99:2:336969
    at o.<computed>.o.<computed> (https://rsi.grafana.com/v1.1/js-integrations/Fullstory.min.js:1:5852)
    at Mr.<anonymous> (https://plugins-cdn.grafana.net/grafana-kowalski-app/1.64.0/public/plugins/grafana-kowalski-app/463.js?_cache=1ed629a5641ef9c0de99:2:268817)
    at Generator.throw (<anonymous>)
    at a (https://plugins-cdn.grafana.net/grafana-kowalski-app/1.64.0/public/plugins/grafana-kowalski-app/463.js?_cache=1ed629a5641ef9c0de99:2:264709) @ https://plugins-cdn.grafana.net/grafana-kowalski-app/1.64.0/public/plugins/grafana-kowalski-app/463.js?_cache=1ed629a5641ef9c0de99:1
[75601680ms] [ERROR] Failed to load resource: net::ERR_INTERNET_DISCONNECTED @ https://faro-collector-ops-eu-south-0.grafana-ops.net/collect/bc03dd0f2a088059ae67a23bc296a26d:0
[75601682ms] [ERROR] Failed to load resource: net::ERR_INTERNET_DISCONNECTED @ https://faro-collector-ops-eu-south-0.grafana-ops.net/collect/bc03dd0f2a088059ae67a23bc296a26d:0
[75603685ms] [ERROR] Failed to load resource: net::ERR_INTERNET_DISCONNECTED @ https://faro-collector-ops-eu-south-0.grafana-ops.net/collect/bc03dd0f2a088059ae67a23bc296a26d:0
[75603689ms] [ERROR] Failed to load resource: net::ERR_INTERNET_DISCONNECTED @ https://faro-collector-ops-eu-south-0.grafana-ops.net/collect/bc03dd0f2a088059ae67a23bc296a26d:0
[75607366ms] [ERROR] WebSocket connection to 'wss://devfedb13.grafana.net/api/live/ws' failed: Error in connection establishment: net::ERR_INTERNET_DISCONNECTED @ https://grafana-assets.grafana.net/grafana/13.2.0-30616302309/public/build/3788-react19.93988d65f50992991cc7.js:291
[75607374ms] [ERROR] Failed to load resource: net::ERR_INTERNET_DISCONNECTED @ https://devfedb13.grafana.net/api/login/ping:0
[75607602ms] [ERROR] Failed to load resource: net::ERR_INTERNET_DISCONNECTED @ https://faro-collector-ops-eu-south-0.grafana-ops.net/collect/2aaaae17b963ac219cd6e23a4850f00e:0
[75607607ms] [ERROR] Failed to load resource: net::ERR_INTERNET_DISCONNECTED @ https://faro-collector-ops-eu-south-0.grafana-ops.net/collect/2aaaae17b963ac219cd6e23a4850f00e:0
[75607608ms] [ERROR] Faro
 @grafana/faro-web-sdk:transport-fetch
 Failed sending payload to the receiver
 {meta: Object, events: Array(1)} TypeError: Failed to fetch
    at https://grafana-assets.grafana.net/grafana/13.2.0-30616302309/public/build/1849-react19.2ac26fdddffdb4cf8597.js:177:52559
    at window.fetch (https://plugins-cdn.grafana.net/grafana-kowalski-app/1.64.0/public/plugins/grafana-kowalski-app/463.js?_cache=1ed629a5641ef9c0de99:2:206687)
    at https://plugins-cdn.grafana.net/grafana-kowalski-app/1.64.0/public/plugins/grafana-kowalski-app/463.js?_cache=1ed629a5641ef9c0de99:2:336969
    at o.<computed>.o.<computed> (https://rsi.grafana.com/v1.1/js-integrations/Fullstory.min.js:1:5852)
    at Mr.<anonymous> (https://plugins-cdn.grafana.net/grafana-kowalski-app/1.64.0/public/plugins/grafana-kowalski-app/463.js?_cache=1ed629a5641ef9c0de99:2:268817)
    at Generator.throw (<anonymous>)
    at a (https://plugins-cdn.grafana.net/grafana-kowalski-app/1.64.0/public/plugins/grafana-kowalski-app/463.js?_cache=1ed629a5641ef9c0de99:2:264709) @ https://plugins-cdn.grafana.net/grafana-kowalski-app/1.64.0/public/plugins/grafana-kowalski-app/463.js?_cache=1ed629a5641ef9c0de99:1
[75607683ms] [ERROR] Failed to load resource: net::ERR_INTERNET_DISCONNECTED @ https://faro-collector-ops-eu-south-0.grafana-ops.net/collect/bc03dd0f2a088059ae67a23bc296a26d:0
[75607687ms] [ERROR] Failed to load resource: net::ERR_INTERNET_DISCONNECTED @ https://faro-collector-ops-eu-south-0.grafana-ops.net/collect/bc03dd0f2a088059ae67a23bc296a26d:0
[75609684ms] [ERROR] Failed to load resource: net::ERR_INTERNET_DISCONNECTED @ https://faro-collector-ops-eu-south-0.grafana-ops.net/collect/bc03dd0f2a088059ae67a23bc296a26d:0
[75609688ms] [ERROR] Failed to load resource: net::ERR_INTERNET_DISCONNECTED @ https://faro-collector-ops-eu-south-0.grafana-ops.net/collect/bc03dd0f2a088059ae67a23bc296a26d:0
[75618268ms] [ERROR] WebSocket connection to 'wss://devfedb13.grafana.net/api/live/ws' failed: Error in connection establishment: net::ERR_INTERNET_DISCONNECTED @ https://grafana-assets.grafana.net/grafana/13.2.0-30616302309/public/build/3788-react19.93988d65f50992991cc7.js:291
[75618275ms] [ERROR] Failed to load resource: net::ERR_INTERNET_DISCONNECTED @ https://devfedb13.grafana.net/api/login/ping:0
[75618359ms] [ERROR] Failed to load resource: net::ERR_INTERNET_DISCONNECTED @ https://faro-collector-ops-eu-south-0.grafana-ops.net/collect/2aaaae17b963ac219cd6e23a4850f00e:0
[75618367ms] [ERROR] Failed to load resource: net::ERR_INTERNET_DISCONNECTED @ https://faro-collector-ops-eu-south-0.grafana-ops.net/collect/2aaaae17b963ac219cd6e23a4850f00e:0
[75618367ms] [ERROR] Faro
 @grafana/faro-web-sdk:transport-fetch
 Failed sending payload to the receiver
 {meta: Object, events: Array(1)} TypeError: Failed to fetch
    at https://grafana-assets.grafana.net/grafana/13.2.0-30616302309/public/build/1849-react19.2ac26fdddffdb4cf8597.js:177:52559
    at window.fetch (https://plugins-cdn.grafana.net/grafana-kowalski-app/1.64.0/public/plugins/grafana-kowalski-app/463.js?_cache=1ed629a5641ef9c0de99:2:206687)
    at https://plugins-cdn.grafana.net/grafana-kowalski-app/1.64.0/public/plugins/grafana-kowalski-app/463.js?_cache=1ed629a5641ef9c0de99:2:336969
    at o.<computed>.o.<computed> (https://rsi.grafana.com/v1.1/js-integrations/Fullstory.min.js:1:5852)
    at Mr.<anonymous> (https://plugins-cdn.grafana.net/grafana-kowalski-app/1.64.0/public/plugins/grafana-kowalski-app/463.js?_cache=1ed629a5641ef9c0de99:2:268817)
    at Generator.throw (<anonymous>)
    at a (https://plugins-cdn.grafana.net/grafana-kowalski-app/1.64.0/public/plugins/grafana-kowalski-app/463.js?_cache=1ed629a5641ef9c0de99:2:264709) @ https://plugins-cdn.grafana.net/grafana-kowalski-app/1.64.0/public/plugins/grafana-kowalski-app/463.js?_cache=1ed629a5641ef9c0de99:1
[75619680ms] [ERROR] Failed to load resource: net::ERR_INTERNET_DISCONNECTED @ https://faro-collector-ops-eu-south-0.grafana-ops.net/collect/bc03dd0f2a088059ae67a23bc296a26d:0
[75619682ms] [ERROR] Failed to load resource: net::ERR_INTERNET_DISCONNECTED @ https://faro-collector-ops-eu-south-0.grafana-ops.net/collect/bc03dd0f2a088059ae67a23bc296a26d:0
[75623395ms] [ERROR] WebSocket connection to 'wss://devfedb13.grafana.net/api/live/ws' failed: Error in connection establishment: net::ERR_INTERNET_DISCONNECTED @ https://grafana-assets.grafana.net/grafana/13.2.0-30616302309/public/build/3788-react19.93988d65f50992991cc7.js:291
[75623408ms] [ERROR] Failed to load resource: net::ERR_INTERNET_DISCONNECTED @ https://devfedb13.grafana.net/api/login/ping:0
[75623600ms] [ERROR] Failed to load resource: net::ERR_INTERNET_DISCONNECTED @ https://faro-collector-ops-eu-south-0.grafana-ops.net/collect/2aaaae17b963ac219cd6e23a4850f00e:0
[75623604ms] [ERROR] Failed to load resource: net::ERR_INTERNET_DISCONNECTED @ https://faro-collector-ops-eu-south-0.grafana-ops.net/collect/2aaaae17b963ac219cd6e23a4850f00e:0
[75623604ms] [ERROR] Faro
 @grafana/faro-web-sdk:transport-fetch
 Failed sending payload to the receiver
 {meta: Object, events: Array(1)} TypeError: Failed to fetch
    at https://grafana-assets.grafana.net/grafana/13.2.0-30616302309/public/build/1849-react19.2ac26fdddffdb4cf8597.js:177:52559
    at window.fetch (https://plugins-cdn.grafana.net/grafana-kowalski-app/1.64.0/public/plugins/grafana-kowalski-app/463.js?_cache=1ed629a5641ef9c0de99:2:206687)
    at https://plugins-cdn.grafana.net/grafana-kowalski-app/1.64.0/public/plugins/grafana-kowalski-app/463.js?_cache=1ed629a5641ef9c0de99:2:336969
    at o.<computed>.o.<computed> (https://rsi.grafana.com/v1.1/js-integrations/Fullstory.min.js:1:5852)
    at Mr.<anonymous> (https://plugins-cdn.grafana.net/grafana-kowalski-app/1.64.0/public/plugins/grafana-kowalski-app/463.js?_cache=1ed629a5641ef9c0de99:2:268817)
    at Generator.throw (<anonymous>)
    at a (https://plugins-cdn.grafana.net/grafana-kowalski-app/1.64.0/public/plugins/grafana-kowalski-app/463.js?_cache=1ed629a5641ef9c0de99:2:264709) @ https://plugins-cdn.grafana.net/grafana-kowalski-app/1.64.0/public/plugins/grafana-kowalski-app/463.js?_cache=1ed629a5641ef9c0de99:1
[75623684ms] [ERROR] Failed to load resource: net::ERR_INTERNET_DISCONNECTED @ https://faro-collector-ops-eu-south-0.grafana-ops.net/collect/bc03dd0f2a088059ae67a23bc296a26d:0
[75623688ms] [ERROR] Failed to load resource: net::ERR_INTERNET_DISCONNECTED @ https://faro-collector-ops-eu-south-0.grafana-ops.net/collect/bc03dd0f2a088059ae67a23bc296a26d:0
[75625690ms] [ERROR] Failed to load resource: net::ERR_INTERNET_DISCONNECTED @ https://faro-collector-ops-eu-south-0.grafana-ops.net/collect/bc03dd0f2a088059ae67a23bc296a26d:0
[75625695ms] [ERROR] Failed to load resource: net::ERR_INTERNET_DISCONNECTED @ https://faro-collector-ops-eu-south-0.grafana-ops.net/collect/bc03dd0f2a088059ae67a23bc296a26d:0
[75630463ms] [ERROR] WebSocket connection to 'wss://devfedb13.grafana.net/api/live/ws' failed: Error in connection establishment: net::ERR_INTERNET_DISCONNECTED @ https://grafana-assets.grafana.net/grafana/13.2.0-30616302309/public/build/3788-react19.93988d65f50992991cc7.js:291
[75630477ms] [ERROR] Failed to load resource: net::ERR_INTERNET_DISCONNECTED @ https://devfedb13.grafana.net/api/login/ping:0
[75630607ms] [ERROR] Failed to load resource: net::ERR_INTERNET_DISCONNECTED @ https://faro-collector-ops-eu-south-0.grafana-ops.net/collect/2aaaae17b963ac219cd6e23a4850f00e:0
[75630612ms] [ERROR] Failed to load resource: net::ERR_INTERNET_DISCONNECTED @ https://faro-collector-ops-eu-south-0.grafana-ops.net/collect/2aaaae17b963ac219cd6e23a4850f00e:0
[75630613ms] [ERROR] Faro
 @grafana/faro-web-sdk:transport-fetch
 Failed sending payload to the receiver
 {meta: Object, events: Array(1)} TypeError: Failed to fetch
    at https://grafana-assets.grafana.net/grafana/13.2.0-30616302309/public/build/1849-react19.2ac26fdddffdb4cf8597.js:177:52559
    at window.fetch (https://plugins-cdn.grafana.net/grafana-kowalski-app/1.64.0/public/plugins/grafana-kowalski-app/463.js?_cache=1ed629a5641ef9c0de99:2:206687)
    at https://plugins-cdn.grafana.net/grafana-kowalski-app/1.64.0/public/plugins/grafana-kowalski-app/463.js?_cache=1ed629a5641ef9c0de99:2:336969
    at o.<computed>.o.<computed> (https://rsi.grafana.com/v1.1/js-integrations/Fullstory.min.js:1:5852)
    at Mr.<anonymous> (https://plugins-cdn.grafana.net/grafana-kowalski-app/1.64.0/public/plugins/grafana-kowalski-app/463.js?_cache=1ed629a5641ef9c0de99:2:268817)
    at Generator.throw (<anonymous>)
    at a (https://plugins-cdn.grafana.net/grafana-kowalski-app/1.64.0/public/plugins/grafana-kowalski-app/463.js?_cache=1ed629a5641ef9c0de99:2:264709) @ https://plugins-cdn.grafana.net/grafana-kowalski-app/1.64.0/public/plugins/grafana-kowalski-app/463.js?_cache=1ed629a5641ef9c0de99:1
[75631684ms] [ERROR] Failed to load resource: net::ERR_INTERNET_DISCONNECTED @ https://faro-collector-ops-eu-south-0.grafana-ops.net/collect/bc03dd0f2a088059ae67a23bc296a26d:0
[75631688ms] [ERROR] Failed to load resource: net::ERR_INTERNET_DISCONNECTED @ https://faro-collector-ops-eu-south-0.grafana-ops.net/collect/bc03dd0f2a088059ae67a23bc296a26d:0
[75633683ms] [ERROR] Failed to load resource: net::ERR_INTERNET_DISCONNECTED @ https://faro-collector-ops-eu-south-0.grafana-ops.net/collect/bc03dd0f2a088059ae67a23bc296a26d:0
[75633684ms] [ERROR] Failed to load resource: net::ERR_INTERNET_DISCONNECTED @ https://faro-collector-ops-eu-south-0.grafana-ops.net/collect/bc03dd0f2a088059ae67a23bc296a26d:0
[75645053ms] [ERROR] WebSocket connection to 'wss://devfedb13.grafana.net/api/live/ws' failed: Error in connection establishment: net::ERR_INTERNET_DISCONNECTED @ https://grafana-assets.grafana.net/grafana/13.2.0-30616302309/public/build/3788-react19.93988d65f50992991cc7.js:291
[75645056ms] [ERROR] Failed to load resource: net::ERR_INTERNET_DISCONNECTED @ https://devfedb13.grafana.net/api/login/ping:0
[75645099ms] [ERROR] Failed to load resource: net::ERR_INTERNET_DISCONNECTED @ https://faro-collector-ops-eu-south-0.grafana-ops.net/collect/2aaaae17b963ac219cd6e23a4850f00e:0
[75645103ms] [ERROR] Failed to load resource: net::ERR_INTERNET_DISCONNECTED @ https://faro-collector-ops-eu-south-0.grafana-ops.net/collect/2aaaae17b963ac219cd6e23a4850f00e:0
[75645103ms] [ERROR] Faro
 @grafana/faro-web-sdk:transport-fetch
 Failed sending payload to the receiver
 {meta: Object, events: Array(1)} TypeError: Failed to fetch
    at https://grafana-assets.grafana.net/grafana/13.2.0-30616302309/public/build/1849-react19.2ac26fdddffdb4cf8597.js:177:52559
    at window.fetch (https://plugins-cdn.grafana.net/grafana-kowalski-app/1.64.0/public/plugins/grafana-kowalski-app/463.js?_cache=1ed629a5641ef9c0de99:2:206687)
    at https://plugins-cdn.grafana.net/grafana-kowalski-app/1.64.0/public/plugins/grafana-kowalski-app/463.js?_cache=1ed629a5641ef9c0de99:2:336969
    at o.<computed>.o.<computed> (https://rsi.grafana.com/v1.1/js-integrations/Fullstory.min.js:1:5852)
    at Mr.<anonymous> (https://plugins-cdn.grafana.net/grafana-kowalski-app/1.64.0/public/plugins/grafana-kowalski-app/463.js?_cache=1ed629a5641ef9c0de99:2:268817)
    at Generator.throw (<anonymous>)
    at a (https://plugins-cdn.grafana.net/grafana-kowalski-app/1.64.0/public/plugins/grafana-kowalski-app/463.js?_cache=1ed629a5641ef9c0de99:2:264709) @ https://plugins-cdn.grafana.net/grafana-kowalski-app/1.64.0/public/plugins/grafana-kowalski-app/463.js?_cache=1ed629a5641ef9c0de99:1
[75645684ms] [ERROR] Failed to load resource: net::ERR_INTERNET_DISCONNECTED @ https://faro-collector-ops-eu-south-0.grafana-ops.net/collect/bc03dd0f2a088059ae67a23bc296a26d:0
[75645688ms] [ERROR] Failed to load resource: net::ERR_INTERNET_DISCONNECTED @ https://faro-collector-ops-eu-south-0.grafana-ops.net/collect/bc03dd0f2a088059ae67a23bc296a26d:0
[75647685ms] [ERROR] Failed to load resource: net::ERR_INTERNET_DISCONNECTED @ https://faro-collector-ops-eu-south-0.grafana-ops.net/collect/bc03dd0f2a088059ae67a23bc296a26d:0
[75647688ms] [ERROR] Failed to load resource: net::ERR_INTERNET_DISCONNECTED @ https://faro-collector-ops-eu-south-0.grafana-ops.net/collect/bc03dd0f2a088059ae67a23bc296a26d:0
[75660577ms] [ERROR] WebSocket connection to 'wss://devfedb13.grafana.net/api/live/ws' failed: Error in connection establishment: net::ERR_INTERNET_DISCONNECTED @ https://grafana-assets.grafana.net/grafana/13.2.0-30616302309/public/build/3788-react19.93988d65f50992991cc7.js:291
[75660581ms] [ERROR] Failed to load resource: net::ERR_INTERNET_DISCONNECTED @ https://devfedb13.grafana.net/api/login/ping:0
[75660596ms] [ERROR] Failed to load resource: net::ERR_INTERNET_DISCONNECTED @ https://faro-collector-ops-eu-south-0.grafana-ops.net/collect/2aaaae17b963ac219cd6e23a4850f00e:0
[75660597ms] [ERROR] Failed to load resource: net::ERR_INTERNET_DISCONNECTED @ https://faro-collector-ops-eu-south-0.grafana-ops.net/collect/2aaaae17b963ac219cd6e23a4850f00e:0
[75660597ms] [ERROR] Faro
 @grafana/faro-web-sdk:transport-fetch
 Failed sending payload to the receiver
 {meta: Object, events: Array(1)} TypeError: Failed to fetch
    at https://grafana-assets.grafana.net/grafana/13.2.0-30616302309/public/build/1849-react19.2ac26fdddffdb4cf8597.js:177:52559
    at window.fetch (https://plugins-cdn.grafana.net/grafana-kowalski-app/1.64.0/public/plugins/grafana-kowalski-app/463.js?_cache=1ed629a5641ef9c0de99:2:206687)
    at https://plugins-cdn.grafana.net/grafana-kowalski-app/1.64.0/public/plugins/grafana-kowalski-app/463.js?_cache=1ed629a5641ef9c0de99:2:336969
    at o.<computed>.o.<computed> (https://rsi.grafana.com/v1.1/js-integrations/Fullstory.min.js:1:5852)
    at Mr.<anonymous> (https://plugins-cdn.grafana.net/grafana-kowalski-app/1.64.0/public/plugins/grafana-kowalski-app/463.js?_cache=1ed629a5641ef9c0de99:2:268817)
    at Generator.throw (<anonymous>)
    at a (https://plugins-cdn.grafana.net/grafana-kowalski-app/1.64.0/public/plugins/grafana-kowalski-app/463.js?_cache=1ed629a5641ef9c0de99:2:264709) @ https://plugins-cdn.grafana.net/grafana-kowalski-app/1.64.0/public/plugins/grafana-kowalski-app/463.js?_cache=1ed629a5641ef9c0de99:1
[75661235ms] [ERROR] WebSocket connection to 'wss://devfedb13.grafana.net/api/live/ws' failed: Error in connection establishment: net::ERR_INTERNET_DISCONNECTED @ https://grafana-assets.grafana.net/grafana/13.2.0-30616302309/public/build/3788-react19.93988d65f50992991cc7.js:291
[75661685ms] [ERROR] Failed to load resource: net::ERR_INTERNET_DISCONNECTED @ https://faro-collector-ops-eu-south-0.grafana-ops.net/collect/bc03dd0f2a088059ae67a23bc296a26d:0
[75661690ms] [ERROR] Failed to load resource: net::ERR_INTERNET_DISCONNECTED @ https://faro-collector-ops-eu-south-0.grafana-ops.net/collect/bc03dd0f2a088059ae67a23bc296a26d:0
[75663685ms] [ERROR] Failed to load resource: net::ERR_INTERNET_DISCONNECTED @ https://faro-collector-ops-eu-south-0.grafana-ops.net/collect/bc03dd0f2a088059ae67a23bc296a26d:0
[75663690ms] [ERROR] Failed to load resource: net::ERR_INTERNET_DISCONNECTED @ https://faro-collector-ops-eu-south-0.grafana-ops.net/collect/bc03dd0f2a088059ae67a23bc296a26d:0
[75681066ms] [ERROR] WebSocket connection to 'wss://devfedb13.grafana.net/api/live/ws' failed: Error in connection establishment: net::ERR_INTERNET_DISCONNECTED @ https://grafana-assets.grafana.net/grafana/13.2.0-30616302309/public/build/3788-react19.93988d65f50992991cc7.js:291
[75681073ms] [ERROR] Failed to load resource: net::ERR_INTERNET_DISCONNECTED @ https://devfedb13.grafana.net/api/login/ping:0
[75681098ms] [ERROR] Failed to load resource: net::ERR_INTERNET_DISCONNECTED @ https://faro-collector-ops-eu-south-0.grafana-ops.net/collect/2aaaae17b963ac219cd6e23a4850f00e:0
[75681099ms] [ERROR] Failed to load resource: net::ERR_INTERNET_DISCONNECTED @ https://faro-collector-ops-eu-south-0.grafana-ops.net/collect/2aaaae17b963ac219cd6e23a4850f00e:0
[75681099ms] [ERROR] Faro
 @grafana/faro-web-sdk:transport-fetch
 Failed sending payload to the receiver
 {meta: Object, events: Array(1)} TypeError: Failed to fetch
    at https://grafana-assets.grafana.net/grafana/13.2.0-30616302309/public/build/1849-react19.2ac26fdddffdb4cf8597.js:177:52559
    at window.fetch (https://plugins-cdn.grafana.net/grafana-kowalski-app/1.64.0/public/plugins/grafana-kowalski-app/463.js?_cache=1ed629a5641ef9c0de99:2:206687)
    at https://plugins-cdn.grafana.net/grafana-kowalski-app/1.64.0/public/plugins/grafana-kowalski-app/463.js?_cache=1ed629a5641ef9c0de99:2:336969
    at o.<computed>.o.<computed> (https://rsi.grafana.com/v1.1/js-integrations/Fullstory.min.js:1:5852)
    at Mr.<anonymous> (https://plugins-cdn.grafana.net/grafana-kowalski-app/1.64.0/public/plugins/grafana-kowalski-app/463.js?_cache=1ed629a5641ef9c0de99:2:268817)
    at Generator.throw (<anonymous>)
    at a (https://plugins-cdn.grafana.net/grafana-kowalski-app/1.64.0/public/plugins/grafana-kowalski-app/463.js?_cache=1ed629a5641ef9c0de99:2:264709) @ https://plugins-cdn.grafana.net/grafana-kowalski-app/1.64.0/public/plugins/grafana-kowalski-app/463.js?_cache=1ed629a5641ef9c0de99:1
[75681686ms] [ERROR] Failed to load resource: net::ERR_INTERNET_DISCONNECTED @ https://faro-collector-ops-eu-south-0.grafana-ops.net/collect/bc03dd0f2a088059ae67a23bc296a26d:0
[75681690ms] [ERROR] Failed to load resource: net::ERR_INTERNET_DISCONNECTED @ https://faro-collector-ops-eu-south-0.grafana-ops.net/collect/bc03dd0f2a088059ae67a23bc296a26d:0
[75683685ms] [ERROR] Failed to load resource: net::ERR_INTERNET_DISCONNECTED @ https://faro-collector-ops-eu-south-0.grafana-ops.net/collect/bc03dd0f2a088059ae67a23bc296a26d:0
[75683690ms] [ERROR] Failed to load resource: net::ERR_INTERNET_DISCONNECTED @ https://faro-collector-ops-eu-south-0.grafana-ops.net/collect/bc03dd0f2a088059ae67a23bc296a26d:0
[75693217ms] [ERROR] WebSocket connection to 'wss://devfedb13.grafana.net/api/live/ws' failed: Error in connection establishment: net::ERR_INTERNET_DISCONNECTED @ https://grafana-assets.grafana.net/grafana/13.2.0-30616302309/public/build/3788-react19.93988d65f50992991cc7.js:291
[75693225ms] [ERROR] Failed to load resource: net::ERR_INTERNET_DISCONNECTED @ https://devfedb13.grafana.net/api/login/ping:0
[75693349ms] [ERROR] Failed to load resource: net::ERR_INTERNET_DISCONNECTED @ https://faro-collector-ops-eu-south-0.grafana-ops.net/collect/2aaaae17b963ac219cd6e23a4850f00e:0
[75693352ms] [ERROR] Failed to load resource: net::ERR_INTERNET_DISCONNECTED @ https://faro-collector-ops-eu-south-0.grafana-ops.net/collect/2aaaae17b963ac219cd6e23a4850f00e:0
[75693352ms] [ERROR] Faro
 @grafana/faro-web-sdk:transport-fetch
 Failed sending payload to the receiver
 {meta: Object, events: Array(1)} TypeError: Failed to fetch
    at https://grafana-assets.grafana.net/grafana/13.2.0-30616302309/public/build/1849-react19.2ac26fdddffdb4cf8597.js:177:52559
    at window.fetch (https://plugins-cdn.grafana.net/grafana-kowalski-app/1.64.0/public/plugins/grafana-kowalski-app/463.js?_cache=1ed629a5641ef9c0de99:2:206687)
    at https://plugins-cdn.grafana.net/grafana-kowalski-app/1.64.0/public/plugins/grafana-kowalski-app/463.js?_cache=1ed629a5641ef9c0de99:2:336969
    at o.<computed>.o.<computed> (https://rsi.grafana.com/v1.1/js-integrations/Fullstory.min.js:1:5852)
    at Mr.<anonymous> (https://plugins-cdn.grafana.net/grafana-kowalski-app/1.64.0/public/plugins/grafana-kowalski-app/463.js?_cache=1ed629a5641ef9c0de99:2:268817)
    at Generator.throw (<anonymous>)
    at a (https://plugins-cdn.grafana.net/grafana-kowalski-app/1.64.0/public/plugins/grafana-kowalski-app/463.js?_cache=1ed629a5641ef9c0de99:2:264709) @ https://plugins-cdn.grafana.net/grafana-kowalski-app/1.64.0/public/plugins/grafana-kowalski-app/463.js?_cache=1ed629a5641ef9c0de99:1
[75693680ms] [ERROR] Failed to load resource: net::ERR_INTERNET_DISCONNECTED @ https://faro-collector-ops-eu-south-0.grafana-ops.net/collect/bc03dd0f2a088059ae67a23bc296a26d:0
[75693682ms] [ERROR] Failed to load resource: net::ERR_INTERNET_DISCONNECTED @ https://faro-collector-ops-eu-south-0.grafana-ops.net/collect/bc03dd0f2a088059ae67a23bc296a26d:0
[75695685ms] [ERROR] Failed to load resource: net::ERR_INTERNET_DISCONNECTED @ https://faro-collector-ops-eu-south-0.grafana-ops.net/collect/bc03dd0f2a088059ae67a23bc296a26d:0
[75695689ms] [ERROR] Failed to load resource: net::ERR_INTERNET_DISCONNECTED @ https://faro-collector-ops-eu-south-0.grafana-ops.net/collect/bc03dd0f2a088059ae67a23bc296a26d:0
[75709613ms] [ERROR] WebSocket connection to 'wss://devfedb13.grafana.net/api/live/ws' failed: Error in connection establishment: net::ERR_INTERNET_DISCONNECTED @ https://grafana-assets.grafana.net/grafana/13.2.0-30616302309/public/build/3788-react19.93988d65f50992991cc7.js:291
[75709624ms] [ERROR] Failed to load resource: net::ERR_INTERNET_DISCONNECTED @ https://devfedb13.grafana.net/api/login/ping:0
[75709687ms] [ERROR] Failed to load resource: net::ERR_INTERNET_DISCONNECTED @ https://faro-collector-ops-eu-south-0.grafana-ops.net/collect/bc03dd0f2a088059ae67a23bc296a26d:0
[75709690ms] [ERROR] Failed to load resource: net::ERR_INTERNET_DISCONNECTED @ https://faro-collector-ops-eu-south-0.grafana-ops.net/collect/bc03dd0f2a088059ae67a23bc296a26d:0
[75709851ms] [ERROR] Failed to load resource: net::ERR_INTERNET_DISCONNECTED @ https://faro-collector-ops-eu-south-0.grafana-ops.net/collect/2aaaae17b963ac219cd6e23a4850f00e:0
[75709855ms] [ERROR] Failed to load resource: net::ERR_INTERNET_DISCONNECTED @ https://faro-collector-ops-eu-south-0.grafana-ops.net/collect/2aaaae17b963ac219cd6e23a4850f00e:0
[75709855ms] [ERROR] Faro
 @grafana/faro-web-sdk:transport-fetch
 Failed sending payload to the receiver
 {meta: Object, events: Array(1)} TypeError: Failed to fetch
    at https://grafana-assets.grafana.net/grafana/13.2.0-30616302309/public/build/1849-react19.2ac26fdddffdb4cf8597.js:177:52559
    at window.fetch (https://plugins-cdn.grafana.net/grafana-kowalski-app/1.64.0/public/plugins/grafana-kowalski-app/463.js?_cache=1ed629a5641ef9c0de99:2:206687)
    at https://plugins-cdn.grafana.net/grafana-kowalski-app/1.64.0/public/plugins/grafana-kowalski-app/463.js?_cache=1ed629a5641ef9c0de99:2:336969
    at o.<computed>.o.<computed> (https://rsi.grafana.com/v1.1/js-integrations/Fullstory.min.js:1:5852)
    at Mr.<anonymous> (https://plugins-cdn.grafana.net/grafana-kowalski-app/1.64.0/public/plugins/grafana-kowalski-app/463.js?_cache=1ed629a5641ef9c0de99:2:268817)
    at Generator.throw (<anonymous>)
    at a (https://plugins-cdn.grafana.net/grafana-kowalski-app/1.64.0/public/plugins/grafana-kowalski-app/463.js?_cache=1ed629a5641ef9c0de99:2:264709) @ https://plugins-cdn.grafana.net/grafana-kowalski-app/1.64.0/public/plugins/grafana-kowalski-app/463.js?_cache=1ed629a5641ef9c0de99:1
[75711686ms] [ERROR] Failed to load resource: net::ERR_INTERNET_DISCONNECTED @ https://faro-collector-ops-eu-south-0.grafana-ops.net/collect/bc03dd0f2a088059ae67a23bc296a26d:0
[75711691ms] [ERROR] Failed to load resource: net::ERR_INTERNET_DISCONNECTED @ https://faro-collector-ops-eu-south-0.grafana-ops.net/collect/bc03dd0f2a088059ae67a23bc296a26d:0
[75720198ms] [ERROR] WebSocket connection to 'wss://devfedb13.grafana.net/api/live/ws' failed: Error in connection establishment: net::ERR_INTERNET_DISCONNECTED @ https://grafana-assets.grafana.net/grafana/13.2.0-30616302309/public/build/3788-react19.93988d65f50992991cc7.js:291
[75720208ms] [ERROR] Failed to load resource: net::ERR_INTERNET_DISCONNECTED @ https://devfedb13.grafana.net/api/login/ping:0
[75720350ms] [ERROR] Failed to load resource: net::ERR_INTERNET_DISCONNECTED @ https://faro-collector-ops-eu-south-0.grafana-ops.net/collect/2aaaae17b963ac219cd6e23a4850f00e:0
[75720353ms] [ERROR] Failed to load resource: net::ERR_INTERNET_DISCONNECTED @ https://faro-collector-ops-eu-south-0.grafana-ops.net/collect/2aaaae17b963ac219cd6e23a4850f00e:0
[75720353ms] [ERROR] Faro
 @grafana/faro-web-sdk:transport-fetch
 Failed sending payload to the receiver
 {meta: Object, events: Array(1)} TypeError: Failed to fetch
    at https://grafana-assets.grafana.net/grafana/13.2.0-30616302309/public/build/1849-react19.2ac26fdddffdb4cf8597.js:177:52559
    at window.fetch (https://plugins-cdn.grafana.net/grafana-kowalski-app/1.64.0/public/plugins/grafana-kowalski-app/463.js?_cache=1ed629a5641ef9c0de99:2:206687)
    at https://plugins-cdn.grafana.net/grafana-kowalski-app/1.64.0/public/plugins/grafana-kowalski-app/463.js?_cache=1ed629a5641ef9c0de99:2:336969
    at o.<computed>.o.<computed> (https://rsi.grafana.com/v1.1/js-integrations/Fullstory.min.js:1:5852)
    at Mr.<anonymous> (https://plugins-cdn.grafana.net/grafana-kowalski-app/1.64.0/public/plugins/grafana-kowalski-app/463.js?_cache=1ed629a5641ef9c0de99:2:268817)
    at Generator.throw (<anonymous>)
    at a (https://plugins-cdn.grafana.net/grafana-kowalski-app/1.64.0/public/plugins/grafana-kowalski-app/463.js?_cache=1ed629a5641ef9c0de99:2:264709) @ https://plugins-cdn.grafana.net/grafana-kowalski-app/1.64.0/public/plugins/grafana-kowalski-app/463.js?_cache=1ed629a5641ef9c0de99:1
[75721682ms] [ERROR] Failed to load resource: net::ERR_INTERNET_DISCONNECTED @ https://faro-collector-ops-eu-south-0.grafana-ops.net/collect/bc03dd0f2a088059ae67a23bc296a26d:0
[75721684ms] [ERROR] Failed to load resource: net::ERR_INTERNET_DISCONNECTED @ https://faro-collector-ops-eu-south-0.grafana-ops.net/collect/bc03dd0f2a088059ae67a23bc296a26d:0
[75723061ms] [ERROR] WebSocket connection to 'wss://devfedb13.grafana.net/api/live/ws' failed: Error in connection establishment: net::ERR_INTERNET_DISCONNECTED @ https://grafana-assets.grafana.net/grafana/13.2.0-30616302309/public/build/3788-react19.93988d65f50992991cc7.js:291
[75733283ms] [ERROR] WebSocket connection to 'wss://devfedb13.grafana.net/api/live/ws' failed: Error in connection establishment: net::ERR_INTERNET_DISCONNECTED @ https://grafana-assets.grafana.net/grafana/13.2.0-30616302309/public/build/3788-react19.93988d65f50992991cc7.js:291
[75733289ms] [ERROR] Failed to load resource: net::ERR_INTERNET_DISCONNECTED @ https://devfedb13.grafana.net/api/login/ping:0
[75733358ms] [ERROR] Failed to load resource: net::ERR_INTERNET_DISCONNECTED @ https://faro-collector-ops-eu-south-0.grafana-ops.net/collect/2aaaae17b963ac219cd6e23a4850f00e:0
[75733362ms] [ERROR] Failed to load resource: net::ERR_INTERNET_DISCONNECTED @ https://faro-collector-ops-eu-south-0.grafana-ops.net/collect/2aaaae17b963ac219cd6e23a4850f00e:0
[75733362ms] [ERROR] Faro
 @grafana/faro-web-sdk:transport-fetch
 Failed sending payload to the receiver
 {meta: Object, events: Array(1)} TypeError: Failed to fetch
    at https://grafana-assets.grafana.net/grafana/13.2.0-30616302309/public/build/1849-react19.2ac26fdddffdb4cf8597.js:177:52559
    at window.fetch (https://plugins-cdn.grafana.net/grafana-kowalski-app/1.64.0/public/plugins/grafana-kowalski-app/463.js?_cache=1ed629a5641ef9c0de99:2:206687)
    at https://plugins-cdn.grafana.net/grafana-kowalski-app/1.64.0/public/plugins/grafana-kowalski-app/463.js?_cache=1ed629a5641ef9c0de99:2:336969
    at o.<computed>.o.<computed> (https://rsi.grafana.com/v1.1/js-integrations/Fullstory.min.js:1:5852)
    at Mr.<anonymous> (https://plugins-cdn.grafana.net/grafana-kowalski-app/1.64.0/public/plugins/grafana-kowalski-app/463.js?_cache=1ed629a5641ef9c0de99:2:268817)
    at Generator.throw (<anonymous>)
    at a (https://plugins-cdn.grafana.net/grafana-kowalski-app/1.64.0/public/plugins/grafana-kowalski-app/463.js?_cache=1ed629a5641ef9c0de99:2:264709) @ https://plugins-cdn.grafana.net/grafana-kowalski-app/1.64.0/public/plugins/grafana-kowalski-app/463.js?_cache=1ed629a5641ef9c0de99:1
[75733682ms] [ERROR] Failed to load resource: net::ERR_INTERNET_DISCONNECTED @ https://faro-collector-ops-eu-south-0.grafana-ops.net/collect/bc03dd0f2a088059ae67a23bc296a26d:0
[75733685ms] [ERROR] Failed to load resource: net::ERR_INTERNET_DISCONNECTED @ https://faro-collector-ops-eu-south-0.grafana-ops.net/collect/bc03dd0f2a088059ae67a23bc296a26d:0
[75735686ms] [ERROR] Failed to load resource: net::ERR_INTERNET_DISCONNECTED @ https://faro-collector-ops-eu-south-0.grafana-ops.net/collect/bc03dd0f2a088059ae67a23bc296a26d:0
[75735690ms] [ERROR] Failed to load resource: net::ERR_INTERNET_DISCONNECTED @ https://faro-collector-ops-eu-south-0.grafana-ops.net/collect/bc03dd0f2a088059ae67a23bc296a26d:0
[75741848ms] [ERROR] WebSocket connection to 'wss://devfedb13.grafana.net/api/live/ws' failed: Error in connection establishment: net::ERR_INTERNET_DISCONNECTED @ https://grafana-assets.grafana.net/grafana/13.2.0-30616302309/public/build/3788-react19.93988d65f50992991cc7.js:291
[75741855ms] [ERROR] Failed to load resource: net::ERR_INTERNET_DISCONNECTED @ https://devfedb13.grafana.net/api/login/ping:0
[75742098ms] [ERROR] Failed to load resource: net::ERR_INTERNET_DISCONNECTED @ https://faro-collector-ops-eu-south-0.grafana-ops.net/collect/2aaaae17b963ac219cd6e23a4850f00e:0
[75742105ms] [ERROR] Failed to load resource: net::ERR_INTERNET_DISCONNECTED @ https://faro-collector-ops-eu-south-0.grafana-ops.net/collect/2aaaae17b963ac219cd6e23a4850f00e:0
[75742105ms] [ERROR] Faro
 @grafana/faro-web-sdk:transport-fetch
 Failed sending payload to the receiver
 {meta: Object, events: Array(1)} TypeError: Failed to fetch
    at https://grafana-assets.grafana.net/grafana/13.2.0-30616302309/public/build/1849-react19.2ac26fdddffdb4cf8597.js:177:52559
    at window.fetch (https://plugins-cdn.grafana.net/grafana-kowalski-app/1.64.0/public/plugins/grafana-kowalski-app/463.js?_cache=1ed629a5641ef9c0de99:2:206687)
    at https://plugins-cdn.grafana.net/grafana-kowalski-app/1.64.0/public/plugins/grafana-kowalski-app/463.js?_cache=1ed629a5641ef9c0de99:2:336969
    at o.<computed>.o.<computed> (https://rsi.grafana.com/v1.1/js-integrations/Fullstory.min.js:1:5852)
    at Mr.<anonymous> (https://plugins-cdn.grafana.net/grafana-kowalski-app/1.64.0/public/plugins/grafana-kowalski-app/463.js?_cache=1ed629a5641ef9c0de99:2:268817)
    at Generator.throw (<anonymous>)
    at a (https://plugins-cdn.grafana.net/grafana-kowalski-app/1.64.0/public/plugins/grafana-kowalski-app/463.js?_cache=1ed629a5641ef9c0de99:2:264709) @ https://plugins-cdn.grafana.net/grafana-kowalski-app/1.64.0/public/plugins/grafana-kowalski-app/463.js?_cache=1ed629a5641ef9c0de99:1
[75743688ms] [ERROR] Failed to load resource: net::ERR_INTERNET_DISCONNECTED @ https://faro-collector-ops-eu-south-0.grafana-ops.net/collect/bc03dd0f2a088059ae67a23bc296a26d:0
[75743693ms] [ERROR] Failed to load resource: net::ERR_INTERNET_DISCONNECTED @ https://faro-collector-ops-eu-south-0.grafana-ops.net/collect/bc03dd0f2a088059ae67a23bc296a26d:0
[75759232ms] [ERROR] WebSocket connection to 'wss://devfedb13.grafana.net/api/live/ws' failed: Error in connection establishment: net::ERR_INTERNET_DISCONNECTED @ https://grafana-assets.grafana.net/grafana/13.2.0-30616302309/public/build/3788-react19.93988d65f50992991cc7.js:291
[75759245ms] [ERROR] Failed to load resource: net::ERR_INTERNET_DISCONNECTED @ https://devfedb13.grafana.net/api/login/ping:0
[75759357ms] [ERROR] Failed to load resource: net::ERR_INTERNET_DISCONNECTED @ https://faro-collector-ops-eu-south-0.grafana-ops.net/collect/2aaaae17b963ac219cd6e23a4850f00e:0
[75759371ms] [ERROR] Failed to load resource: net::ERR_INTERNET_DISCONNECTED @ https://faro-collector-ops-eu-south-0.grafana-ops.net/collect/2aaaae17b963ac219cd6e23a4850f00e:0
[75759371ms] [ERROR] Faro
 @grafana/faro-web-sdk:transport-fetch
 Failed sending payload to the receiver
 {meta: Object, events: Array(1)} TypeError: Failed to fetch
    at https://grafana-assets.grafana.net/grafana/13.2.0-30616302309/public/build/1849-react19.2ac26fdddffdb4cf8597.js:177:52559
    at window.fetch (https://plugins-cdn.grafana.net/grafana-kowalski-app/1.64.0/public/plugins/grafana-kowalski-app/463.js?_cache=1ed629a5641ef9c0de99:2:206687)
    at https://plugins-cdn.grafana.net/grafana-kowalski-app/1.64.0/public/plugins/grafana-kowalski-app/463.js?_cache=1ed629a5641ef9c0de99:2:336969
    at o.<computed>.o.<computed> (https://rsi.grafana.com/v1.1/js-integrations/Fullstory.min.js:1:5852)
    at Mr.<anonymous> (https://plugins-cdn.grafana.net/grafana-kowalski-app/1.64.0/public/plugins/grafana-kowalski-app/463.js?_cache=1ed629a5641ef9c0de99:2:268817)
    at Generator.throw (<anonymous>)
    at a (https://plugins-cdn.grafana.net/grafana-kowalski-app/1.64.0/public/plugins/grafana-kowalski-app/463.js?_cache=1ed629a5641ef9c0de99:2:264709) @ https://plugins-cdn.grafana.net/grafana-kowalski-app/1.64.0/public/plugins/grafana-kowalski-app/463.js?_cache=1ed629a5641ef9c0de99:1
[75759685ms] [ERROR] Failed to load resource: net::ERR_INTERNET_DISCONNECTED @ https://faro-collector-ops-eu-south-0.grafana-ops.net/collect/bc03dd0f2a088059ae67a23bc296a26d:0
[75759690ms] [ERROR] Failed to load resource: net::ERR_INTERNET_DISCONNECTED @ https://faro-collector-ops-eu-south-0.grafana-ops.net/collect/bc03dd0f2a088059ae67a23bc296a26d:0
[75761682ms] [ERROR] Failed to load resource: net::ERR_INTERNET_DISCONNECTED @ https://faro-collector-ops-eu-south-0.grafana-ops.net/collect/bc03dd0f2a088059ae67a23bc296a26d:0
[75761684ms] [ERROR] Failed to load resource: net::ERR_INTERNET_DISCONNECTED @ https://faro-collector-ops-eu-south-0.grafana-ops.net/collect/bc03dd0f2a088059ae67a23bc296a26d:0
[75767599ms] [ERROR] WebSocket connection to 'wss://devfedb13.grafana.net/api/live/ws' failed: Error in connection establishment: net::ERR_INTERNET_DISCONNECTED @ https://grafana-assets.grafana.net/grafana/13.2.0-30616302309/public/build/3788-react19.93988d65f50992991cc7.js:291
[75767607ms] [ERROR] Failed to load resource: net::ERR_INTERNET_DISCONNECTED @ https://devfedb13.grafana.net/api/login/ping:0
[75767680ms] [ERROR] Failed to load resource: net::ERR_INTERNET_DISCONNECTED @ https://faro-collector-ops-eu-south-0.grafana-ops.net/collect/bc03dd0f2a088059ae67a23bc296a26d:0
[75767682ms] [ERROR] Failed to load resource: net::ERR_INTERNET_DISCONNECTED @ https://faro-collector-ops-eu-south-0.grafana-ops.net/collect/bc03dd0f2a088059ae67a23bc296a26d:0
[75767849ms] [ERROR] Failed to load resource: net::ERR_INTERNET_DISCONNECTED @ https://faro-collector-ops-eu-south-0.grafana-ops.net/collect/2aaaae17b963ac219cd6e23a4850f00e:0
[75767852ms] [ERROR] Failed to load resource: net::ERR_INTERNET_DISCONNECTED @ https://faro-collector-ops-eu-south-0.grafana-ops.net/collect/2aaaae17b963ac219cd6e23a4850f00e:0
[75767852ms] [ERROR] Faro
 @grafana/faro-web-sdk:transport-fetch
 Failed sending payload to the receiver
 {meta: Object, events: Array(1)} TypeError: Failed to fetch
    at https://grafana-assets.grafana.net/grafana/13.2.0-30616302309/public/build/1849-react19.2ac26fdddffdb4cf8597.js:177:52559
    at window.fetch (https://plugins-cdn.grafana.net/grafana-kowalski-app/1.64.0/public/plugins/grafana-kowalski-app/463.js?_cache=1ed629a5641ef9c0de99:2:206687)
    at https://plugins-cdn.grafana.net/grafana-kowalski-app/1.64.0/public/plugins/grafana-kowalski-app/463.js?_cache=1ed629a5641ef9c0de99:2:336969
    at o.<computed>.o.<computed> (https://rsi.grafana.com/v1.1/js-integrations/Fullstory.min.js:1:5852)
    at Mr.<anonymous> (https://plugins-cdn.grafana.net/grafana-kowalski-app/1.64.0/public/plugins/grafana-kowalski-app/463.js?_cache=1ed629a5641ef9c0de99:2:268817)
    at Generator.throw (<anonymous>)
    at a (https://plugins-cdn.grafana.net/grafana-kowalski-app/1.64.0/public/plugins/grafana-kowalski-app/463.js?_cache=1ed629a5641ef9c0de99:2:264709) @ https://plugins-cdn.grafana.net/grafana-kowalski-app/1.64.0/public/plugins/grafana-kowalski-app/463.js?_cache=1ed629a5641ef9c0de99:1
[75769685ms] [ERROR] Failed to load resource: net::ERR_INTERNET_DISCONNECTED @ https://faro-collector-ops-eu-south-0.grafana-ops.net/collect/bc03dd0f2a088059ae67a23bc296a26d:0
[75769690ms] [ERROR] Failed to load resource: net::ERR_INTERNET_DISCONNECTED @ https://faro-collector-ops-eu-south-0.grafana-ops.net/collect/bc03dd0f2a088059ae67a23bc296a26d:0
[75776365ms] [ERROR] WebSocket connection to 'wss://devfedb13.grafana.net/api/live/ws' failed: Error in connection establishment: net::ERR_INTERNET_DISCONNECTED @ https://grafana-assets.grafana.net/grafana/13.2.0-30616302309/public/build/3788-react19.93988d65f50992991cc7.js:291
[75776370ms] [ERROR] Failed to load resource: net::ERR_INTERNET_DISCONNECTED @ https://devfedb13.grafana.net/api/login/ping:0
[75776597ms] [ERROR] Failed to load resource: net::ERR_INTERNET_DISCONNECTED @ https://faro-collector-ops-eu-south-0.grafana-ops.net/collect/2aaaae17b963ac219cd6e23a4850f00e:0
[75776600ms] [ERROR] Failed to load resource: net::ERR_INTERNET_DISCONNECTED @ https://faro-collector-ops-eu-south-0.grafana-ops.net/collect/2aaaae17b963ac219cd6e23a4850f00e:0
[75776601ms] [ERROR] Faro
 @grafana/faro-web-sdk:transport-fetch
 Failed sending payload to the receiver
 {meta: Object, events: Array(1)} TypeError: Failed to fetch
    at https://grafana-assets.grafana.net/grafana/13.2.0-30616302309/public/build/1849-react19.2ac26fdddffdb4cf8597.js:177:52559
    at window.fetch (https://plugins-cdn.grafana.net/grafana-kowalski-app/1.64.0/public/plugins/grafana-kowalski-app/463.js?_cache=1ed629a5641ef9c0de99:2:206687)
    at https://plugins-cdn.grafana.net/grafana-kowalski-app/1.64.0/public/plugins/grafana-kowalski-app/463.js?_cache=1ed629a5641ef9c0de99:2:336969
    at o.<computed>.o.<computed> (https://rsi.grafana.com/v1.1/js-integrations/Fullstory.min.js:1:5852)
    at Mr.<anonymous> (https://plugins-cdn.grafana.net/grafana-kowalski-app/1.64.0/public/plugins/grafana-kowalski-app/463.js?_cache=1ed629a5641ef9c0de99:2:268817)
    at Generator.throw (<anonymous>)
    at a (https://plugins-cdn.grafana.net/grafana-kowalski-app/1.64.0/public/plugins/grafana-kowalski-app/463.js?_cache=1ed629a5641ef9c0de99:2:264709) @ https://plugins-cdn.grafana.net/grafana-kowalski-app/1.64.0/public/plugins/grafana-kowalski-app/463.js?_cache=1ed629a5641ef9c0de99:1
[75777685ms] [ERROR] Failed to load resource: net::ERR_INTERNET_DISCONNECTED @ https://faro-collector-ops-eu-south-0.grafana-ops.net/collect/bc03dd0f2a088059ae67a23bc296a26d:0
[75777688ms] [ERROR] Failed to load resource: net::ERR_INTERNET_DISCONNECTED @ https://faro-collector-ops-eu-south-0.grafana-ops.net/collect/bc03dd0f2a088059ae67a23bc296a26d:0
[75786739ms] [ERROR] WebSocket connection to 'wss://devfedb13.grafana.net/api/live/ws' failed: Error in connection establishment: net::ERR_INTERNET_DISCONNECTED @ https://grafana-assets.grafana.net/grafana/13.2.0-30616302309/public/build/3788-react19.93988d65f50992991cc7.js:291
[75786744ms] [ERROR] Failed to load resource: net::ERR_INTERNET_DISCONNECTED @ https://devfedb13.grafana.net/api/login/ping:0
[75786849ms] [ERROR] Failed to load resource: net::ERR_INTERNET_DISCONNECTED @ https://faro-collector-ops-eu-south-0.grafana-ops.net/collect/2aaaae17b963ac219cd6e23a4850f00e:0
[75786851ms] [ERROR] Failed to load resource: net::ERR_INTERNET_DISCONNECTED @ https://faro-collector-ops-eu-south-0.grafana-ops.net/collect/2aaaae17b963ac219cd6e23a4850f00e:0
[75786851ms] [ERROR] Faro
 @grafana/faro-web-sdk:transport-fetch
 Failed sending payload to the receiver
 {meta: Object, events: Array(1)} TypeError: Failed to fetch
    at https://grafana-assets.grafana.net/grafana/13.2.0-30616302309/public/build/1849-react19.2ac26fdddffdb4cf8597.js:177:52559
    at window.fetch (https://plugins-cdn.grafana.net/grafana-kowalski-app/1.64.0/public/plugins/grafana-kowalski-app/463.js?_cache=1ed629a5641ef9c0de99:2:206687)
    at https://plugins-cdn.grafana.net/grafana-kowalski-app/1.64.0/public/plugins/grafana-kowalski-app/463.js?_cache=1ed629a5641ef9c0de99:2:336969
    at o.<computed>.o.<computed> (https://rsi.grafana.com/v1.1/js-integrations/Fullstory.min.js:1:5852)
    at Mr.<anonymous> (https://plugins-cdn.grafana.net/grafana-kowalski-app/1.64.0/public/plugins/grafana-kowalski-app/463.js?_cache=1ed629a5641ef9c0de99:2:268817)
    at Generator.throw (<anonymous>)
    at a (https://plugins-cdn.grafana.net/grafana-kowalski-app/1.64.0/public/plugins/grafana-kowalski-app/463.js?_cache=1ed629a5641ef9c0de99:2:264709) @ https://plugins-cdn.grafana.net/grafana-kowalski-app/1.64.0/public/plugins/grafana-kowalski-app/463.js?_cache=1ed629a5641ef9c0de99:1
[75787687ms] [ERROR] Failed to load resource: net::ERR_INTERNET_DISCONNECTED @ https://faro-collector-ops-eu-south-0.grafana-ops.net/collect/bc03dd0f2a088059ae67a23bc296a26d:0
[75787692ms] [ERROR] Failed to load resource: net::ERR_INTERNET_DISCONNECTED @ https://faro-collector-ops-eu-south-0.grafana-ops.net/collect/bc03dd0f2a088059ae67a23bc296a26d:0
[75789685ms] [ERROR] Failed to load resource: net::ERR_INTERNET_DISCONNECTED @ https://faro-collector-ops-eu-south-0.grafana-ops.net/collect/bc03dd0f2a088059ae67a23bc296a26d:0
[75789689ms] [ERROR] Failed to load resource: net::ERR_INTERNET_DISCONNECTED @ https://faro-collector-ops-eu-south-0.grafana-ops.net/collect/bc03dd0f2a088059ae67a23bc296a26d:0
[75804339ms] [ERROR] WebSocket connection to 'wss://devfedb13.grafana.net/api/live/ws' failed: Error in connection establishment: net::ERR_INTERNET_DISCONNECTED @ https://grafana-assets.grafana.net/grafana/13.2.0-30616302309/public/build/3788-react19.93988d65f50992991cc7.js:291
[75804343ms] [ERROR] Failed to load resource: net::ERR_INTERNET_DISCONNECTED @ https://devfedb13.grafana.net/api/login/ping:0
[75804602ms] [ERROR] Failed to load resource: net::ERR_INTERNET_DISCONNECTED @ https://faro-collector-ops-eu-south-0.grafana-ops.net/collect/2aaaae17b963ac219cd6e23a4850f00e:0
[75804607ms] [ERROR] Failed to load resource: net::ERR_INTERNET_DISCONNECTED @ https://faro-collector-ops-eu-south-0.grafana-ops.net/collect/2aaaae17b963ac219cd6e23a4850f00e:0
[75804607ms] [ERROR] Faro
 @grafana/faro-web-sdk:transport-fetch
 Failed sending payload to the receiver
 {meta: Object, events: Array(1)} TypeError: Failed to fetch
    at https://grafana-assets.grafana.net/grafana/13.2.0-30616302309/public/build/1849-react19.2ac26fdddffdb4cf8597.js:177:52559
    at window.fetch (https://plugins-cdn.grafana.net/grafana-kowalski-app/1.64.0/public/plugins/grafana-kowalski-app/463.js?_cache=1ed629a5641ef9c0de99:2:206687)
    at https://plugins-cdn.grafana.net/grafana-kowalski-app/1.64.0/public/plugins/grafana-kowalski-app/463.js?_cache=1ed629a5641ef9c0de99:2:336969
    at o.<computed>.o.<computed> (https://rsi.grafana.com/v1.1/js-integrations/Fullstory.min.js:1:5852)
    at Mr.<anonymous> (https://plugins-cdn.grafana.net/grafana-kowalski-app/1.64.0/public/plugins/grafana-kowalski-app/463.js?_cache=1ed629a5641ef9c0de99:2:268817)
    at Generator.throw (<anonymous>)
    at a (https://plugins-cdn.grafana.net/grafana-kowalski-app/1.64.0/public/plugins/grafana-kowalski-app/463.js?_cache=1ed629a5641ef9c0de99:2:264709) @ https://plugins-cdn.grafana.net/grafana-kowalski-app/1.64.0/public/plugins/grafana-kowalski-app/463.js?_cache=1ed629a5641ef9c0de99:1
[75805685ms] [ERROR] Failed to load resource: net::ERR_INTERNET_DISCONNECTED @ https://faro-collector-ops-eu-south-0.grafana-ops.net/collect/bc03dd0f2a088059ae67a23bc296a26d:0
[75805691ms] [ERROR] Failed to load resource: net::ERR_INTERNET_DISCONNECTED @ https://faro-collector-ops-eu-south-0.grafana-ops.net/collect/bc03dd0f2a088059ae67a23bc296a26d:0
[75820866ms] [ERROR] WebSocket connection to 'wss://devfedb13.grafana.net/api/live/ws' failed: Error in connection establishment: net::ERR_INTERNET_DISCONNECTED @ https://grafana-assets.grafana.net/grafana/13.2.0-30616302309/public/build/3788-react19.93988d65f50992991cc7.js:291
[75820870ms] [ERROR] Failed to load resource: net::ERR_INTERNET_DISCONNECTED @ https://devfedb13.grafana.net/api/login/ping:0
[75821100ms] [ERROR] Failed to load resource: net::ERR_INTERNET_DISCONNECTED @ https://faro-collector-ops-eu-south-0.grafana-ops.net/collect/2aaaae17b963ac219cd6e23a4850f00e:0
[75821104ms] [ERROR] Failed to load resource: net::ERR_INTERNET_DISCONNECTED @ https://faro-collector-ops-eu-south-0.grafana-ops.net/collect/2aaaae17b963ac219cd6e23a4850f00e:0
[75821104ms] [ERROR] Faro
 @grafana/faro-web-sdk:transport-fetch
 Failed sending payload to the receiver
 {meta: Object, events: Array(1)} TypeError: Failed to fetch
    at https://grafana-assets.grafana.net/grafana/13.2.0-30616302309/public/build/1849-react19.2ac26fdddffdb4cf8597.js:177:52559
    at window.fetch (https://plugins-cdn.grafana.net/grafana-kowalski-app/1.64.0/public/plugins/grafana-kowalski-app/463.js?_cache=1ed629a5641ef9c0de99:2:206687)
    at https://plugins-cdn.grafana.net/grafana-kowalski-app/1.64.0/public/plugins/grafana-kowalski-app/463.js?_cache=1ed629a5641ef9c0de99:2:336969
    at o.<computed>.o.<computed> (https://rsi.grafana.com/v1.1/js-integrations/Fullstory.min.js:1:5852)
    at Mr.<anonymous> (https://plugins-cdn.grafana.net/grafana-kowalski-app/1.64.0/public/plugins/grafana-kowalski-app/463.js?_cache=1ed629a5641ef9c0de99:2:268817)
    at Generator.throw (<anonymous>)
    at a (https://plugins-cdn.grafana.net/grafana-kowalski-app/1.64.0/public/plugins/grafana-kowalski-app/463.js?_cache=1ed629a5641ef9c0de99:2:264709) @ https://plugins-cdn.grafana.net/grafana-kowalski-app/1.64.0/public/plugins/grafana-kowalski-app/463.js?_cache=1ed629a5641ef9c0de99:1
[75821490ms] [ERROR] WebSocket connection to 'wss://devfedb13.grafana.net/api/live/ws' failed: Error in connection establishment: net::ERR_INTERNET_DISCONNECTED @ https://grafana-assets.grafana.net/grafana/13.2.0-30616302309/public/build/3788-react19.93988d65f50992991cc7.js:291
[75821686ms] [ERROR] Failed to load resource: net::ERR_INTERNET_DISCONNECTED @ https://faro-collector-ops-eu-south-0.grafana-ops.net/collect/bc03dd0f2a088059ae67a23bc296a26d:0
[75821692ms] [ERROR] Failed to load resource: net::ERR_INTERNET_DISCONNECTED @ https://faro-collector-ops-eu-south-0.grafana-ops.net/collect/bc03dd0f2a088059ae67a23bc296a26d:0
[75823684ms] [ERROR] Failed to load resource: net::ERR_INTERNET_DISCONNECTED @ https://faro-collector-ops-eu-south-0.grafana-ops.net/collect/bc03dd0f2a088059ae67a23bc296a26d:0
[75823688ms] [ERROR] Failed to load resource: net::ERR_INTERNET_DISCONNECTED @ https://faro-collector-ops-eu-south-0.grafana-ops.net/collect/bc03dd0f2a088059ae67a23bc296a26d:0
[75837850ms] [ERROR] WebSocket connection to 'wss://devfedb13.grafana.net/api/live/ws' failed: Error in connection establishment: net::ERR_INTERNET_DISCONNECTED @ https://grafana-assets.grafana.net/grafana/13.2.0-30616302309/public/build/3788-react19.93988d65f50992991cc7.js:291
[75837859ms] [ERROR] Failed to load resource: net::ERR_INTERNET_DISCONNECTED @ https://devfedb13.grafana.net/api/login/ping:0
[75838102ms] [ERROR] Failed to load resource: net::ERR_INTERNET_DISCONNECTED @ https://faro-collector-ops-eu-south-0.grafana-ops.net/collect/2aaaae17b963ac219cd6e23a4850f00e:0
[75838107ms] [ERROR] Failed to load resource: net::ERR_INTERNET_DISCONNECTED @ https://faro-collector-ops-eu-south-0.grafana-ops.net/collect/2aaaae17b963ac219cd6e23a4850f00e:0
[75838107ms] [ERROR] Faro
 @grafana/faro-web-sdk:transport-fetch
 Failed sending payload to the receiver
 {meta: Object, events: Array(1)} TypeError: Failed to fetch
    at https://grafana-assets.grafana.net/grafana/13.2.0-30616302309/public/build/1849-react19.2ac26fdddffdb4cf8597.js:177:52559
    at window.fetch (https://plugins-cdn.grafana.net/grafana-kowalski-app/1.64.0/public/plugins/grafana-kowalski-app/463.js?_cache=1ed629a5641ef9c0de99:2:206687)
    at https://plugins-cdn.grafana.net/grafana-kowalski-app/1.64.0/public/plugins/grafana-kowalski-app/463.js?_cache=1ed629a5641ef9c0de99:2:336969
    at o.<computed>.o.<computed> (https://rsi.grafana.com/v1.1/js-integrations/Fullstory.min.js:1:5852)
    at Mr.<anonymous> (https://plugins-cdn.grafana.net/grafana-kowalski-app/1.64.0/public/plugins/grafana-kowalski-app/463.js?_cache=1ed629a5641ef9c0de99:2:268817)
    at Generator.throw (<anonymous>)
    at a (https://plugins-cdn.grafana.net/grafana-kowalski-app/1.64.0/public/plugins/grafana-kowalski-app/463.js?_cache=1ed629a5641ef9c0de99:2:264709) @ https://plugins-cdn.grafana.net/grafana-kowalski-app/1.64.0/public/plugins/grafana-kowalski-app/463.js?_cache=1ed629a5641ef9c0de99:1
[75839685ms] [ERROR] Failed to load resource: net::ERR_INTERNET_DISCONNECTED @ https://faro-collector-ops-eu-south-0.grafana-ops.net/collect/bc03dd0f2a088059ae67a23bc296a26d:0
[75839690ms] [ERROR] Failed to load resource: net::ERR_INTERNET_DISCONNECTED @ https://faro-collector-ops-eu-south-0.grafana-ops.net/collect/bc03dd0f2a088059ae67a23bc296a26d:0
[75852674ms] [ERROR] WebSocket connection to 'wss://devfedb13.grafana.net/api/live/ws' failed: Error in connection establishment: net::ERR_INTERNET_DISCONNECTED @ https://grafana-assets.grafana.net/grafana/13.2.0-30616302309/public/build/3788-react19.93988d65f50992991cc7.js:291
[75852682ms] [ERROR] Failed to load resource: net::ERR_INTERNET_DISCONNECTED @ https://devfedb13.grafana.net/api/login/ping:0
[75852851ms] [ERROR] Failed to load resource: net::ERR_INTERNET_DISCONNECTED @ https://faro-collector-ops-eu-south-0.grafana-ops.net/collect/2aaaae17b963ac219cd6e23a4850f00e:0
[75852854ms] [ERROR] Failed to load resource: net::ERR_INTERNET_DISCONNECTED @ https://faro-collector-ops-eu-south-0.grafana-ops.net/collect/2aaaae17b963ac219cd6e23a4850f00e:0
[75852854ms] [ERROR] Faro
 @grafana/faro-web-sdk:transport-fetch
 Failed sending payload to the receiver
 {meta: Object, events: Array(1)} TypeError: Failed to fetch
    at https://grafana-assets.grafana.net/grafana/13.2.0-30616302309/public/build/1849-react19.2ac26fdddffdb4cf8597.js:177:52559
    at window.fetch (https://plugins-cdn.grafana.net/grafana-kowalski-app/1.64.0/public/plugins/grafana-kowalski-app/463.js?_cache=1ed629a5641ef9c0de99:2:206687)
    at https://plugins-cdn.grafana.net/grafana-kowalski-app/1.64.0/public/plugins/grafana-kowalski-app/463.js?_cache=1ed629a5641ef9c0de99:2:336969
    at o.<computed>.o.<computed> (https://rsi.grafana.com/v1.1/js-integrations/Fullstory.min.js:1:5852)
    at Mr.<anonymous> (https://plugins-cdn.grafana.net/grafana-kowalski-app/1.64.0/public/plugins/grafana-kowalski-app/463.js?_cache=1ed629a5641ef9c0de99:2:268817)
    at Generator.throw (<anonymous>)
    at a (https://plugins-cdn.grafana.net/grafana-kowalski-app/1.64.0/public/plugins/grafana-kowalski-app/463.js?_cache=1ed629a5641ef9c0de99:2:264709) @ https://plugins-cdn.grafana.net/grafana-kowalski-app/1.64.0/public/plugins/grafana-kowalski-app/463.js?_cache=1ed629a5641ef9c0de99:1
[75853683ms] [ERROR] Failed to load resource: net::ERR_INTERNET_DISCONNECTED @ https://faro-collector-ops-eu-south-0.grafana-ops.net/collect/bc03dd0f2a088059ae67a23bc296a26d:0
[75853684ms] [ERROR] Failed to load resource: net::ERR_INTERNET_DISCONNECTED @ https://faro-collector-ops-eu-south-0.grafana-ops.net/collect/bc03dd0f2a088059ae67a23bc296a26d:0
[75855687ms] [ERROR] Failed to load resource: net::ERR_INTERNET_DISCONNECTED @ https://faro-collector-ops-eu-south-0.grafana-ops.net/collect/bc03dd0f2a088059ae67a23bc296a26d:0
[75855693ms] [ERROR] Failed to load resource: net::ERR_INTERNET_DISCONNECTED @ https://faro-collector-ops-eu-south-0.grafana-ops.net/collect/bc03dd0f2a088059ae67a23bc296a26d:0
[75861904ms] [ERROR] WebSocket connection to 'wss://devfedb13.grafana.net/api/live/ws' failed: Error in connection establishment: net::ERR_INTERNET_DISCONNECTED @ https://grafana-assets.grafana.net/grafana/13.2.0-30616302309/public/build/3788-react19.93988d65f50992991cc7.js:291
[75861906ms] [ERROR] Failed to load resource: net::ERR_INTERNET_DISCONNECTED @ https://devfedb13.grafana.net/api/login/ping:0
[75862100ms] [ERROR] Failed to load resource: net::ERR_INTERNET_DISCONNECTED @ https://faro-collector-ops-eu-south-0.grafana-ops.net/collect/2aaaae17b963ac219cd6e23a4850f00e:0
[75862102ms] [ERROR] Failed to load resource: net::ERR_INTERNET_DISCONNECTED @ https://faro-collector-ops-eu-south-0.grafana-ops.net/collect/2aaaae17b963ac219cd6e23a4850f00e:0
[75862102ms] [ERROR] Faro
 @grafana/faro-web-sdk:transport-fetch
 Failed sending payload to the receiver
 {meta: Object, events: Array(1)} TypeError: Failed to fetch
    at https://grafana-assets.grafana.net/grafana/13.2.0-30616302309/public/build/1849-react19.2ac26fdddffdb4cf8597.js:177:52559
    at window.fetch (https://plugins-cdn.grafana.net/grafana-kowalski-app/1.64.0/public/plugins/grafana-kowalski-app/463.js?_cache=1ed629a5641ef9c0de99:2:206687)
    at https://plugins-cdn.grafana.net/grafana-kowalski-app/1.64.0/public/plugins/grafana-kowalski-app/463.js?_cache=1ed629a5641ef9c0de99:2:336969
    at o.<computed>.o.<computed> (https://rsi.grafana.com/v1.1/js-integrations/Fullstory.min.js:1:5852)
    at Mr.<anonymous> (https://plugins-cdn.grafana.net/grafana-kowalski-app/1.64.0/public/plugins/grafana-kowalski-app/463.js?_cache=1ed629a5641ef9c0de99:2:268817)
    at Generator.throw (<anonymous>)
    at a (https://plugins-cdn.grafana.net/grafana-kowalski-app/1.64.0/public/plugins/grafana-kowalski-app/463.js?_cache=1ed629a5641ef9c0de99:2:264709) @ https://plugins-cdn.grafana.net/grafana-kowalski-app/1.64.0/public/plugins/grafana-kowalski-app/463.js?_cache=1ed629a5641ef9c0de99:1
[75863681ms] [ERROR] Failed to load resource: net::ERR_INTERNET_DISCONNECTED @ https://faro-collector-ops-eu-south-0.grafana-ops.net/collect/bc03dd0f2a088059ae67a23bc296a26d:0
[75863683ms] [ERROR] Failed to load resource: net::ERR_INTERNET_DISCONNECTED @ https://faro-collector-ops-eu-south-0.grafana-ops.net/collect/bc03dd0f2a088059ae67a23bc296a26d:0
[75868118ms] [ERROR] WebSocket connection to 'wss://devfedb13.grafana.net/api/live/ws' failed: Error in connection establishment: net::ERR_INTERNET_DISCONNECTED @ https://grafana-assets.grafana.net/grafana/13.2.0-30616302309/public/build/3788-react19.93988d65f50992991cc7.js:291
[75868131ms] [ERROR] Failed to load resource: net::ERR_INTERNET_DISCONNECTED @ https://devfedb13.grafana.net/api/login/ping:0
[75868351ms] [ERROR] Failed to load resource: net::ERR_INTERNET_DISCONNECTED @ https://faro-collector-ops-eu-south-0.grafana-ops.net/collect/2aaaae17b963ac219cd6e23a4850f00e:0
[75868356ms] [ERROR] Failed to load resource: net::ERR_INTERNET_DISCONNECTED @ https://faro-collector-ops-eu-south-0.grafana-ops.net/collect/2aaaae17b963ac219cd6e23a4850f00e:0
[75868356ms] [ERROR] Faro
 @grafana/faro-web-sdk:transport-fetch
 Failed sending payload to the receiver
 {meta: Object, events: Array(1)} TypeError: Failed to fetch
    at https://grafana-assets.grafana.net/grafana/13.2.0-30616302309/public/build/1849-react19.2ac26fdddffdb4cf8597.js:177:52559
    at window.fetch (https://plugins-cdn.grafana.net/grafana-kowalski-app/1.64.0/public/plugins/grafana-kowalski-app/463.js?_cache=1ed629a5641ef9c0de99:2:206687)
    at https://plugins-cdn.grafana.net/grafana-kowalski-app/1.64.0/public/plugins/grafana-kowalski-app/463.js?_cache=1ed629a5641ef9c0de99:2:336969
    at o.<computed>.o.<computed> (https://rsi.grafana.com/v1.1/js-integrations/Fullstory.min.js:1:5852)
    at Mr.<anonymous> (https://plugins-cdn.grafana.net/grafana-kowalski-app/1.64.0/public/plugins/grafana-kowalski-app/463.js?_cache=1ed629a5641ef9c0de99:2:268817)
    at Generator.throw (<anonymous>)
    at a (https://plugins-cdn.grafana.net/grafana-kowalski-app/1.64.0/public/plugins/grafana-kowalski-app/463.js?_cache=1ed629a5641ef9c0de99:2:264709) @ https://plugins-cdn.grafana.net/grafana-kowalski-app/1.64.0/public/plugins/grafana-kowalski-app/463.js?_cache=1ed629a5641ef9c0de99:1
[75869681ms] [ERROR] Failed to load resource: net::ERR_INTERNET_DISCONNECTED @ https://faro-collector-ops-eu-south-0.grafana-ops.net/collect/bc03dd0f2a088059ae67a23bc296a26d:0
[75869682ms] [ERROR] Failed to load resource: net::ERR_INTERNET_DISCONNECTED @ https://faro-collector-ops-eu-south-0.grafana-ops.net/collect/bc03dd0f2a088059ae67a23bc296a26d:0
[75875104ms] [ERROR] WebSocket connection to 'wss://devfedb13.grafana.net/api/live/ws' failed: Error in connection establishment: net::ERR_INTERNET_DISCONNECTED @ https://grafana-assets.grafana.net/grafana/13.2.0-30616302309/public/build/3788-react19.93988d65f50992991cc7.js:291
[75875111ms] [ERROR] Failed to load resource: net::ERR_INTERNET_DISCONNECTED @ https://devfedb13.grafana.net/api/login/ping:0
[75875351ms] [ERROR] Failed to load resource: net::ERR_INTERNET_DISCONNECTED @ https://faro-collector-ops-eu-south-0.grafana-ops.net/collect/2aaaae17b963ac219cd6e23a4850f00e:0
[75875355ms] [ERROR] Failed to load resource: net::ERR_INTERNET_DISCONNECTED @ https://faro-collector-ops-eu-south-0.grafana-ops.net/collect/2aaaae17b963ac219cd6e23a4850f00e:0
[75875355ms] [ERROR] Faro
 @grafana/faro-web-sdk:transport-fetch
 Failed sending payload to the receiver
 {meta: Object, events: Array(1)} TypeError: Failed to fetch
    at https://grafana-assets.grafana.net/grafana/13.2.0-30616302309/public/build/1849-react19.2ac26fdddffdb4cf8597.js:177:52559
    at window.fetch (https://plugins-cdn.grafana.net/grafana-kowalski-app/1.64.0/public/plugins/grafana-kowalski-app/463.js?_cache=1ed629a5641ef9c0de99:2:206687)
    at https://plugins-cdn.grafana.net/grafana-kowalski-app/1.64.0/public/plugins/grafana-kowalski-app/463.js?_cache=1ed629a5641ef9c0de99:2:336969
    at o.<computed>.o.<computed> (https://rsi.grafana.com/v1.1/js-integrations/Fullstory.min.js:1:5852)
    at Mr.<anonymous> (https://plugins-cdn.grafana.net/grafana-kowalski-app/1.64.0/public/plugins/grafana-kowalski-app/463.js?_cache=1ed629a5641ef9c0de99:2:268817)
    at Generator.throw (<anonymous>)
    at a (https://plugins-cdn.grafana.net/grafana-kowalski-app/1.64.0/public/plugins/grafana-kowalski-app/463.js?_cache=1ed629a5641ef9c0de99:2:264709) @ https://plugins-cdn.grafana.net/grafana-kowalski-app/1.64.0/public/plugins/grafana-kowalski-app/463.js?_cache=1ed629a5641ef9c0de99:1
[75875684ms] [ERROR] Failed to load resource: net::ERR_INTERNET_DISCONNECTED @ https://faro-collector-ops-eu-south-0.grafana-ops.net/collect/bc03dd0f2a088059ae67a23bc296a26d:0
[75875689ms] [ERROR] Failed to load resource: net::ERR_INTERNET_DISCONNECTED @ https://faro-collector-ops-eu-south-0.grafana-ops.net/collect/bc03dd0f2a088059ae67a23bc296a26d:0
[75875945ms] [ERROR] WebSocket connection to 'wss://devfedb13.grafana.net/api/live/ws' failed: Error in connection establishment: net::ERR_INTERNET_DISCONNECTED @ https://grafana-assets.grafana.net/grafana/13.2.0-30616302309/public/build/3788-react19.93988d65f50992991cc7.js:291
[75877685ms] [ERROR] Failed to load resource: net::ERR_INTERNET_DISCONNECTED @ https://faro-collector-ops-eu-south-0.grafana-ops.net/collect/bc03dd0f2a088059ae67a23bc296a26d:0
[75877688ms] [ERROR] Failed to load resource: net::ERR_INTERNET_DISCONNECTED @ https://faro-collector-ops-eu-south-0.grafana-ops.net/collect/bc03dd0f2a088059ae67a23bc296a26d:0
[75894132ms] [ERROR] WebSocket connection to 'wss://devfedb13.grafana.net/api/live/ws' failed: Error in connection establishment: net::ERR_INTERNET_DISCONNECTED @ https://grafana-assets.grafana.net/grafana/13.2.0-30616302309/public/build/3788-react19.93988d65f50992991cc7.js:291
[75894136ms] [ERROR] Failed to load resource: net::ERR_INTERNET_DISCONNECTED @ https://devfedb13.grafana.net/api/login/ping:0
[75894352ms] [ERROR] Failed to load resource: net::ERR_INTERNET_DISCONNECTED @ https://faro-collector-ops-eu-south-0.grafana-ops.net/collect/2aaaae17b963ac219cd6e23a4850f00e:0
[75894356ms] [ERROR] Failed to load resource: net::ERR_INTERNET_DISCONNECTED @ https://faro-collector-ops-eu-south-0.grafana-ops.net/collect/2aaaae17b963ac219cd6e23a4850f00e:0
[75894357ms] [ERROR] Faro
 @grafana/faro-web-sdk:transport-fetch
 Failed sending payload to the receiver
 {meta: Object, events: Array(1)} TypeError: Failed to fetch
    at https://grafana-assets.grafana.net/grafana/13.2.0-30616302309/public/build/1849-react19.2ac26fdddffdb4cf8597.js:177:52559
    at window.fetch (https://plugins-cdn.grafana.net/grafana-kowalski-app/1.64.0/public/plugins/grafana-kowalski-app/463.js?_cache=1ed629a5641ef9c0de99:2:206687)
    at https://plugins-cdn.grafana.net/grafana-kowalski-app/1.64.0/public/plugins/grafana-kowalski-app/463.js?_cache=1ed629a5641ef9c0de99:2:336969
    at o.<computed>.o.<computed> (https://rsi.grafana.com/v1.1/js-integrations/Fullstory.min.js:1:5852)
    at Mr.<anonymous> (https://plugins-cdn.grafana.net/grafana-kowalski-app/1.64.0/public/plugins/grafana-kowalski-app/463.js?_cache=1ed629a5641ef9c0de99:2:268817)
    at Generator.throw (<anonymous>)
    at a (https://plugins-cdn.grafana.net/grafana-kowalski-app/1.64.0/public/plugins/grafana-kowalski-app/463.js?_cache=1ed629a5641ef9c0de99:2:264709) @ https://plugins-cdn.grafana.net/grafana-kowalski-app/1.64.0/public/plugins/grafana-kowalski-app/463.js?_cache=1ed629a5641ef9c0de99:1
[75895686ms] [ERROR] Failed to load resource: net::ERR_INTERNET_DISCONNECTED @ https://faro-collector-ops-eu-south-0.grafana-ops.net/collect/bc03dd0f2a088059ae67a23bc296a26d:0
[75895691ms] [ERROR] Failed to load resource: net::ERR_INTERNET_DISCONNECTED @ https://faro-collector-ops-eu-south-0.grafana-ops.net/collect/bc03dd0f2a088059ae67a23bc296a26d:0
[75913915ms] [ERROR] WebSocket connection to 'wss://devfedb13.grafana.net/api/live/ws' failed: Error in connection establishment: net::ERR_INTERNET_DISCONNECTED @ https://grafana-assets.grafana.net/grafana/13.2.0-30616302309/public/build/3788-react19.93988d65f50992991cc7.js:291
[75913927ms] [ERROR] Failed to load resource: net::ERR_INTERNET_DISCONNECTED @ https://devfedb13.grafana.net/api/login/ping:0
[75914101ms] [ERROR] Failed to load resource: net::ERR_INTERNET_DISCONNECTED @ https://faro-collector-ops-eu-south-0.grafana-ops.net/collect/2aaaae17b963ac219cd6e23a4850f00e:0
[75914106ms] [ERROR] Failed to load resource: net::ERR_INTERNET_DISCONNECTED @ https://faro-collector-ops-eu-south-0.grafana-ops.net/collect/2aaaae17b963ac219cd6e23a4850f00e:0
[75914106ms] [ERROR] Faro
 @grafana/faro-web-sdk:transport-fetch
 Failed sending payload to the receiver
 {meta: Object, events: Array(1)} TypeError: Failed to fetch
    at https://grafana-assets.grafana.net/grafana/13.2.0-30616302309/public/build/1849-react19.2ac26fdddffdb4cf8597.js:177:52559
    at window.fetch (https://plugins-cdn.grafana.net/grafana-kowalski-app/1.64.0/public/plugins/grafana-kowalski-app/463.js?_cache=1ed629a5641ef9c0de99:2:206687)
    at https://plugins-cdn.grafana.net/grafana-kowalski-app/1.64.0/public/plugins/grafana-kowalski-app/463.js?_cache=1ed629a5641ef9c0de99:2:336969
    at o.<computed>.o.<computed> (https://rsi.grafana.com/v1.1/js-integrations/Fullstory.min.js:1:5852)
    at Mr.<anonymous> (https://plugins-cdn.grafana.net/grafana-kowalski-app/1.64.0/public/plugins/grafana-kowalski-app/463.js?_cache=1ed629a5641ef9c0de99:2:268817)
    at Generator.throw (<anonymous>)
    at a (https://plugins-cdn.grafana.net/grafana-kowalski-app/1.64.0/public/plugins/grafana-kowalski-app/463.js?_cache=1ed629a5641ef9c0de99:2:264709) @ https://plugins-cdn.grafana.net/grafana-kowalski-app/1.64.0/public/plugins/grafana-kowalski-app/463.js?_cache=1ed629a5641ef9c0de99:1
[75915688ms] [ERROR] Failed to load resource: net::ERR_INTERNET_DISCONNECTED @ https://faro-collector-ops-eu-south-0.grafana-ops.net/collect/bc03dd0f2a088059ae67a23bc296a26d:0
[75915694ms] [ERROR] Failed to load resource: net::ERR_INTERNET_DISCONNECTED @ https://faro-collector-ops-eu-south-0.grafana-ops.net/collect/bc03dd0f2a088059ae67a23bc296a26d:0
[75919221ms] [ERROR] WebSocket connection to 'wss://devfedb13.grafana.net/api/live/ws' failed: Error in connection establishment: net::ERR_INTERNET_DISCONNECTED @ https://grafana-assets.grafana.net/grafana/13.2.0-30616302309/public/build/3788-react19.93988d65f50992991cc7.js:291
[75919229ms] [ERROR] Failed to load resource: net::ERR_INTERNET_DISCONNECTED @ https://devfedb13.grafana.net/api/login/ping:0
[75919353ms] [ERROR] Failed to load resource: net::ERR_INTERNET_DISCONNECTED @ https://faro-collector-ops-eu-south-0.grafana-ops.net/collect/2aaaae17b963ac219cd6e23a4850f00e:0
[75919358ms] [ERROR] Failed to load resource: net::ERR_INTERNET_DISCONNECTED @ https://faro-collector-ops-eu-south-0.grafana-ops.net/collect/2aaaae17b963ac219cd6e23a4850f00e:0
[75919358ms] [ERROR] Faro
 @grafana/faro-web-sdk:transport-fetch
 Failed sending payload to the receiver
 {meta: Object, events: Array(1)} TypeError: Failed to fetch
    at https://grafana-assets.grafana.net/grafana/13.2.0-30616302309/public/build/1849-react19.2ac26fdddffdb4cf8597.js:177:52559
    at window.fetch (https://plugins-cdn.grafana.net/grafana-kowalski-app/1.64.0/public/plugins/grafana-kowalski-app/463.js?_cache=1ed629a5641ef9c0de99:2:206687)
    at https://plugins-cdn.grafana.net/grafana-kowalski-app/1.64.0/public/plugins/grafana-kowalski-app/463.js?_cache=1ed629a5641ef9c0de99:2:336969
    at o.<computed>.o.<computed> (https://rsi.grafana.com/v1.1/js-integrations/Fullstory.min.js:1:5852)
    at Mr.<anonymous> (https://plugins-cdn.grafana.net/grafana-kowalski-app/1.64.0/public/plugins/grafana-kowalski-app/463.js?_cache=1ed629a5641ef9c0de99:2:268817)
    at Generator.throw (<anonymous>)
    at a (https://plugins-cdn.grafana.net/grafana-kowalski-app/1.64.0/public/plugins/grafana-kowalski-app/463.js?_cache=1ed629a5641ef9c0de99:2:264709) @ https://plugins-cdn.grafana.net/grafana-kowalski-app/1.64.0/public/plugins/grafana-kowalski-app/463.js?_cache=1ed629a5641ef9c0de99:1
[75919687ms] [ERROR] Failed to load resource: net::ERR_INTERNET_DISCONNECTED @ https://faro-collector-ops-eu-south-0.grafana-ops.net/collect/bc03dd0f2a088059ae67a23bc296a26d:0
[75919692ms] [ERROR] Failed to load resource: net::ERR_INTERNET_DISCONNECTED @ https://faro-collector-ops-eu-south-0.grafana-ops.net/collect/bc03dd0f2a088059ae67a23bc296a26d:0
[75921697ms] [ERROR] Failed to load resource: net::ERR_INTERNET_DISCONNECTED @ https://faro-collector-ops-eu-south-0.grafana-ops.net/collect/bc03dd0f2a088059ae67a23bc296a26d:0
[75921702ms] [ERROR] Failed to load resource: net::ERR_INTERNET_DISCONNECTED @ https://faro-collector-ops-eu-south-0.grafana-ops.net/collect/bc03dd0f2a088059ae67a23bc296a26d:0
[75927024ms] [ERROR] WebSocket connection to 'wss://devfedb13.grafana.net/api/live/ws' failed: Error in connection establishment: net::ERR_INTERNET_DISCONNECTED @ https://grafana-assets.grafana.net/grafana/13.2.0-30616302309/public/build/3788-react19.93988d65f50992991cc7.js:291
[75927032ms] [ERROR] Failed to load resource: net::ERR_INTERNET_DISCONNECTED @ https://devfedb13.grafana.net/api/login/ping:0
[75927103ms] [ERROR] Failed to load resource: net::ERR_INTERNET_DISCONNECTED @ https://faro-collector-ops-eu-south-0.grafana-ops.net/collect/2aaaae17b963ac219cd6e23a4850f00e:0
[75927107ms] [ERROR] Failed to load resource: net::ERR_INTERNET_DISCONNECTED @ https://faro-collector-ops-eu-south-0.grafana-ops.net/collect/2aaaae17b963ac219cd6e23a4850f00e:0
[75927107ms] [ERROR] Faro
 @grafana/faro-web-sdk:transport-fetch
 Failed sending payload to the receiver
 {meta: Object, events: Array(1)} TypeError: Failed to fetch
    at https://grafana-assets.grafana.net/grafana/13.2.0-30616302309/public/build/1849-react19.2ac26fdddffdb4cf8597.js:177:52559
    at window.fetch (https://plugins-cdn.grafana.net/grafana-kowalski-app/1.64.0/public/plugins/grafana-kowalski-app/463.js?_cache=1ed629a5641ef9c0de99:2:206687)
    at https://plugins-cdn.grafana.net/grafana-kowalski-app/1.64.0/public/plugins/grafana-kowalski-app/463.js?_cache=1ed629a5641ef9c0de99:2:336969
    at o.<computed>.o.<computed> (https://rsi.grafana.com/v1.1/js-integrations/Fullstory.min.js:1:5852)
    at Mr.<anonymous> (https://plugins-cdn.grafana.net/grafana-kowalski-app/1.64.0/public/plugins/grafana-kowalski-app/463.js?_cache=1ed629a5641ef9c0de99:2:268817)
    at Generator.throw (<anonymous>)
    at a (https://plugins-cdn.grafana.net/grafana-kowalski-app/1.64.0/public/plugins/grafana-kowalski-app/463.js?_cache=1ed629a5641ef9c0de99:2:264709) @ https://plugins-cdn.grafana.net/grafana-kowalski-app/1.64.0/public/plugins/grafana-kowalski-app/463.js?_cache=1ed629a5641ef9c0de99:1
[75927686ms] [ERROR] Failed to load resource: net::ERR_INTERNET_DISCONNECTED @ https://faro-collector-ops-eu-south-0.grafana-ops.net/collect/bc03dd0f2a088059ae67a23bc296a26d:0
[75927691ms] [ERROR] Failed to load resource: net::ERR_INTERNET_DISCONNECTED @ https://faro-collector-ops-eu-south-0.grafana-ops.net/collect/bc03dd0f2a088059ae67a23bc296a26d:0
[75929684ms] [ERROR] Failed to load resource: net::ERR_INTERNET_DISCONNECTED @ https://faro-collector-ops-eu-south-0.grafana-ops.net/collect/bc03dd0f2a088059ae67a23bc296a26d:0
[75929687ms] [ERROR] Failed to load resource: net::ERR_INTERNET_DISCONNECTED @ https://faro-collector-ops-eu-south-0.grafana-ops.net/collect/bc03dd0f2a088059ae67a23bc296a26d:0
[75942783ms] [ERROR] WebSocket connection to 'wss://devfedb13.grafana.net/api/live/ws' failed: Error in connection establishment: net::ERR_INTERNET_DISCONNECTED @ https://grafana-assets.grafana.net/grafana/13.2.0-30616302309/public/build/3788-react19.93988d65f50992991cc7.js:291
[75942792ms] [ERROR] Failed to load resource: net::ERR_INTERNET_DISCONNECTED @ https://devfedb13.grafana.net/api/login/ping:0
[75942874ms] [ERROR] Failed to load resource: net::ERR_INTERNET_DISCONNECTED @ https://faro-collector-ops-eu-south-0.grafana-ops.net/collect/2aaaae17b963ac219cd6e23a4850f00e:0
[75942879ms] [ERROR] Failed to load resource: net::ERR_INTERNET_DISCONNECTED @ https://faro-collector-ops-eu-south-0.grafana-ops.net/collect/2aaaae17b963ac219cd6e23a4850f00e:0
[75942879ms] [ERROR] Faro
 @grafana/faro-web-sdk:transport-fetch
 Failed sending payload to the receiver
 {meta: Object, events: Array(1)} TypeError: Failed to fetch
    at https://grafana-assets.grafana.net/grafana/13.2.0-30616302309/public/build/1849-react19.2ac26fdddffdb4cf8597.js:177:52559
    at window.fetch (https://plugins-cdn.grafana.net/grafana-kowalski-app/1.64.0/public/plugins/grafana-kowalski-app/463.js?_cache=1ed629a5641ef9c0de99:2:206687)
    at https://plugins-cdn.grafana.net/grafana-kowalski-app/1.64.0/public/plugins/grafana-kowalski-app/463.js?_cache=1ed629a5641ef9c0de99:2:336969
    at o.<computed>.o.<computed> (https://rsi.grafana.com/v1.1/js-integrations/Fullstory.min.js:1:5852)
    at Mr.<anonymous> (https://plugins-cdn.grafana.net/grafana-kowalski-app/1.64.0/public/plugins/grafana-kowalski-app/463.js?_cache=1ed629a5641ef9c0de99:2:268817)
    at Generator.throw (<anonymous>)
    at a (https://plugins-cdn.grafana.net/grafana-kowalski-app/1.64.0/public/plugins/grafana-kowalski-app/463.js?_cache=1ed629a5641ef9c0de99:2:264709) @ https://plugins-cdn.grafana.net/grafana-kowalski-app/1.64.0/public/plugins/grafana-kowalski-app/463.js?_cache=1ed629a5641ef9c0de99:1
[75943688ms] [ERROR] Failed to load resource: net::ERR_INTERNET_DISCONNECTED @ https://faro-collector-ops-eu-south-0.grafana-ops.net/collect/bc03dd0f2a088059ae67a23bc296a26d:0
[75943694ms] [ERROR] Failed to load resource: net::ERR_INTERNET_DISCONNECTED @ https://faro-collector-ops-eu-south-0.grafana-ops.net/collect/bc03dd0f2a088059ae67a23bc296a26d:0
[75945682ms] [ERROR] Failed to load resource: net::ERR_INTERNET_DISCONNECTED @ https://faro-collector-ops-eu-south-0.grafana-ops.net/collect/bc03dd0f2a088059ae67a23bc296a26d:0
[75945685ms] [ERROR] Failed to load resource: net::ERR_INTERNET_DISCONNECTED @ https://faro-collector-ops-eu-south-0.grafana-ops.net/collect/bc03dd0f2a088059ae67a23bc296a26d:0
[75950492ms] [ERROR] WebSocket connection to 'wss://devfedb13.grafana.net/api/live/ws' failed: Error in connection establishment: net::ERR_INTERNET_DISCONNECTED @ https://grafana-assets.grafana.net/grafana/13.2.0-30616302309/public/build/3788-react19.93988d65f50992991cc7.js:291
[75950498ms] [ERROR] Failed to load resource: net::ERR_INTERNET_DISCONNECTED @ https://devfedb13.grafana.net/api/login/ping:0
[75950598ms] [ERROR] Failed to load resource: net::ERR_INTERNET_DISCONNECTED @ https://faro-collector-ops-eu-south-0.grafana-ops.net/collect/2aaaae17b963ac219cd6e23a4850f00e:0
[75950601ms] [ERROR] Failed to load resource: net::ERR_INTERNET_DISCONNECTED @ https://faro-collector-ops-eu-south-0.grafana-ops.net/collect/2aaaae17b963ac219cd6e23a4850f00e:0
[75950601ms] [ERROR] Faro
 @grafana/faro-web-sdk:transport-fetch
 Failed sending payload to the receiver
 {meta: Object, events: Array(1)} TypeError: Failed to fetch
    at https://grafana-assets.grafana.net/grafana/13.2.0-30616302309/public/build/1849-react19.2ac26fdddffdb4cf8597.js:177:52559
    at window.fetch (https://plugins-cdn.grafana.net/grafana-kowalski-app/1.64.0/public/plugins/grafana-kowalski-app/463.js?_cache=1ed629a5641ef9c0de99:2:206687)
    at https://plugins-cdn.grafana.net/grafana-kowalski-app/1.64.0/public/plugins/grafana-kowalski-app/463.js?_cache=1ed629a5641ef9c0de99:2:336969
    at o.<computed>.o.<computed> (https://rsi.grafana.com/v1.1/js-integrations/Fullstory.min.js:1:5852)
    at Mr.<anonymous> (https://plugins-cdn.grafana.net/grafana-kowalski-app/1.64.0/public/plugins/grafana-kowalski-app/463.js?_cache=1ed629a5641ef9c0de99:2:268817)
    at Generator.throw (<anonymous>)
    at a (https://plugins-cdn.grafana.net/grafana-kowalski-app/1.64.0/public/plugins/grafana-kowalski-app/463.js?_cache=1ed629a5641ef9c0de99:2:264709) @ https://plugins-cdn.grafana.net/grafana-kowalski-app/1.64.0/public/plugins/grafana-kowalski-app/463.js?_cache=1ed629a5641ef9c0de99:1
[75951682ms] [ERROR] Failed to load resource: net::ERR_INTERNET_DISCONNECTED @ https://faro-collector-ops-eu-south-0.grafana-ops.net/collect/bc03dd0f2a088059ae67a23bc296a26d:0
[75951684ms] [ERROR] Failed to load resource: net::ERR_INTERNET_DISCONNECTED @ https://faro-collector-ops-eu-south-0.grafana-ops.net/collect/bc03dd0f2a088059ae67a23bc296a26d:0
[75953688ms] [ERROR] Failed to load resource: net::ERR_INTERNET_DISCONNECTED @ https://faro-collector-ops-eu-south-0.grafana-ops.net/collect/bc03dd0f2a088059ae67a23bc296a26d:0
[75953692ms] [ERROR] Failed to load resource: net::ERR_INTERNET_DISCONNECTED @ https://faro-collector-ops-eu-south-0.grafana-ops.net/collect/bc03dd0f2a088059ae67a23bc296a26d:0
[75961776ms] [ERROR] WebSocket connection to 'wss://devfedb13.grafana.net/api/live/ws' failed: Error in connection establishment: net::ERR_INTERNET_DISCONNECTED @ https://grafana-assets.grafana.net/grafana/13.2.0-30616302309/public/build/3788-react19.93988d65f50992991cc7.js:291
[75961787ms] [ERROR] Failed to load resource: net::ERR_INTERNET_DISCONNECTED @ https://devfedb13.grafana.net/api/login/ping:0
[75961871ms] [ERROR] Failed to load resource: net::ERR_INTERNET_DISCONNECTED @ https://faro-collector-ops-eu-south-0.grafana-ops.net/collect/2aaaae17b963ac219cd6e23a4850f00e:0
[75961883ms] [ERROR] Failed to load resource: net::ERR_INTERNET_DISCONNECTED @ https://faro-collector-ops-eu-south-0.grafana-ops.net/collect/2aaaae17b963ac219cd6e23a4850f00e:0
[75961884ms] [ERROR] Faro
 @grafana/faro-web-sdk:transport-fetch
 Failed sending payload to the receiver
 {meta: Object, events: Array(1)} TypeError: Failed to fetch
    at https://grafana-assets.grafana.net/grafana/13.2.0-30616302309/public/build/1849-react19.2ac26fdddffdb4cf8597.js:177:52559
    at window.fetch (https://plugins-cdn.grafana.net/grafana-kowalski-app/1.64.0/public/plugins/grafana-kowalski-app/463.js?_cache=1ed629a5641ef9c0de99:2:206687)
    at https://plugins-cdn.grafana.net/grafana-kowalski-app/1.64.0/public/plugins/grafana-kowalski-app/463.js?_cache=1ed629a5641ef9c0de99:2:336969
    at o.<computed>.o.<computed> (https://rsi.grafana.com/v1.1/js-integrations/Fullstory.min.js:1:5852)
    at Mr.<anonymous> (https://plugins-cdn.grafana.net/grafana-kowalski-app/1.64.0/public/plugins/grafana-kowalski-app/463.js?_cache=1ed629a5641ef9c0de99:2:268817)
    at Generator.throw (<anonymous>)
    at a (https://plugins-cdn.grafana.net/grafana-kowalski-app/1.64.0/public/plugins/grafana-kowalski-app/463.js?_cache=1ed629a5641ef9c0de99:2:264709) @ https://plugins-cdn.grafana.net/grafana-kowalski-app/1.64.0/public/plugins/grafana-kowalski-app/463.js?_cache=1ed629a5641ef9c0de99:1
[75963688ms] [ERROR] Failed to load resource: net::ERR_INTERNET_DISCONNECTED @ https://faro-collector-ops-eu-south-0.grafana-ops.net/collect/bc03dd0f2a088059ae67a23bc296a26d:0
[75963691ms] [ERROR] Failed to load resource: net::ERR_INTERNET_DISCONNECTED @ https://faro-collector-ops-eu-south-0.grafana-ops.net/collect/bc03dd0f2a088059ae67a23bc296a26d:0
[75966693ms] [ERROR] WebSocket connection to 'wss://devfedb13.grafana.net/api/live/ws' failed: Error in connection establishment: net::ERR_INTERNET_DISCONNECTED @ https://grafana-assets.grafana.net/grafana/13.2.0-30616302309/public/build/3788-react19.93988d65f50992991cc7.js:291
[75968203ms] [ERROR] WebSocket connection to 'wss://devfedb13.grafana.net/api/live/ws' failed: Error in connection establishment: net::ERR_INTERNET_DISCONNECTED @ https://grafana-assets.grafana.net/grafana/13.2.0-30616302309/public/build/3788-react19.93988d65f50992991cc7.js:291
[75968206ms] [ERROR] Failed to load resource: net::ERR_INTERNET_DISCONNECTED @ https://devfedb13.grafana.net/api/login/ping:0
[75968350ms] [ERROR] Failed to load resource: net::ERR_INTERNET_DISCONNECTED @ https://faro-collector-ops-eu-south-0.grafana-ops.net/collect/2aaaae17b963ac219cd6e23a4850f00e:0
[75968352ms] [ERROR] Failed to load resource: net::ERR_INTERNET_DISCONNECTED @ https://faro-collector-ops-eu-south-0.grafana-ops.net/collect/2aaaae17b963ac219cd6e23a4850f00e:0
[75968352ms] [ERROR] Faro
 @grafana/faro-web-sdk:transport-fetch
 Failed sending payload to the receiver
 {meta: Object, events: Array(1)} TypeError: Failed to fetch
    at https://grafana-assets.grafana.net/grafana/13.2.0-30616302309/public/build/1849-react19.2ac26fdddffdb4cf8597.js:177:52559
    at window.fetch (https://plugins-cdn.grafana.net/grafana-kowalski-app/1.64.0/public/plugins/grafana-kowalski-app/463.js?_cache=1ed629a5641ef9c0de99:2:206687)
    at https://plugins-cdn.grafana.net/grafana-kowalski-app/1.64.0/public/plugins/grafana-kowalski-app/463.js?_cache=1ed629a5641ef9c0de99:2:336969
    at o.<computed>.o.<computed> (https://rsi.grafana.com/v1.1/js-integrations/Fullstory.min.js:1:5852)
    at Mr.<anonymous> (https://plugins-cdn.grafana.net/grafana-kowalski-app/1.64.0/public/plugins/grafana-kowalski-app/463.js?_cache=1ed629a5641ef9c0de99:2:268817)
    at Generator.throw (<anonymous>)
    at a (https://plugins-cdn.grafana.net/grafana-kowalski-app/1.64.0/public/plugins/grafana-kowalski-app/463.js?_cache=1ed629a5641ef9c0de99:2:264709) @ https://plugins-cdn.grafana.net/grafana-kowalski-app/1.64.0/public/plugins/grafana-kowalski-app/463.js?_cache=1ed629a5641ef9c0de99:1
[75969688ms] [ERROR] Failed to load resource: net::ERR_INTERNET_DISCONNECTED @ https://faro-collector-ops-eu-south-0.grafana-ops.net/collect/bc03dd0f2a088059ae67a23bc296a26d:0
[75969694ms] [ERROR] Failed to load resource: net::ERR_INTERNET_DISCONNECTED @ https://faro-collector-ops-eu-south-0.grafana-ops.net/collect/bc03dd0f2a088059ae67a23bc296a26d:0
[75980230ms] [ERROR] WebSocket connection to 'wss://devfedb13.grafana.net/api/live/ws' failed: Error in connection establishment: net::ERR_INTERNET_DISCONNECTED @ https://grafana-assets.grafana.net/grafana/13.2.0-30616302309/public/build/3788-react19.93988d65f50992991cc7.js:291
[75980237ms] [ERROR] Failed to load resource: net::ERR_INTERNET_DISCONNECTED @ https://devfedb13.grafana.net/api/login/ping:0
[75980351ms] [ERROR] Failed to load resource: net::ERR_INTERNET_DISCONNECTED @ https://faro-collector-ops-eu-south-0.grafana-ops.net/collect/2aaaae17b963ac219cd6e23a4850f00e:0
[75980354ms] [ERROR] Failed to load resource: net::ERR_INTERNET_DISCONNECTED @ https://faro-collector-ops-eu-south-0.grafana-ops.net/collect/2aaaae17b963ac219cd6e23a4850f00e:0
[75980354ms] [ERROR] Faro
 @grafana/faro-web-sdk:transport-fetch
 Failed sending payload to the receiver
 {meta: Object, events: Array(1)} TypeError: Failed to fetch
    at https://grafana-assets.grafana.net/grafana/13.2.0-30616302309/public/build/1849-react19.2ac26fdddffdb4cf8597.js:177:52559
    at window.fetch (https://plugins-cdn.grafana.net/grafana-kowalski-app/1.64.0/public/plugins/grafana-kowalski-app/463.js?_cache=1ed629a5641ef9c0de99:2:206687)
    at https://plugins-cdn.grafana.net/grafana-kowalski-app/1.64.0/public/plugins/grafana-kowalski-app/463.js?_cache=1ed629a5641ef9c0de99:2:336969
    at o.<computed>.o.<computed> (https://rsi.grafana.com/v1.1/js-integrations/Fullstory.min.js:1:5852)
    at Mr.<anonymous> (https://plugins-cdn.grafana.net/grafana-kowalski-app/1.64.0/public/plugins/grafana-kowalski-app/463.js?_cache=1ed629a5641ef9c0de99:2:268817)
    at Generator.throw (<anonymous>)
    at a (https://plugins-cdn.grafana.net/grafana-kowalski-app/1.64.0/public/plugins/grafana-kowalski-app/463.js?_cache=1ed629a5641ef9c0de99:2:264709) @ https://plugins-cdn.grafana.net/grafana-kowalski-app/1.64.0/public/plugins/grafana-kowalski-app/463.js?_cache=1ed629a5641ef9c0de99:1
[75981688ms] [ERROR] Failed to load resource: net::ERR_INTERNET_DISCONNECTED @ https://faro-collector-ops-eu-south-0.grafana-ops.net/collect/bc03dd0f2a088059ae67a23bc296a26d:0
[75981694ms] [ERROR] Failed to load resource: net::ERR_INTERNET_DISCONNECTED @ https://faro-collector-ops-eu-south-0.grafana-ops.net/collect/bc03dd0f2a088059ae67a23bc296a26d:0
[75984616ms] [ERROR] WebSocket connection to 'wss://devfedb13.grafana.net/api/live/ws' failed: Error in connection establishment: net::ERR_INTERNET_DISCONNECTED @ https://grafana-assets.grafana.net/grafana/13.2.0-30616302309/public/build/3788-react19.93988d65f50992991cc7.js:291
[75999367ms] [ERROR] WebSocket connection to 'wss://devfedb13.grafana.net/api/live/ws' failed: Error in connection establishment: net::ERR_INTERNET_DISCONNECTED @ https://grafana-assets.grafana.net/grafana/13.2.0-30616302309/public/build/3788-react19.93988d65f50992991cc7.js:291
[75999382ms] [ERROR] Failed to load resource: net::ERR_INTERNET_DISCONNECTED @ https://devfedb13.grafana.net/api/login/ping:0
[75999599ms] [ERROR] Failed to load resource: net::ERR_INTERNET_DISCONNECTED @ https://faro-collector-ops-eu-south-0.grafana-ops.net/collect/2aaaae17b963ac219cd6e23a4850f00e:0
[75999601ms] [ERROR] Failed to load resource: net::ERR_INTERNET_DISCONNECTED @ https://faro-collector-ops-eu-south-0.grafana-ops.net/collect/2aaaae17b963ac219cd6e23a4850f00e:0
[75999601ms] [ERROR] Faro
 @grafana/faro-web-sdk:transport-fetch
 Failed sending payload to the receiver
 {meta: Object, events: Array(1)} TypeError: Failed to fetch
    at https://grafana-assets.grafana.net/grafana/13.2.0-30616302309/public/build/1849-react19.2ac26fdddffdb4cf8597.js:177:52559
    at window.fetch (https://plugins-cdn.grafana.net/grafana-kowalski-app/1.64.0/public/plugins/grafana-kowalski-app/463.js?_cache=1ed629a5641ef9c0de99:2:206687)
    at https://plugins-cdn.grafana.net/grafana-kowalski-app/1.64.0/public/plugins/grafana-kowalski-app/463.js?_cache=1ed629a5641ef9c0de99:2:336969
    at o.<computed>.o.<computed> (https://rsi.grafana.com/v1.1/js-integrations/Fullstory.min.js:1:5852)
    at Mr.<anonymous> (https://plugins-cdn.grafana.net/grafana-kowalski-app/1.64.0/public/plugins/grafana-kowalski-app/463.js?_cache=1ed629a5641ef9c0de99:2:268817)
    at Generator.throw (<anonymous>)
    at a (https://plugins-cdn.grafana.net/grafana-kowalski-app/1.64.0/public/plugins/grafana-kowalski-app/463.js?_cache=1ed629a5641ef9c0de99:2:264709) @ https://plugins-cdn.grafana.net/grafana-kowalski-app/1.64.0/public/plugins/grafana-kowalski-app/463.js?_cache=1ed629a5641ef9c0de99:1
[75999683ms] [ERROR] Failed to load resource: net::ERR_INTERNET_DISCONNECTED @ https://faro-collector-ops-eu-south-0.grafana-ops.net/collect/bc03dd0f2a088059ae67a23bc296a26d:0
[75999685ms] [ERROR] Failed to load resource: net::ERR_INTERNET_DISCONNECTED @ https://faro-collector-ops-eu-south-0.grafana-ops.net/collect/bc03dd0f2a088059ae67a23bc296a26d:0
[76001687ms] [ERROR] Failed to load resource: net::ERR_INTERNET_DISCONNECTED @ https://faro-collector-ops-eu-south-0.grafana-ops.net/collect/bc03dd0f2a088059ae67a23bc296a26d:0
[76001690ms] [ERROR] Failed to load resource: net::ERR_INTERNET_DISCONNECTED @ https://faro-collector-ops-eu-south-0.grafana-ops.net/collect/bc03dd0f2a088059ae67a23bc296a26d:0
[76002635ms] [ERROR] WebSocket connection to 'wss://devfedb13.grafana.net/api/live/ws' failed: Error in connection establishment: net::ERR_INTERNET_DISCONNECTED @ https://grafana-assets.grafana.net/grafana/13.2.0-30616302309/public/build/3788-react19.93988d65f50992991cc7.js:291
[76019920ms] [ERROR] WebSocket connection to 'wss://devfedb13.grafana.net/api/live/ws' failed: Error in connection establishment: net::ERR_INTERNET_DISCONNECTED @ https://grafana-assets.grafana.net/grafana/13.2.0-30616302309/public/build/3788-react19.93988d65f50992991cc7.js:291
[76019936ms] [ERROR] Failed to load resource: net::ERR_INTERNET_DISCONNECTED @ https://devfedb13.grafana.net/api/login/ping:0
[76020103ms] [ERROR] Failed to load resource: net::ERR_INTERNET_DISCONNECTED @ https://faro-collector-ops-eu-south-0.grafana-ops.net/collect/2aaaae17b963ac219cd6e23a4850f00e:0
[76020106ms] [ERROR] Failed to load resource: net::ERR_INTERNET_DISCONNECTED @ https://faro-collector-ops-eu-south-0.grafana-ops.net/collect/2aaaae17b963ac219cd6e23a4850f00e:0
[76020106ms] [ERROR] Faro
 @grafana/faro-web-sdk:transport-fetch
 Failed sending payload to the receiver
 {meta: Object, events: Array(1)} TypeError: Failed to fetch
    at https://grafana-assets.grafana.net/grafana/13.2.0-30616302309/public/build/1849-react19.2ac26fdddffdb4cf8597.js:177:52559
    at window.fetch (https://plugins-cdn.grafana.net/grafana-kowalski-app/1.64.0/public/plugins/grafana-kowalski-app/463.js?_cache=1ed629a5641ef9c0de99:2:206687)
    at https://plugins-cdn.grafana.net/grafana-kowalski-app/1.64.0/public/plugins/grafana-kowalski-app/463.js?_cache=1ed629a5641ef9c0de99:2:336969
    at o.<computed>.o.<computed> (https://rsi.grafana.com/v1.1/js-integrations/Fullstory.min.js:1:5852)
    at Mr.<anonymous> (https://plugins-cdn.grafana.net/grafana-kowalski-app/1.64.0/public/plugins/grafana-kowalski-app/463.js?_cache=1ed629a5641ef9c0de99:2:268817)
    at Generator.throw (<anonymous>)
    at a (https://plugins-cdn.grafana.net/grafana-kowalski-app/1.64.0/public/plugins/grafana-kowalski-app/463.js?_cache=1ed629a5641ef9c0de99:2:264709) @ https://plugins-cdn.grafana.net/grafana-kowalski-app/1.64.0/public/plugins/grafana-kowalski-app/463.js?_cache=1ed629a5641ef9c0de99:1
[76021687ms] [ERROR] Failed to load resource: net::ERR_INTERNET_DISCONNECTED @ https://faro-collector-ops-eu-south-0.grafana-ops.net/collect/bc03dd0f2a088059ae67a23bc296a26d:0
[76021691ms] [ERROR] Failed to load resource: net::ERR_INTERNET_DISCONNECTED @ https://faro-collector-ops-eu-south-0.grafana-ops.net/collect/bc03dd0f2a088059ae67a23bc296a26d:0
[76035453ms] [ERROR] WebSocket connection to 'wss://devfedb13.grafana.net/api/live/ws' failed: Error in connection establishment: net::ERR_INTERNET_DISCONNECTED @ https://grafana-assets.grafana.net/grafana/13.2.0-30616302309/public/build/3788-react19.93988d65f50992991cc7.js:291
[76035463ms] [ERROR] Failed to load resource: net::ERR_INTERNET_DISCONNECTED @ https://devfedb13.grafana.net/api/login/ping:0
[76035603ms] [ERROR] Failed to load resource: net::ERR_INTERNET_DISCONNECTED @ https://faro-collector-ops-eu-south-0.grafana-ops.net/collect/2aaaae17b963ac219cd6e23a4850f00e:0
[76035606ms] [ERROR] Failed to load resource: net::ERR_INTERNET_DISCONNECTED @ https://faro-collector-ops-eu-south-0.grafana-ops.net/collect/2aaaae17b963ac219cd6e23a4850f00e:0
[76035607ms] [ERROR] Faro
 @grafana/faro-web-sdk:transport-fetch
 Failed sending payload to the receiver
 {meta: Object, events: Array(1)} TypeError: Failed to fetch
    at https://grafana-assets.grafana.net/grafana/13.2.0-30616302309/public/build/1849-react19.2ac26fdddffdb4cf8597.js:177:52559
    at window.fetch (https://plugins-cdn.grafana.net/grafana-kowalski-app/1.64.0/public/plugins/grafana-kowalski-app/463.js?_cache=1ed629a5641ef9c0de99:2:206687)
    at https://plugins-cdn.grafana.net/grafana-kowalski-app/1.64.0/public/plugins/grafana-kowalski-app/463.js?_cache=1ed629a5641ef9c0de99:2:336969
    at o.<computed>.o.<computed> (https://rsi.grafana.com/v1.1/js-integrations/Fullstory.min.js:1:5852)
    at Mr.<anonymous> (https://plugins-cdn.grafana.net/grafana-kowalski-app/1.64.0/public/plugins/grafana-kowalski-app/463.js?_cache=1ed629a5641ef9c0de99:2:268817)
    at Generator.throw (<anonymous>)
    at a (https://plugins-cdn.grafana.net/grafana-kowalski-app/1.64.0/public/plugins/grafana-kowalski-app/463.js?_cache=1ed629a5641ef9c0de99:2:264709) @ https://plugins-cdn.grafana.net/grafana-kowalski-app/1.64.0/public/plugins/grafana-kowalski-app/463.js?_cache=1ed629a5641ef9c0de99:1
[76035687ms] [ERROR] Failed to load resource: net::ERR_INTERNET_DISCONNECTED @ https://faro-collector-ops-eu-south-0.grafana-ops.net/collect/bc03dd0f2a088059ae67a23bc296a26d:0
[76035690ms] [ERROR] Failed to load resource: net::ERR_INTERNET_DISCONNECTED @ https://faro-collector-ops-eu-south-0.grafana-ops.net/collect/bc03dd0f2a088059ae67a23bc296a26d:0
[76037687ms] [ERROR] Failed to load resource: net::ERR_INTERNET_DISCONNECTED @ https://faro-collector-ops-eu-south-0.grafana-ops.net/collect/bc03dd0f2a088059ae67a23bc296a26d:0
[76037692ms] [ERROR] Failed to load resource: net::ERR_INTERNET_DISCONNECTED @ https://faro-collector-ops-eu-south-0.grafana-ops.net/collect/bc03dd0f2a088059ae67a23bc296a26d:0
[76047183ms] [ERROR] WebSocket connection to 'wss://devfedb13.grafana.net/api/live/ws' failed: Error in connection establishment: net::ERR_INTERNET_DISCONNECTED @ https://grafana-assets.grafana.net/grafana/13.2.0-30616302309/public/build/3788-react19.93988d65f50992991cc7.js:291
[76047192ms] [ERROR] Failed to load resource: net::ERR_INTERNET_DISCONNECTED @ https://devfedb13.grafana.net/api/login/ping:0
[76047352ms] [ERROR] Failed to load resource: net::ERR_INTERNET_DISCONNECTED @ https://faro-collector-ops-eu-south-0.grafana-ops.net/collect/2aaaae17b963ac219cd6e23a4850f00e:0
[76047356ms] [ERROR] Failed to load resource: net::ERR_INTERNET_DISCONNECTED @ https://faro-collector-ops-eu-south-0.grafana-ops.net/collect/2aaaae17b963ac219cd6e23a4850f00e:0
[76047356ms] [ERROR] Faro
 @grafana/faro-web-sdk:transport-fetch
 Failed sending payload to the receiver
 {meta: Object, events: Array(1)} TypeError: Failed to fetch
    at https://grafana-assets.grafana.net/grafana/13.2.0-30616302309/public/build/1849-react19.2ac26fdddffdb4cf8597.js:177:52559
    at window.fetch (https://plugins-cdn.grafana.net/grafana-kowalski-app/1.64.0/public/plugins/grafana-kowalski-app/463.js?_cache=1ed629a5641ef9c0de99:2:206687)
    at https://plugins-cdn.grafana.net/grafana-kowalski-app/1.64.0/public/plugins/grafana-kowalski-app/463.js?_cache=1ed629a5641ef9c0de99:2:336969
    at o.<computed>.o.<computed> (https://rsi.grafana.com/v1.1/js-integrations/Fullstory.min.js:1:5852)
    at Mr.<anonymous> (https://plugins-cdn.grafana.net/grafana-kowalski-app/1.64.0/public/plugins/grafana-kowalski-app/463.js?_cache=1ed629a5641ef9c0de99:2:268817)
    at Generator.throw (<anonymous>)
    at a (https://plugins-cdn.grafana.net/grafana-kowalski-app/1.64.0/public/plugins/grafana-kowalski-app/463.js?_cache=1ed629a5641ef9c0de99:2:264709) @ https://plugins-cdn.grafana.net/grafana-kowalski-app/1.64.0/public/plugins/grafana-kowalski-app/463.js?_cache=1ed629a5641ef9c0de99:1
[76047687ms] [ERROR] Failed to load resource: net::ERR_INTERNET_DISCONNECTED @ https://faro-collector-ops-eu-south-0.grafana-ops.net/collect/bc03dd0f2a088059ae67a23bc296a26d:0
[76047692ms] [ERROR] Failed to load resource: net::ERR_INTERNET_DISCONNECTED @ https://faro-collector-ops-eu-south-0.grafana-ops.net/collect/bc03dd0f2a088059ae67a23bc296a26d:0
[76049687ms] [ERROR] Failed to load resource: net::ERR_INTERNET_DISCONNECTED @ https://faro-collector-ops-eu-south-0.grafana-ops.net/collect/bc03dd0f2a088059ae67a23bc296a26d:0
[76049692ms] [ERROR] Failed to load resource: net::ERR_INTERNET_DISCONNECTED @ https://faro-collector-ops-eu-south-0.grafana-ops.net/collect/bc03dd0f2a088059ae67a23bc296a26d:0
[76064505ms] [ERROR] WebSocket connection to 'wss://devfedb13.grafana.net/api/live/ws' failed: Error in connection establishment: net::ERR_INTERNET_DISCONNECTED @ https://grafana-assets.grafana.net/grafana/13.2.0-30616302309/public/build/3788-react19.93988d65f50992991cc7.js:291
[76064511ms] [ERROR] Failed to load resource: net::ERR_INTERNET_DISCONNECTED @ https://devfedb13.grafana.net/api/login/ping:0
[76064599ms] [ERROR] Failed to load resource: net::ERR_INTERNET_DISCONNECTED @ https://faro-collector-ops-eu-south-0.grafana-ops.net/collect/2aaaae17b963ac219cd6e23a4850f00e:0
[76064602ms] [ERROR] Failed to load resource: net::ERR_INTERNET_DISCONNECTED @ https://faro-collector-ops-eu-south-0.grafana-ops.net/collect/2aaaae17b963ac219cd6e23a4850f00e:0
[76064602ms] [ERROR] Faro
 @grafana/faro-web-sdk:transport-fetch
 Failed sending payload to the receiver
 {meta: Object, events: Array(1)} TypeError: Failed to fetch
    at https://grafana-assets.grafana.net/grafana/13.2.0-30616302309/public/build/1849-react19.2ac26fdddffdb4cf8597.js:177:52559
    at window.fetch (https://plugins-cdn.grafana.net/grafana-kowalski-app/1.64.0/public/plugins/grafana-kowalski-app/463.js?_cache=1ed629a5641ef9c0de99:2:206687)
    at https://plugins-cdn.grafana.net/grafana-kowalski-app/1.64.0/public/plugins/grafana-kowalski-app/463.js?_cache=1ed629a5641ef9c0de99:2:336969
    at o.<computed>.o.<computed> (https://rsi.grafana.com/v1.1/js-integrations/Fullstory.min.js:1:5852)
    at Mr.<anonymous> (https://plugins-cdn.grafana.net/grafana-kowalski-app/1.64.0/public/plugins/grafana-kowalski-app/463.js?_cache=1ed629a5641ef9c0de99:2:268817)
    at Generator.throw (<anonymous>)
    at a (https://plugins-cdn.grafana.net/grafana-kowalski-app/1.64.0/public/plugins/grafana-kowalski-app/463.js?_cache=1ed629a5641ef9c0de99:2:264709) @ https://plugins-cdn.grafana.net/grafana-kowalski-app/1.64.0/public/plugins/grafana-kowalski-app/463.js?_cache=1ed629a5641ef9c0de99:1
[76065688ms] [ERROR] Failed to load resource: net::ERR_INTERNET_DISCONNECTED @ https://faro-collector-ops-eu-south-0.grafana-ops.net/collect/bc03dd0f2a088059ae67a23bc296a26d:0
[76065696ms] [ERROR] Failed to load resource: net::ERR_INTERNET_DISCONNECTED @ https://faro-collector-ops-eu-south-0.grafana-ops.net/collect/bc03dd0f2a088059ae67a23bc296a26d:0
[76066683ms] [ERROR] WebSocket connection to 'wss://devfedb13.grafana.net/api/live/ws' failed: Error in connection establishment: net::ERR_INTERNET_DISCONNECTED @ https://grafana-assets.grafana.net/grafana/13.2.0-30616302309/public/build/3788-react19.93988d65f50992991cc7.js:291
[76067687ms] [ERROR] Failed to load resource: net::ERR_INTERNET_DISCONNECTED @ https://faro-collector-ops-eu-south-0.grafana-ops.net/collect/bc03dd0f2a088059ae67a23bc296a26d:0
[76067692ms] [ERROR] Failed to load resource: net::ERR_INTERNET_DISCONNECTED @ https://faro-collector-ops-eu-south-0.grafana-ops.net/collect/bc03dd0f2a088059ae67a23bc296a26d:0
[76079487ms] [ERROR] WebSocket connection to 'wss://devfedb13.grafana.net/api/live/ws' failed: Error in connection establishment: net::ERR_INTERNET_DISCONNECTED @ https://grafana-assets.grafana.net/grafana/13.2.0-30616302309/public/build/3788-react19.93988d65f50992991cc7.js:291
[76079495ms] [ERROR] Failed to load resource: net::ERR_INTERNET_DISCONNECTED @ https://devfedb13.grafana.net/api/login/ping:0
[76079602ms] [ERROR] Failed to load resource: net::ERR_INTERNET_DISCONNECTED @ https://faro-collector-ops-eu-south-0.grafana-ops.net/collect/2aaaae17b963ac219cd6e23a4850f00e:0
[76079604ms] [ERROR] Failed to load resource: net::ERR_INTERNET_DISCONNECTED @ https://faro-collector-ops-eu-south-0.grafana-ops.net/collect/2aaaae17b963ac219cd6e23a4850f00e:0
[76079604ms] [ERROR] Faro
 @grafana/faro-web-sdk:transport-fetch
 Failed sending payload to the receiver
 {meta: Object, events: Array(1)} TypeError: Failed to fetch
    at https://grafana-assets.grafana.net/grafana/13.2.0-30616302309/public/build/1849-react19.2ac26fdddffdb4cf8597.js:177:52559
    at window.fetch (https://plugins-cdn.grafana.net/grafana-kowalski-app/1.64.0/public/plugins/grafana-kowalski-app/463.js?_cache=1ed629a5641ef9c0de99:2:206687)
    at https://plugins-cdn.grafana.net/grafana-kowalski-app/1.64.0/public/plugins/grafana-kowalski-app/463.js?_cache=1ed629a5641ef9c0de99:2:336969
    at o.<computed>.o.<computed> (https://rsi.grafana.com/v1.1/js-integrations/Fullstory.min.js:1:5852)
    at Mr.<anonymous> (https://plugins-cdn.grafana.net/grafana-kowalski-app/1.64.0/public/plugins/grafana-kowalski-app/463.js?_cache=1ed629a5641ef9c0de99:2:268817)
    at Generator.throw (<anonymous>)
    at a (https://plugins-cdn.grafana.net/grafana-kowalski-app/1.64.0/public/plugins/grafana-kowalski-app/463.js?_cache=1ed629a5641ef9c0de99:2:264709) @ https://plugins-cdn.grafana.net/grafana-kowalski-app/1.64.0/public/plugins/grafana-kowalski-app/463.js?_cache=1ed629a5641ef9c0de99:1
[76079683ms] [ERROR] Failed to load resource: net::ERR_INTERNET_DISCONNECTED @ https://faro-collector-ops-eu-south-0.grafana-ops.net/collect/bc03dd0f2a088059ae67a23bc296a26d:0
[76079684ms] [ERROR] Failed to load resource: net::ERR_INTERNET_DISCONNECTED @ https://faro-collector-ops-eu-south-0.grafana-ops.net/collect/bc03dd0f2a088059ae67a23bc296a26d:0
[76081689ms] [ERROR] Failed to load resource: net::ERR_INTERNET_DISCONNECTED @ https://faro-collector-ops-eu-south-0.grafana-ops.net/collect/bc03dd0f2a088059ae67a23bc296a26d:0
[76081692ms] [ERROR] Failed to load resource: net::ERR_INTERNET_DISCONNECTED @ https://faro-collector-ops-eu-south-0.grafana-ops.net/collect/bc03dd0f2a088059ae67a23bc296a26d:0
[76097655ms] [ERROR] WebSocket connection to 'wss://devfedb13.grafana.net/api/live/ws' failed: Error in connection establishment: net::ERR_INTERNET_DISCONNECTED @ https://grafana-assets.grafana.net/grafana/13.2.0-30616302309/public/build/3788-react19.93988d65f50992991cc7.js:291
[76097670ms] [ERROR] Failed to load resource: net::ERR_INTERNET_DISCONNECTED @ https://devfedb13.grafana.net/api/login/ping:0
[76097685ms] [ERROR] Failed to load resource: net::ERR_INTERNET_DISCONNECTED @ https://faro-collector-ops-eu-south-0.grafana-ops.net/collect/bc03dd0f2a088059ae67a23bc296a26d:0
[76097687ms] [ERROR] Failed to load resource: net::ERR_INTERNET_DISCONNECTED @ https://faro-collector-ops-eu-south-0.grafana-ops.net/collect/bc03dd0f2a088059ae67a23bc296a26d:0
[76097852ms] [ERROR] Failed to load resource: net::ERR_INTERNET_DISCONNECTED @ https://faro-collector-ops-eu-south-0.grafana-ops.net/collect/2aaaae17b963ac219cd6e23a4850f00e:0
[76097855ms] [ERROR] Failed to load resource: net::ERR_INTERNET_DISCONNECTED @ https://faro-collector-ops-eu-south-0.grafana-ops.net/collect/2aaaae17b963ac219cd6e23a4850f00e:0
[76097855ms] [ERROR] Faro
 @grafana/faro-web-sdk:transport-fetch
 Failed sending payload to the receiver
 {meta: Object, events: Array(1)} TypeError: Failed to fetch
    at https://grafana-assets.grafana.net/grafana/13.2.0-30616302309/public/build/1849-react19.2ac26fdddffdb4cf8597.js:177:52559
    at window.fetch (https://plugins-cdn.grafana.net/grafana-kowalski-app/1.64.0/public/plugins/grafana-kowalski-app/463.js?_cache=1ed629a5641ef9c0de99:2:206687)
    at https://plugins-cdn.grafana.net/grafana-kowalski-app/1.64.0/public/plugins/grafana-kowalski-app/463.js?_cache=1ed629a5641ef9c0de99:2:336969
    at o.<computed>.o.<computed> (https://rsi.grafana.com/v1.1/js-integrations/Fullstory.min.js:1:5852)
    at Mr.<anonymous> (https://plugins-cdn.grafana.net/grafana-kowalski-app/1.64.0/public/plugins/grafana-kowalski-app/463.js?_cache=1ed629a5641ef9c0de99:2:268817)
    at Generator.throw (<anonymous>)
    at a (https://plugins-cdn.grafana.net/grafana-kowalski-app/1.64.0/public/plugins/grafana-kowalski-app/463.js?_cache=1ed629a5641ef9c0de99:2:264709) @ https://plugins-cdn.grafana.net/grafana-kowalski-app/1.64.0/public/plugins/grafana-kowalski-app/463.js?_cache=1ed629a5641ef9c0de99:1
[76099684ms] [ERROR] Failed to load resource: net::ERR_INTERNET_DISCONNECTED @ https://faro-collector-ops-eu-south-0.grafana-ops.net/collect/bc03dd0f2a088059ae67a23bc296a26d:0
[76099685ms] [ERROR] Failed to load resource: net::ERR_INTERNET_DISCONNECTED @ https://faro-collector-ops-eu-south-0.grafana-ops.net/collect/bc03dd0f2a088059ae67a23bc296a26d:0
[76101739ms] [ERROR] WebSocket connection to 'wss://devfedb13.grafana.net/api/live/ws' failed: Error in connection establishment: net::ERR_INTERNET_DISCONNECTED @ https://grafana-assets.grafana.net/grafana/13.2.0-30616302309/public/build/3788-react19.93988d65f50992991cc7.js:291
[76109400ms] [ERROR] WebSocket connection to 'wss://devfedb13.grafana.net/api/live/ws' failed: Error in connection establishment: net::ERR_INTERNET_DISCONNECTED @ https://grafana-assets.grafana.net/grafana/13.2.0-30616302309/public/build/3788-react19.93988d65f50992991cc7.js:291
[76109408ms] [ERROR] Failed to load resource: net::ERR_INTERNET_DISCONNECTED @ https://devfedb13.grafana.net/api/login/ping:0
[76109604ms] [ERROR] Failed to load resource: net::ERR_INTERNET_DISCONNECTED @ https://faro-collector-ops-eu-south-0.grafana-ops.net/collect/2aaaae17b963ac219cd6e23a4850f00e:0
[76109607ms] [ERROR] Failed to load resource: net::ERR_INTERNET_DISCONNECTED @ https://faro-collector-ops-eu-south-0.grafana-ops.net/collect/2aaaae17b963ac219cd6e23a4850f00e:0
[76109608ms] [ERROR] Faro
 @grafana/faro-web-sdk:transport-fetch
 Failed sending payload to the receiver
 {meta: Object, events: Array(1)} TypeError: Failed to fetch
    at https://grafana-assets.grafana.net/grafana/13.2.0-30616302309/public/build/1849-react19.2ac26fdddffdb4cf8597.js:177:52559
    at window.fetch (https://plugins-cdn.grafana.net/grafana-kowalski-app/1.64.0/public/plugins/grafana-kowalski-app/463.js?_cache=1ed629a5641ef9c0de99:2:206687)
    at https://plugins-cdn.grafana.net/grafana-kowalski-app/1.64.0/public/plugins/grafana-kowalski-app/463.js?_cache=1ed629a5641ef9c0de99:2:336969
    at o.<computed>.o.<computed> (https://rsi.grafana.com/v1.1/js-integrations/Fullstory.min.js:1:5852)
    at Mr.<anonymous> (https://plugins-cdn.grafana.net/grafana-kowalski-app/1.64.0/public/plugins/grafana-kowalski-app/463.js?_cache=1ed629a5641ef9c0de99:2:268817)
    at Generator.throw (<anonymous>)
    at a (https://plugins-cdn.grafana.net/grafana-kowalski-app/1.64.0/public/plugins/grafana-kowalski-app/463.js?_cache=1ed629a5641ef9c0de99:2:264709) @ https://plugins-cdn.grafana.net/grafana-kowalski-app/1.64.0/public/plugins/grafana-kowalski-app/463.js?_cache=1ed629a5641ef9c0de99:1
[76109686ms] [ERROR] Failed to load resource: net::ERR_INTERNET_DISCONNECTED @ https://faro-collector-ops-eu-south-0.grafana-ops.net/collect/bc03dd0f2a088059ae67a23bc296a26d:0
[76109691ms] [ERROR] Failed to load resource: net::ERR_INTERNET_DISCONNECTED @ https://faro-collector-ops-eu-south-0.grafana-ops.net/collect/bc03dd0f2a088059ae67a23bc296a26d:0
[76111687ms] [ERROR] Failed to load resource: net::ERR_INTERNET_DISCONNECTED @ https://faro-collector-ops-eu-south-0.grafana-ops.net/collect/bc03dd0f2a088059ae67a23bc296a26d:0
[76111690ms] [ERROR] Failed to load resource: net::ERR_INTERNET_DISCONNECTED @ https://faro-collector-ops-eu-south-0.grafana-ops.net/collect/bc03dd0f2a088059ae67a23bc296a26d:0
[76127960ms] [ERROR] WebSocket connection to 'wss://devfedb13.grafana.net/api/live/ws' failed: Error in connection establishment: net::ERR_INTERNET_DISCONNECTED @ https://grafana-assets.grafana.net/grafana/13.2.0-30616302309/public/build/3788-react19.93988d65f50992991cc7.js:291
[76127972ms] [ERROR] Failed to load resource: net::ERR_INTERNET_DISCONNECTED @ https://devfedb13.grafana.net/api/login/ping:0
[76128099ms] [ERROR] Failed to load resource: net::ERR_INTERNET_DISCONNECTED @ https://faro-collector-ops-eu-south-0.grafana-ops.net/collect/2aaaae17b963ac219cd6e23a4850f00e:0
[76128105ms] [ERROR] Failed to load resource: net::ERR_INTERNET_DISCONNECTED @ https://faro-collector-ops-eu-south-0.grafana-ops.net/collect/2aaaae17b963ac219cd6e23a4850f00e:0
[76128105ms] [ERROR] Faro
 @grafana/faro-web-sdk:transport-fetch
 Failed sending payload to the receiver
 {meta: Object, events: Array(1)} TypeError: Failed to fetch
    at https://grafana-assets.grafana.net/grafana/13.2.0-30616302309/public/build/1849-react19.2ac26fdddffdb4cf8597.js:177:52559
    at window.fetch (https://plugins-cdn.grafana.net/grafana-kowalski-app/1.64.0/public/plugins/grafana-kowalski-app/463.js?_cache=1ed629a5641ef9c0de99:2:206687)
    at https://plugins-cdn.grafana.net/grafana-kowalski-app/1.64.0/public/plugins/grafana-kowalski-app/463.js?_cache=1ed629a5641ef9c0de99:2:336969
    at o.<computed>.o.<computed> (https://rsi.grafana.com/v1.1/js-integrations/Fullstory.min.js:1:5852)
    at Mr.<anonymous> (https://plugins-cdn.grafana.net/grafana-kowalski-app/1.64.0/public/plugins/grafana-kowalski-app/463.js?_cache=1ed629a5641ef9c0de99:2:268817)
    at Generator.throw (<anonymous>)
    at a (https://plugins-cdn.grafana.net/grafana-kowalski-app/1.64.0/public/plugins/grafana-kowalski-app/463.js?_cache=1ed629a5641ef9c0de99:2:264709) @ https://plugins-cdn.grafana.net/grafana-kowalski-app/1.64.0/public/plugins/grafana-kowalski-app/463.js?_cache=1ed629a5641ef9c0de99:1
[76129689ms] [ERROR] Failed to load resource: net::ERR_INTERNET_DISCONNECTED @ https://faro-collector-ops-eu-south-0.grafana-ops.net/collect/bc03dd0f2a088059ae67a23bc296a26d:0
[76129693ms] [ERROR] Failed to load resource: net::ERR_INTERNET_DISCONNECTED @ https://faro-collector-ops-eu-south-0.grafana-ops.net/collect/bc03dd0f2a088059ae67a23bc296a26d:0
[76137899ms] [ERROR] WebSocket connection to 'wss://devfedb13.grafana.net/api/live/ws' failed: Error in connection establishment: net::ERR_INTERNET_DISCONNECTED @ https://grafana-assets.grafana.net/grafana/13.2.0-30616302309/public/build/3788-react19.93988d65f50992991cc7.js:291
[76137905ms] [ERROR] Failed to load resource: net::ERR_INTERNET_DISCONNECTED @ https://devfedb13.grafana.net/api/login/ping:0
[76138099ms] [ERROR] Failed to load resource: net::ERR_INTERNET_DISCONNECTED @ https://faro-collector-ops-eu-south-0.grafana-ops.net/collect/2aaaae17b963ac219cd6e23a4850f00e:0
[76138101ms] [ERROR] Failed to load resource: net::ERR_INTERNET_DISCONNECTED @ https://faro-collector-ops-eu-south-0.grafana-ops.net/collect/2aaaae17b963ac219cd6e23a4850f00e:0
[76138101ms] [ERROR] Faro
 @grafana/faro-web-sdk:transport-fetch
 Failed sending payload to the receiver
 {meta: Object, events: Array(1)} TypeError: Failed to fetch
    at https://grafana-assets.grafana.net/grafana/13.2.0-30616302309/public/build/1849-react19.2ac26fdddffdb4cf8597.js:177:52559
    at window.fetch (https://plugins-cdn.grafana.net/grafana-kowalski-app/1.64.0/public/plugins/grafana-kowalski-app/463.js?_cache=1ed629a5641ef9c0de99:2:206687)
    at https://plugins-cdn.grafana.net/grafana-kowalski-app/1.64.0/public/plugins/grafana-kowalski-app/463.js?_cache=1ed629a5641ef9c0de99:2:336969
    at o.<computed>.o.<computed> (https://rsi.grafana.com/v1.1/js-integrations/Fullstory.min.js:1:5852)
    at Mr.<anonymous> (https://plugins-cdn.grafana.net/grafana-kowalski-app/1.64.0/public/plugins/grafana-kowalski-app/463.js?_cache=1ed629a5641ef9c0de99:2:268817)
    at Generator.throw (<anonymous>)
    at a (https://plugins-cdn.grafana.net/grafana-kowalski-app/1.64.0/public/plugins/grafana-kowalski-app/463.js?_cache=1ed629a5641ef9c0de99:2:264709) @ https://plugins-cdn.grafana.net/grafana-kowalski-app/1.64.0/public/plugins/grafana-kowalski-app/463.js?_cache=1ed629a5641ef9c0de99:1
[76139690ms] [ERROR] Failed to load resource: net::ERR_INTERNET_DISCONNECTED @ https://faro-collector-ops-eu-south-0.grafana-ops.net/collect/bc03dd0f2a088059ae67a23bc296a26d:0
[76139696ms] [ERROR] Failed to load resource: net::ERR_INTERNET_DISCONNECTED @ https://faro-collector-ops-eu-south-0.grafana-ops.net/collect/bc03dd0f2a088059ae67a23bc296a26d:0
[76157582ms] [ERROR] WebSocket connection to 'wss://devfedb13.grafana.net/api/live/ws' failed: Error in connection establishment: net::ERR_INTERNET_DISCONNECTED @ https://grafana-assets.grafana.net/grafana/13.2.0-30616302309/public/build/3788-react19.93988d65f50992991cc7.js:291
[76157596ms] [ERROR] Failed to load resource: net::ERR_INTERNET_DISCONNECTED @ https://devfedb13.grafana.net/api/login/ping:0
[76157692ms] [ERROR] Failed to load resource: net::ERR_INTERNET_DISCONNECTED @ https://faro-collector-ops-eu-south-0.grafana-ops.net/collect/bc03dd0f2a088059ae67a23bc296a26d:0
[76157694ms] [ERROR] Failed to load resource: net::ERR_INTERNET_DISCONNECTED @ https://faro-collector-ops-eu-south-0.grafana-ops.net/collect/bc03dd0f2a088059ae67a23bc296a26d:0
[76157852ms] [ERROR] Failed to load resource: net::ERR_INTERNET_DISCONNECTED @ https://faro-collector-ops-eu-south-0.grafana-ops.net/collect/2aaaae17b963ac219cd6e23a4850f00e:0
[76157856ms] [ERROR] Failed to load resource: net::ERR_INTERNET_DISCONNECTED @ https://faro-collector-ops-eu-south-0.grafana-ops.net/collect/2aaaae17b963ac219cd6e23a4850f00e:0
[76157856ms] [ERROR] Faro
 @grafana/faro-web-sdk:transport-fetch
 Failed sending payload to the receiver
 {meta: Object, events: Array(1)} TypeError: Failed to fetch
    at https://grafana-assets.grafana.net/grafana/13.2.0-30616302309/public/build/1849-react19.2ac26fdddffdb4cf8597.js:177:52559
    at window.fetch (https://plugins-cdn.grafana.net/grafana-kowalski-app/1.64.0/public/plugins/grafana-kowalski-app/463.js?_cache=1ed629a5641ef9c0de99:2:206687)
    at https://plugins-cdn.grafana.net/grafana-kowalski-app/1.64.0/public/plugins/grafana-kowalski-app/463.js?_cache=1ed629a5641ef9c0de99:2:336969
    at o.<computed>.o.<computed> (https://rsi.grafana.com/v1.1/js-integrations/Fullstory.min.js:1:5852)
    at Mr.<anonymous> (https://plugins-cdn.grafana.net/grafana-kowalski-app/1.64.0/public/plugins/grafana-kowalski-app/463.js?_cache=1ed629a5641ef9c0de99:2:268817)
    at Generator.throw (<anonymous>)
    at a (https://plugins-cdn.grafana.net/grafana-kowalski-app/1.64.0/public/plugins/grafana-kowalski-app/463.js?_cache=1ed629a5641ef9c0de99:2:264709) @ https://plugins-cdn.grafana.net/grafana-kowalski-app/1.64.0/public/plugins/grafana-kowalski-app/463.js?_cache=1ed629a5641ef9c0de99:1
[76159689ms] [ERROR] Failed to load resource: net::ERR_INTERNET_DISCONNECTED @ https://faro-collector-ops-eu-south-0.grafana-ops.net/collect/bc03dd0f2a088059ae67a23bc296a26d:0
[76159696ms] [ERROR] Failed to load resource: net::ERR_INTERNET_DISCONNECTED @ https://faro-collector-ops-eu-south-0.grafana-ops.net/collect/bc03dd0f2a088059ae67a23bc296a26d:0
[76168424ms] [ERROR] WebSocket connection to 'wss://devfedb13.grafana.net/api/live/ws' failed: Error in connection establishment: net::ERR_INTERNET_DISCONNECTED @ https://grafana-assets.grafana.net/grafana/13.2.0-30616302309/public/build/3788-react19.93988d65f50992991cc7.js:291
[76168430ms] [ERROR] Failed to load resource: net::ERR_INTERNET_DISCONNECTED @ https://devfedb13.grafana.net/api/login/ping:0
[76168598ms] [ERROR] Failed to load resource: net::ERR_INTERNET_DISCONNECTED @ https://faro-collector-ops-eu-south-0.grafana-ops.net/collect/2aaaae17b963ac219cd6e23a4850f00e:0
[76168600ms] [ERROR] Failed to load resource: net::ERR_INTERNET_DISCONNECTED @ https://faro-collector-ops-eu-south-0.grafana-ops.net/collect/2aaaae17b963ac219cd6e23a4850f00e:0
[76168600ms] [ERROR] Faro
 @grafana/faro-web-sdk:transport-fetch
 Failed sending payload to the receiver
 {meta: Object, events: Array(1)} TypeError: Failed to fetch
    at https://grafana-assets.grafana.net/grafana/13.2.0-30616302309/public/build/1849-react19.2ac26fdddffdb4cf8597.js:177:52559
    at window.fetch (https://plugins-cdn.grafana.net/grafana-kowalski-app/1.64.0/public/plugins/grafana-kowalski-app/463.js?_cache=1ed629a5641ef9c0de99:2:206687)
    at https://plugins-cdn.grafana.net/grafana-kowalski-app/1.64.0/public/plugins/grafana-kowalski-app/463.js?_cache=1ed629a5641ef9c0de99:2:336969
    at o.<computed>.o.<computed> (https://rsi.grafana.com/v1.1/js-integrations/Fullstory.min.js:1:5852)
    at Mr.<anonymous> (https://plugins-cdn.grafana.net/grafana-kowalski-app/1.64.0/public/plugins/grafana-kowalski-app/463.js?_cache=1ed629a5641ef9c0de99:2:268817)
    at Generator.throw (<anonymous>)
    at a (https://plugins-cdn.grafana.net/grafana-kowalski-app/1.64.0/public/plugins/grafana-kowalski-app/463.js?_cache=1ed629a5641ef9c0de99:2:264709) @ https://plugins-cdn.grafana.net/grafana-kowalski-app/1.64.0/public/plugins/grafana-kowalski-app/463.js?_cache=1ed629a5641ef9c0de99:1
[76169688ms] [ERROR] Failed to load resource: net::ERR_INTERNET_DISCONNECTED @ https://faro-collector-ops-eu-south-0.grafana-ops.net/collect/bc03dd0f2a088059ae67a23bc296a26d:0
[76169693ms] [ERROR] Failed to load resource: net::ERR_INTERNET_DISCONNECTED @ https://faro-collector-ops-eu-south-0.grafana-ops.net/collect/bc03dd0f2a088059ae67a23bc296a26d:0
[76171688ms] [ERROR] Failed to load resource: net::ERR_INTERNET_DISCONNECTED @ https://faro-collector-ops-eu-south-0.grafana-ops.net/collect/bc03dd0f2a088059ae67a23bc296a26d:0
[76171693ms] [ERROR] Failed to load resource: net::ERR_INTERNET_DISCONNECTED @ https://faro-collector-ops-eu-south-0.grafana-ops.net/collect/bc03dd0f2a088059ae67a23bc296a26d:0
[76173169ms] [ERROR] WebSocket connection to 'wss://devfedb13.grafana.net/api/live/ws' failed: Error in connection establishment: net::ERR_INTERNET_DISCONNECTED @ https://grafana-assets.grafana.net/grafana/13.2.0-30616302309/public/build/3788-react19.93988d65f50992991cc7.js:291
[76186588ms] [ERROR] WebSocket connection to 'wss://devfedb13.grafana.net/api/live/ws' failed: Error in connection establishment: net::ERR_INTERNET_DISCONNECTED @ https://grafana-assets.grafana.net/grafana/13.2.0-30616302309/public/build/3788-react19.93988d65f50992991cc7.js:291
[76186596ms] [ERROR] Failed to load resource: net::ERR_INTERNET_DISCONNECTED @ https://devfedb13.grafana.net/api/login/ping:0
[76186849ms] [ERROR] Failed to load resource: net::ERR_INTERNET_DISCONNECTED @ https://faro-collector-ops-eu-south-0.grafana-ops.net/collect/2aaaae17b963ac219cd6e23a4850f00e:0
[76186850ms] [ERROR] Failed to load resource: net::ERR_INTERNET_DISCONNECTED @ https://faro-collector-ops-eu-south-0.grafana-ops.net/collect/2aaaae17b963ac219cd6e23a4850f00e:0
[76186850ms] [ERROR] Faro
 @grafana/faro-web-sdk:transport-fetch
 Failed sending payload to the receiver
 {meta: Object, events: Array(1)} TypeError: Failed to fetch
    at https://grafana-assets.grafana.net/grafana/13.2.0-30616302309/public/build/1849-react19.2ac26fdddffdb4cf8597.js:177:52559
    at window.fetch (https://plugins-cdn.grafana.net/grafana-kowalski-app/1.64.0/public/plugins/grafana-kowalski-app/463.js?_cache=1ed629a5641ef9c0de99:2:206687)
    at https://plugins-cdn.grafana.net/grafana-kowalski-app/1.64.0/public/plugins/grafana-kowalski-app/463.js?_cache=1ed629a5641ef9c0de99:2:336969
    at o.<computed>.o.<computed> (https://rsi.grafana.com/v1.1/js-integrations/Fullstory.min.js:1:5852)
    at Mr.<anonymous> (https://plugins-cdn.grafana.net/grafana-kowalski-app/1.64.0/public/plugins/grafana-kowalski-app/463.js?_cache=1ed629a5641ef9c0de99:2:268817)
    at Generator.throw (<anonymous>)
    at a (https://plugins-cdn.grafana.net/grafana-kowalski-app/1.64.0/public/plugins/grafana-kowalski-app/463.js?_cache=1ed629a5641ef9c0de99:2:264709) @ https://plugins-cdn.grafana.net/grafana-kowalski-app/1.64.0/public/plugins/grafana-kowalski-app/463.js?_cache=1ed629a5641ef9c0de99:1
[76187600ms] [ERROR] WebSocket connection to 'wss://devfedb13.grafana.net/api/live/ws' failed: Error in connection establishment: net::ERR_INTERNET_DISCONNECTED @ https://grafana-assets.grafana.net/grafana/13.2.0-30616302309/public/build/3788-react19.93988d65f50992991cc7.js:291
[76187682ms] [ERROR] Failed to load resource: net::ERR_INTERNET_DISCONNECTED @ https://faro-collector-ops-eu-south-0.grafana-ops.net/collect/bc03dd0f2a088059ae67a23bc296a26d:0
[76187684ms] [ERROR] Failed to load resource: net::ERR_INTERNET_DISCONNECTED @ https://faro-collector-ops-eu-south-0.grafana-ops.net/collect/bc03dd0f2a088059ae67a23bc296a26d:0
[76189689ms] [ERROR] Failed to load resource: net::ERR_INTERNET_DISCONNECTED @ https://faro-collector-ops-eu-south-0.grafana-ops.net/collect/bc03dd0f2a088059ae67a23bc296a26d:0
[76189694ms] [ERROR] Failed to load resource: net::ERR_INTERNET_DISCONNECTED @ https://faro-collector-ops-eu-south-0.grafana-ops.net/collect/bc03dd0f2a088059ae67a23bc296a26d:0
[76196593ms] [ERROR] WebSocket connection to 'wss://devfedb13.grafana.net/api/live/ws' failed: Error in connection establishment: net::ERR_INTERNET_DISCONNECTED @ https://grafana-assets.grafana.net/grafana/13.2.0-30616302309/public/build/3788-react19.93988d65f50992991cc7.js:291
[76196612ms] [ERROR] Failed to load resource: net::ERR_INTERNET_DISCONNECTED @ https://devfedb13.grafana.net/api/login/ping:0
[76196858ms] [ERROR] Failed to load resource: net::ERR_INTERNET_DISCONNECTED @ https://faro-collector-ops-eu-south-0.grafana-ops.net/collect/2aaaae17b963ac219cd6e23a4850f00e:0
[76196862ms] [ERROR] Failed to load resource: net::ERR_INTERNET_DISCONNECTED @ https://faro-collector-ops-eu-south-0.grafana-ops.net/collect/2aaaae17b963ac219cd6e23a4850f00e:0
[76196862ms] [ERROR] Faro
 @grafana/faro-web-sdk:transport-fetch
 Failed sending payload to the receiver
 {meta: Object, events: Array(1)} TypeError: Failed to fetch
    at https://grafana-assets.grafana.net/grafana/13.2.0-30616302309/public/build/1849-react19.2ac26fdddffdb4cf8597.js:177:52559
    at window.fetch (https://plugins-cdn.grafana.net/grafana-kowalski-app/1.64.0/public/plugins/grafana-kowalski-app/463.js?_cache=1ed629a5641ef9c0de99:2:206687)
    at https://plugins-cdn.grafana.net/grafana-kowalski-app/1.64.0/public/plugins/grafana-kowalski-app/463.js?_cache=1ed629a5641ef9c0de99:2:336969
    at o.<computed>.o.<computed> (https://rsi.grafana.com/v1.1/js-integrations/Fullstory.min.js:1:5852)
    at Mr.<anonymous> (https://plugins-cdn.grafana.net/grafana-kowalski-app/1.64.0/public/plugins/grafana-kowalski-app/463.js?_cache=1ed629a5641ef9c0de99:2:268817)
    at Generator.throw (<anonymous>)
    at a (https://plugins-cdn.grafana.net/grafana-kowalski-app/1.64.0/public/plugins/grafana-kowalski-app/463.js?_cache=1ed629a5641ef9c0de99:2:264709) @ https://plugins-cdn.grafana.net/grafana-kowalski-app/1.64.0/public/plugins/grafana-kowalski-app/463.js?_cache=1ed629a5641ef9c0de99:1
[76197689ms] [ERROR] Failed to load resource: net::ERR_INTERNET_DISCONNECTED @ https://faro-collector-ops-eu-south-0.grafana-ops.net/collect/bc03dd0f2a088059ae67a23bc296a26d:0
[76197694ms] [ERROR] Failed to load resource: net::ERR_INTERNET_DISCONNECTED @ https://faro-collector-ops-eu-south-0.grafana-ops.net/collect/bc03dd0f2a088059ae67a23bc296a26d:0
[76199688ms] [ERROR] Failed to load resource: net::ERR_INTERNET_DISCONNECTED @ https://faro-collector-ops-eu-south-0.grafana-ops.net/collect/bc03dd0f2a088059ae67a23bc296a26d:0
[76199705ms] [ERROR] Failed to load resource: net::ERR_INTERNET_DISCONNECTED @ https://faro-collector-ops-eu-south-0.grafana-ops.net/collect/bc03dd0f2a088059ae67a23bc296a26d:0
[76211383ms] [ERROR] WebSocket connection to 'wss://devfedb13.grafana.net/api/live/ws' failed: Error in connection establishment: net::ERR_INTERNET_DISCONNECTED @ https://grafana-assets.grafana.net/grafana/13.2.0-30616302309/public/build/3788-react19.93988d65f50992991cc7.js:291
[76211394ms] [ERROR] Failed to load resource: net::ERR_INTERNET_DISCONNECTED @ https://devfedb13.grafana.net/api/login/ping:0
[76211602ms] [ERROR] Failed to load resource: net::ERR_INTERNET_DISCONNECTED @ https://faro-collector-ops-eu-south-0.grafana-ops.net/collect/2aaaae17b963ac219cd6e23a4850f00e:0
[76211606ms] [ERROR] Failed to load resource: net::ERR_INTERNET_DISCONNECTED @ https://faro-collector-ops-eu-south-0.grafana-ops.net/collect/2aaaae17b963ac219cd6e23a4850f00e:0
[76211606ms] [ERROR] Faro
 @grafana/faro-web-sdk:transport-fetch
 Failed sending payload to the receiver
 {meta: Object, events: Array(1)} TypeError: Failed to fetch
    at https://grafana-assets.grafana.net/grafana/13.2.0-30616302309/public/build/1849-react19.2ac26fdddffdb4cf8597.js:177:52559
    at window.fetch (https://plugins-cdn.grafana.net/grafana-kowalski-app/1.64.0/public/plugins/grafana-kowalski-app/463.js?_cache=1ed629a5641ef9c0de99:2:206687)
    at https://plugins-cdn.grafana.net/grafana-kowalski-app/1.64.0/public/plugins/grafana-kowalski-app/463.js?_cache=1ed629a5641ef9c0de99:2:336969
    at o.<computed>.o.<computed> (https://rsi.grafana.com/v1.1/js-integrations/Fullstory.min.js:1:5852)
    at Mr.<anonymous> (https://plugins-cdn.grafana.net/grafana-kowalski-app/1.64.0/public/plugins/grafana-kowalski-app/463.js?_cache=1ed629a5641ef9c0de99:2:268817)
    at Generator.throw (<anonymous>)
    at a (https://plugins-cdn.grafana.net/grafana-kowalski-app/1.64.0/public/plugins/grafana-kowalski-app/463.js?_cache=1ed629a5641ef9c0de99:2:264709) @ https://plugins-cdn.grafana.net/grafana-kowalski-app/1.64.0/public/plugins/grafana-kowalski-app/463.js?_cache=1ed629a5641ef9c0de99:1
[76211687ms] [ERROR] Failed to load resource: net::ERR_INTERNET_DISCONNECTED @ https://faro-collector-ops-eu-south-0.grafana-ops.net/collect/bc03dd0f2a088059ae67a23bc296a26d:0
[76211691ms] [ERROR] Failed to load resource: net::ERR_INTERNET_DISCONNECTED @ https://faro-collector-ops-eu-south-0.grafana-ops.net/collect/bc03dd0f2a088059ae67a23bc296a26d:0
[76213685ms] [ERROR] Failed to load resource: net::ERR_INTERNET_DISCONNECTED @ https://faro-collector-ops-eu-south-0.grafana-ops.net/collect/bc03dd0f2a088059ae67a23bc296a26d:0
[76213689ms] [ERROR] Failed to load resource: net::ERR_INTERNET_DISCONNECTED @ https://faro-collector-ops-eu-south-0.grafana-ops.net/collect/bc03dd0f2a088059ae67a23bc296a26d:0
[76220750ms] [ERROR] WebSocket connection to 'wss://devfedb13.grafana.net/api/live/ws' failed: Error in connection establishment: net::ERR_INTERNET_DISCONNECTED @ https://grafana-assets.grafana.net/grafana/13.2.0-30616302309/public/build/3788-react19.93988d65f50992991cc7.js:291
[76220753ms] [ERROR] Failed to load resource: net::ERR_INTERNET_DISCONNECTED @ https://devfedb13.grafana.net/api/login/ping:0
[76220851ms] [ERROR] Failed to load resource: net::ERR_INTERNET_DISCONNECTED @ https://faro-collector-ops-eu-south-0.grafana-ops.net/collect/2aaaae17b963ac219cd6e23a4850f00e:0
[76220853ms] [ERROR] Failed to load resource: net::ERR_INTERNET_DISCONNECTED @ https://faro-collector-ops-eu-south-0.grafana-ops.net/collect/2aaaae17b963ac219cd6e23a4850f00e:0
[76220853ms] [ERROR] Faro
 @grafana/faro-web-sdk:transport-fetch
 Failed sending payload to the receiver
 {meta: Object, events: Array(1)} TypeError: Failed to fetch
    at https://grafana-assets.grafana.net/grafana/13.2.0-30616302309/public/build/1849-react19.2ac26fdddffdb4cf8597.js:177:52559
    at window.fetch (https://plugins-cdn.grafana.net/grafana-kowalski-app/1.64.0/public/plugins/grafana-kowalski-app/463.js?_cache=1ed629a5641ef9c0de99:2:206687)
    at https://plugins-cdn.grafana.net/grafana-kowalski-app/1.64.0/public/plugins/grafana-kowalski-app/463.js?_cache=1ed629a5641ef9c0de99:2:336969
    at o.<computed>.o.<computed> (https://rsi.grafana.com/v1.1/js-integrations/Fullstory.min.js:1:5852)
    at Mr.<anonymous> (https://plugins-cdn.grafana.net/grafana-kowalski-app/1.64.0/public/plugins/grafana-kowalski-app/463.js?_cache=1ed629a5641ef9c0de99:2:268817)
    at Generator.throw (<anonymous>)
    at a (https://plugins-cdn.grafana.net/grafana-kowalski-app/1.64.0/public/plugins/grafana-kowalski-app/463.js?_cache=1ed629a5641ef9c0de99:2:264709) @ https://plugins-cdn.grafana.net/grafana-kowalski-app/1.64.0/public/plugins/grafana-kowalski-app/463.js?_cache=1ed629a5641ef9c0de99:1
[76221682ms] [ERROR] Failed to load resource: net::ERR_INTERNET_DISCONNECTED @ https://faro-collector-ops-eu-south-0.grafana-ops.net/collect/bc03dd0f2a088059ae67a23bc296a26d:0
[76221683ms] [ERROR] Failed to load resource: net::ERR_INTERNET_DISCONNECTED @ https://faro-collector-ops-eu-south-0.grafana-ops.net/collect/bc03dd0f2a088059ae67a23bc296a26d:0
[76223688ms] [ERROR] Failed to load resource: net::ERR_INTERNET_DISCONNECTED @ https://faro-collector-ops-eu-south-0.grafana-ops.net/collect/bc03dd0f2a088059ae67a23bc296a26d:0
[76223693ms] [ERROR] Failed to load resource: net::ERR_INTERNET_DISCONNECTED @ https://faro-collector-ops-eu-south-0.grafana-ops.net/collect/bc03dd0f2a088059ae67a23bc296a26d:0
[76240757ms] [ERROR] WebSocket connection to 'wss://devfedb13.grafana.net/api/live/ws' failed: Error in connection establishment: net::ERR_INTERNET_DISCONNECTED @ https://grafana-assets.grafana.net/grafana/13.2.0-30616302309/public/build/3788-react19.93988d65f50992991cc7.js:291
[76240766ms] [ERROR] Failed to load resource: net::ERR_INTERNET_DISCONNECTED @ https://devfedb13.grafana.net/api/login/ping:0
[76240849ms] [ERROR] Failed to load resource: net::ERR_INTERNET_DISCONNECTED @ https://faro-collector-ops-eu-south-0.grafana-ops.net/collect/2aaaae17b963ac219cd6e23a4850f00e:0
[76240850ms] [ERROR] Failed to load resource: net::ERR_INTERNET_DISCONNECTED @ https://faro-collector-ops-eu-south-0.grafana-ops.net/collect/2aaaae17b963ac219cd6e23a4850f00e:0
[76240850ms] [ERROR] Faro
 @grafana/faro-web-sdk:transport-fetch
 Failed sending payload to the receiver
 {meta: Object, events: Array(1)} TypeError: Failed to fetch
    at https://grafana-assets.grafana.net/grafana/13.2.0-30616302309/public/build/1849-react19.2ac26fdddffdb4cf8597.js:177:52559
    at window.fetch (https://plugins-cdn.grafana.net/grafana-kowalski-app/1.64.0/public/plugins/grafana-kowalski-app/463.js?_cache=1ed629a5641ef9c0de99:2:206687)
    at https://plugins-cdn.grafana.net/grafana-kowalski-app/1.64.0/public/plugins/grafana-kowalski-app/463.js?_cache=1ed629a5641ef9c0de99:2:336969
    at o.<computed>.o.<computed> (https://rsi.grafana.com/v1.1/js-integrations/Fullstory.min.js:1:5852)
    at Mr.<anonymous> (https://plugins-cdn.grafana.net/grafana-kowalski-app/1.64.0/public/plugins/grafana-kowalski-app/463.js?_cache=1ed629a5641ef9c0de99:2:268817)
    at Generator.throw (<anonymous>)
    at a (https://plugins-cdn.grafana.net/grafana-kowalski-app/1.64.0/public/plugins/grafana-kowalski-app/463.js?_cache=1ed629a5641ef9c0de99:2:264709) @ https://plugins-cdn.grafana.net/grafana-kowalski-app/1.64.0/public/plugins/grafana-kowalski-app/463.js?_cache=1ed629a5641ef9c0de99:1
[76241682ms] [ERROR] Failed to load resource: net::ERR_INTERNET_DISCONNECTED @ https://faro-collector-ops-eu-south-0.grafana-ops.net/collect/bc03dd0f2a088059ae67a23bc296a26d:0
[76241684ms] [ERROR] Failed to load resource: net::ERR_INTERNET_DISCONNECTED @ https://faro-collector-ops-eu-south-0.grafana-ops.net/collect/bc03dd0f2a088059ae67a23bc296a26d:0
[76243688ms] [ERROR] Failed to load resource: net::ERR_INTERNET_DISCONNECTED @ https://faro-collector-ops-eu-south-0.grafana-ops.net/collect/bc03dd0f2a088059ae67a23bc296a26d:0
[76243692ms] [ERROR] Failed to load resource: net::ERR_INTERNET_DISCONNECTED @ https://faro-collector-ops-eu-south-0.grafana-ops.net/collect/bc03dd0f2a088059ae67a23bc296a26d:0
[76244778ms] [ERROR] WebSocket connection to 'wss://devfedb13.grafana.net/api/live/ws' failed: Error in connection establishment: net::ERR_INTERNET_DISCONNECTED @ https://grafana-assets.grafana.net/grafana/13.2.0-30616302309/public/build/3788-react19.93988d65f50992991cc7.js:291
[76250827ms] [ERROR] WebSocket connection to 'wss://devfedb13.grafana.net/api/live/ws' failed: Error in connection establishment: net::ERR_INTERNET_DISCONNECTED @ https://grafana-assets.grafana.net/grafana/13.2.0-30616302309/public/build/3788-react19.93988d65f50992991cc7.js:291
[76250838ms] [ERROR] Failed to load resource: net::ERR_INTERNET_DISCONNECTED @ https://devfedb13.grafana.net/api/login/ping:0
[76250850ms] [ERROR] Failed to load resource: net::ERR_INTERNET_DISCONNECTED @ https://faro-collector-ops-eu-south-0.grafana-ops.net/collect/2aaaae17b963ac219cd6e23a4850f00e:0
[76250852ms] [ERROR] Failed to load resource: net::ERR_INTERNET_DISCONNECTED @ https://faro-collector-ops-eu-south-0.grafana-ops.net/collect/2aaaae17b963ac219cd6e23a4850f00e:0
[76250852ms] [ERROR] Faro
 @grafana/faro-web-sdk:transport-fetch
 Failed sending payload to the receiver
 {meta: Object, events: Array(1)} TypeError: Failed to fetch
    at https://grafana-assets.grafana.net/grafana/13.2.0-30616302309/public/build/1849-react19.2ac26fdddffdb4cf8597.js:177:52559
    at window.fetch (https://plugins-cdn.grafana.net/grafana-kowalski-app/1.64.0/public/plugins/grafana-kowalski-app/463.js?_cache=1ed629a5641ef9c0de99:2:206687)
    at https://plugins-cdn.grafana.net/grafana-kowalski-app/1.64.0/public/plugins/grafana-kowalski-app/463.js?_cache=1ed629a5641ef9c0de99:2:336969
    at o.<computed>.o.<computed> (https://rsi.grafana.com/v1.1/js-integrations/Fullstory.min.js:1:5852)
    at Mr.<anonymous> (https://plugins-cdn.grafana.net/grafana-kowalski-app/1.64.0/public/plugins/grafana-kowalski-app/463.js?_cache=1ed629a5641ef9c0de99:2:268817)
    at Generator.throw (<anonymous>)
    at a (https://plugins-cdn.grafana.net/grafana-kowalski-app/1.64.0/public/plugins/grafana-kowalski-app/463.js?_cache=1ed629a5641ef9c0de99:2:264709) @ https://plugins-cdn.grafana.net/grafana-kowalski-app/1.64.0/public/plugins/grafana-kowalski-app/463.js?_cache=1ed629a5641ef9c0de99:1
[76251689ms] [ERROR] Failed to load resource: net::ERR_INTERNET_DISCONNECTED @ https://faro-collector-ops-eu-south-0.grafana-ops.net/collect/bc03dd0f2a088059ae67a23bc296a26d:0
[76251693ms] [ERROR] Failed to load resource: net::ERR_INTERNET_DISCONNECTED @ https://faro-collector-ops-eu-south-0.grafana-ops.net/collect/bc03dd0f2a088059ae67a23bc296a26d:0
[76253447ms] [ERROR] WebSocket connection to 'wss://devfedb13.grafana.net/api/live/ws' failed: Error in connection establishment: net::ERR_INTERNET_DISCONNECTED @ https://grafana-assets.grafana.net/grafana/13.2.0-30616302309/public/build/3788-react19.93988d65f50992991cc7.js:291
[76253685ms] [ERROR] Failed to load resource: net::ERR_INTERNET_DISCONNECTED @ https://faro-collector-ops-eu-south-0.grafana-ops.net/collect/bc03dd0f2a088059ae67a23bc296a26d:0
[76253688ms] [ERROR] Failed to load resource: net::ERR_INTERNET_DISCONNECTED @ https://faro-collector-ops-eu-south-0.grafana-ops.net/collect/bc03dd0f2a088059ae67a23bc296a26d:0
[76264843ms] [ERROR] WebSocket connection to 'wss://devfedb13.grafana.net/api/live/ws' failed: Error in connection establishment: net::ERR_INTERNET_DISCONNECTED @ https://grafana-assets.grafana.net/grafana/13.2.0-30616302309/public/build/3788-react19.93988d65f50992991cc7.js:291
[76264852ms] [ERROR] Failed to load resource: net::ERR_INTERNET_DISCONNECTED @ https://devfedb13.grafana.net/api/login/ping:0
[76265103ms] [ERROR] Failed to load resource: net::ERR_INTERNET_DISCONNECTED @ https://faro-collector-ops-eu-south-0.grafana-ops.net/collect/2aaaae17b963ac219cd6e23a4850f00e:0
[76265107ms] [ERROR] Failed to load resource: net::ERR_INTERNET_DISCONNECTED @ https://faro-collector-ops-eu-south-0.grafana-ops.net/collect/2aaaae17b963ac219cd6e23a4850f00e:0
[76265107ms] [ERROR] Faro
 @grafana/faro-web-sdk:transport-fetch
 Failed sending payload to the receiver
 {meta: Object, events: Array(1)} TypeError: Failed to fetch
    at https://grafana-assets.grafana.net/grafana/13.2.0-30616302309/public/build/1849-react19.2ac26fdddffdb4cf8597.js:177:52559
    at window.fetch (https://plugins-cdn.grafana.net/grafana-kowalski-app/1.64.0/public/plugins/grafana-kowalski-app/463.js?_cache=1ed629a5641ef9c0de99:2:206687)
    at https://plugins-cdn.grafana.net/grafana-kowalski-app/1.64.0/public/plugins/grafana-kowalski-app/463.js?_cache=1ed629a5641ef9c0de99:2:336969
    at o.<computed>.o.<computed> (https://rsi.grafana.com/v1.1/js-integrations/Fullstory.min.js:1:5852)
    at Mr.<anonymous> (https://plugins-cdn.grafana.net/grafana-kowalski-app/1.64.0/public/plugins/grafana-kowalski-app/463.js?_cache=1ed629a5641ef9c0de99:2:268817)
    at Generator.throw (<anonymous>)
    at a (https://plugins-cdn.grafana.net/grafana-kowalski-app/1.64.0/public/plugins/grafana-kowalski-app/463.js?_cache=1ed629a5641ef9c0de99:2:264709) @ https://plugins-cdn.grafana.net/grafana-kowalski-app/1.64.0/public/plugins/grafana-kowalski-app/463.js?_cache=1ed629a5641ef9c0de99:1
[76265686ms] [ERROR] Failed to load resource: net::ERR_INTERNET_DISCONNECTED @ https://faro-collector-ops-eu-south-0.grafana-ops.net/collect/bc03dd0f2a088059ae67a23bc296a26d:0
[76265691ms] [ERROR] Failed to load resource: net::ERR_INTERNET_DISCONNECTED @ https://faro-collector-ops-eu-south-0.grafana-ops.net/collect/bc03dd0f2a088059ae67a23bc296a26d:0
[76267688ms] [ERROR] Failed to load resource: net::ERR_INTERNET_DISCONNECTED @ https://faro-collector-ops-eu-south-0.grafana-ops.net/collect/bc03dd0f2a088059ae67a23bc296a26d:0
[76267693ms] [ERROR] Failed to load resource: net::ERR_INTERNET_DISCONNECTED @ https://faro-collector-ops-eu-south-0.grafana-ops.net/collect/bc03dd0f2a088059ae67a23bc296a26d:0
[76272305ms] [ERROR] WebSocket connection to 'wss://devfedb13.grafana.net/api/live/ws' failed: Error in connection establishment: net::ERR_INTERNET_DISCONNECTED @ https://grafana-assets.grafana.net/grafana/13.2.0-30616302309/public/build/3788-react19.93988d65f50992991cc7.js:291
[76272309ms] [ERROR] Failed to load resource: net::ERR_INTERNET_DISCONNECTED @ https://devfedb13.grafana.net/api/login/ping:0
[76272353ms] [ERROR] Failed to load resource: net::ERR_INTERNET_DISCONNECTED @ https://faro-collector-ops-eu-south-0.grafana-ops.net/collect/2aaaae17b963ac219cd6e23a4850f00e:0
[76272359ms] [ERROR] Failed to load resource: net::ERR_INTERNET_DISCONNECTED @ https://faro-collector-ops-eu-south-0.grafana-ops.net/collect/2aaaae17b963ac219cd6e23a4850f00e:0
[76272360ms] [ERROR] Faro
 @grafana/faro-web-sdk:transport-fetch
 Failed sending payload to the receiver
 {meta: Object, events: Array(1)} TypeError: Failed to fetch
    at https://grafana-assets.grafana.net/grafana/13.2.0-30616302309/public/build/1849-react19.2ac26fdddffdb4cf8597.js:177:52559
    at window.fetch (https://plugins-cdn.grafana.net/grafana-kowalski-app/1.64.0/public/plugins/grafana-kowalski-app/463.js?_cache=1ed629a5641ef9c0de99:2:206687)
    at https://plugins-cdn.grafana.net/grafana-kowalski-app/1.64.0/public/plugins/grafana-kowalski-app/463.js?_cache=1ed629a5641ef9c0de99:2:336969
    at o.<computed>.o.<computed> (https://rsi.grafana.com/v1.1/js-integrations/Fullstory.min.js:1:5852)
    at Mr.<anonymous> (https://plugins-cdn.grafana.net/grafana-kowalski-app/1.64.0/public/plugins/grafana-kowalski-app/463.js?_cache=1ed629a5641ef9c0de99:2:268817)
    at Generator.throw (<anonymous>)
    at a (https://plugins-cdn.grafana.net/grafana-kowalski-app/1.64.0/public/plugins/grafana-kowalski-app/463.js?_cache=1ed629a5641ef9c0de99:2:264709) @ https://plugins-cdn.grafana.net/grafana-kowalski-app/1.64.0/public/plugins/grafana-kowalski-app/463.js?_cache=1ed629a5641ef9c0de99:1
[76273683ms] [ERROR] Failed to load resource: net::ERR_INTERNET_DISCONNECTED @ https://faro-collector-ops-eu-south-0.grafana-ops.net/collect/bc03dd0f2a088059ae67a23bc296a26d:0
[76273686ms] [ERROR] Failed to load resource: net::ERR_INTERNET_DISCONNECTED @ https://faro-collector-ops-eu-south-0.grafana-ops.net/collect/bc03dd0f2a088059ae67a23bc296a26d:0
[76285165ms] [ERROR] WebSocket connection to 'wss://devfedb13.grafana.net/api/live/ws' failed: Error in connection establishment: net::ERR_INTERNET_DISCONNECTED @ https://grafana-assets.grafana.net/grafana/13.2.0-30616302309/public/build/3788-react19.93988d65f50992991cc7.js:291
[76285174ms] [ERROR] Failed to load resource: net::ERR_INTERNET_DISCONNECTED @ https://devfedb13.grafana.net/api/login/ping:0
[76285350ms] [ERROR] Failed to load resource: net::ERR_INTERNET_DISCONNECTED @ https://faro-collector-ops-eu-south-0.grafana-ops.net/collect/2aaaae17b963ac219cd6e23a4850f00e:0
[76285352ms] [ERROR] Failed to load resource: net::ERR_INTERNET_DISCONNECTED @ https://faro-collector-ops-eu-south-0.grafana-ops.net/collect/2aaaae17b963ac219cd6e23a4850f00e:0
[76285352ms] [ERROR] Faro
 @grafana/faro-web-sdk:transport-fetch
 Failed sending payload to the receiver
 {meta: Object, events: Array(1)} TypeError: Failed to fetch
    at https://grafana-assets.grafana.net/grafana/13.2.0-30616302309/public/build/1849-react19.2ac26fdddffdb4cf8597.js:177:52559
    at window.fetch (https://plugins-cdn.grafana.net/grafana-kowalski-app/1.64.0/public/plugins/grafana-kowalski-app/463.js?_cache=1ed629a5641ef9c0de99:2:206687)
    at https://plugins-cdn.grafana.net/grafana-kowalski-app/1.64.0/public/plugins/grafana-kowalski-app/463.js?_cache=1ed629a5641ef9c0de99:2:336969
    at o.<computed>.o.<computed> (https://rsi.grafana.com/v1.1/js-integrations/Fullstory.min.js:1:5852)
    at Mr.<anonymous> (https://plugins-cdn.grafana.net/grafana-kowalski-app/1.64.0/public/plugins/grafana-kowalski-app/463.js?_cache=1ed629a5641ef9c0de99:2:268817)
    at Generator.throw (<anonymous>)
    at a (https://plugins-cdn.grafana.net/grafana-kowalski-app/1.64.0/public/plugins/grafana-kowalski-app/463.js?_cache=1ed629a5641ef9c0de99:2:264709) @ https://plugins-cdn.grafana.net/grafana-kowalski-app/1.64.0/public/plugins/grafana-kowalski-app/463.js?_cache=1ed629a5641ef9c0de99:1
[76285688ms] [ERROR] Failed to load resource: net::ERR_INTERNET_DISCONNECTED @ https://faro-collector-ops-eu-south-0.grafana-ops.net/collect/bc03dd0f2a088059ae67a23bc296a26d:0
[76285693ms] [ERROR] Failed to load resource: net::ERR_INTERNET_DISCONNECTED @ https://faro-collector-ops-eu-south-0.grafana-ops.net/collect/bc03dd0f2a088059ae67a23bc296a26d:0
[76287689ms] [ERROR] Failed to load resource: net::ERR_INTERNET_DISCONNECTED @ https://faro-collector-ops-eu-south-0.grafana-ops.net/collect/bc03dd0f2a088059ae67a23bc296a26d:0
[76287694ms] [ERROR] Failed to load resource: net::ERR_INTERNET_DISCONNECTED @ https://faro-collector-ops-eu-south-0.grafana-ops.net/collect/bc03dd0f2a088059ae67a23bc296a26d:0
[76293914ms] [ERROR] WebSocket connection to 'wss://devfedb13.grafana.net/api/live/ws' failed: Error in connection establishment: net::ERR_INTERNET_DISCONNECTED @ https://grafana-assets.grafana.net/grafana/13.2.0-30616302309/public/build/3788-react19.93988d65f50992991cc7.js:291
[76293917ms] [ERROR] Failed to load resource: net::ERR_INTERNET_DISCONNECTED @ https://devfedb13.grafana.net/api/login/ping:0
[76294099ms] [ERROR] Failed to load resource: net::ERR_INTERNET_DISCONNECTED @ https://faro-collector-ops-eu-south-0.grafana-ops.net/collect/2aaaae17b963ac219cd6e23a4850f00e:0
[76294101ms] [ERROR] Failed to load resource: net::ERR_INTERNET_DISCONNECTED @ https://faro-collector-ops-eu-south-0.grafana-ops.net/collect/2aaaae17b963ac219cd6e23a4850f00e:0
[76294102ms] [ERROR] Faro
 @grafana/faro-web-sdk:transport-fetch
 Failed sending payload to the receiver
 {meta: Object, events: Array(1)} TypeError: Failed to fetch
    at https://grafana-assets.grafana.net/grafana/13.2.0-30616302309/public/build/1849-react19.2ac26fdddffdb4cf8597.js:177:52559
    at window.fetch (https://plugins-cdn.grafana.net/grafana-kowalski-app/1.64.0/public/plugins/grafana-kowalski-app/463.js?_cache=1ed629a5641ef9c0de99:2:206687)
    at https://plugins-cdn.grafana.net/grafana-kowalski-app/1.64.0/public/plugins/grafana-kowalski-app/463.js?_cache=1ed629a5641ef9c0de99:2:336969
    at o.<computed>.o.<computed> (https://rsi.grafana.com/v1.1/js-integrations/Fullstory.min.js:1:5852)
    at Mr.<anonymous> (https://plugins-cdn.grafana.net/grafana-kowalski-app/1.64.0/public/plugins/grafana-kowalski-app/463.js?_cache=1ed629a5641ef9c0de99:2:268817)
    at Generator.throw (<anonymous>)
    at a (https://plugins-cdn.grafana.net/grafana-kowalski-app/1.64.0/public/plugins/grafana-kowalski-app/463.js?_cache=1ed629a5641ef9c0de99:2:264709) @ https://plugins-cdn.grafana.net/grafana-kowalski-app/1.64.0/public/plugins/grafana-kowalski-app/463.js?_cache=1ed629a5641ef9c0de99:1
[76295682ms] [ERROR] Failed to load resource: net::ERR_INTERNET_DISCONNECTED @ https://faro-collector-ops-eu-south-0.grafana-ops.net/collect/bc03dd0f2a088059ae67a23bc296a26d:0
[76295684ms] [ERROR] Failed to load resource: net::ERR_INTERNET_DISCONNECTED @ https://faro-collector-ops-eu-south-0.grafana-ops.net/collect/bc03dd0f2a088059ae67a23bc296a26d:0
[76297561ms] [ERROR] WebSocket connection to 'wss://devfedb13.grafana.net/api/live/ws' failed: Error in connection establishment: net::ERR_INTERNET_DISCONNECTED @ https://grafana-assets.grafana.net/grafana/13.2.0-30616302309/public/build/3788-react19.93988d65f50992991cc7.js:291
[76313668ms] [ERROR] WebSocket connection to 'wss://devfedb13.grafana.net/api/live/ws' failed: Error in connection establishment: net::ERR_INTERNET_DISCONNECTED @ https://grafana-assets.grafana.net/grafana/13.2.0-30616302309/public/build/3788-react19.93988d65f50992991cc7.js:291
[76313676ms] [ERROR] Failed to load resource: net::ERR_INTERNET_DISCONNECTED @ https://devfedb13.grafana.net/api/login/ping:0
[76313684ms] [ERROR] Failed to load resource: net::ERR_INTERNET_DISCONNECTED @ https://faro-collector-ops-eu-south-0.grafana-ops.net/collect/bc03dd0f2a088059ae67a23bc296a26d:0
[76313686ms] [ERROR] Failed to load resource: net::ERR_INTERNET_DISCONNECTED @ https://faro-collector-ops-eu-south-0.grafana-ops.net/collect/bc03dd0f2a088059ae67a23bc296a26d:0
[76313850ms] [ERROR] Failed to load resource: net::ERR_INTERNET_DISCONNECTED @ https://faro-collector-ops-eu-south-0.grafana-ops.net/collect/2aaaae17b963ac219cd6e23a4850f00e:0
[76313853ms] [ERROR] Failed to load resource: net::ERR_INTERNET_DISCONNECTED @ https://faro-collector-ops-eu-south-0.grafana-ops.net/collect/2aaaae17b963ac219cd6e23a4850f00e:0
[76313853ms] [ERROR] Faro
 @grafana/faro-web-sdk:transport-fetch
 Failed sending payload to the receiver
 {meta: Object, events: Array(1)} TypeError: Failed to fetch
    at https://grafana-assets.grafana.net/grafana/13.2.0-30616302309/public/build/1849-react19.2ac26fdddffdb4cf8597.js:177:52559
    at window.fetch (https://plugins-cdn.grafana.net/grafana-kowalski-app/1.64.0/public/plugins/grafana-kowalski-app/463.js?_cache=1ed629a5641ef9c0de99:2:206687)
    at https://plugins-cdn.grafana.net/grafana-kowalski-app/1.64.0/public/plugins/grafana-kowalski-app/463.js?_cache=1ed629a5641ef9c0de99:2:336969
    at o.<computed>.o.<computed> (https://rsi.grafana.com/v1.1/js-integrations/Fullstory.min.js:1:5852)
    at Mr.<anonymous> (https://plugins-cdn.grafana.net/grafana-kowalski-app/1.64.0/public/plugins/grafana-kowalski-app/463.js?_cache=1ed629a5641ef9c0de99:2:268817)
    at Generator.throw (<anonymous>)
    at a (https://plugins-cdn.grafana.net/grafana-kowalski-app/1.64.0/public/plugins/grafana-kowalski-app/463.js?_cache=1ed629a5641ef9c0de99:2:264709) @ https://plugins-cdn.grafana.net/grafana-kowalski-app/1.64.0/public/plugins/grafana-kowalski-app/463.js?_cache=1ed629a5641ef9c0de99:1
[76315391ms] [ERROR] WebSocket connection to 'wss://devfedb13.grafana.net/api/live/ws' failed: Error in connection establishment: net::ERR_INTERNET_DISCONNECTED @ https://grafana-assets.grafana.net/grafana/13.2.0-30616302309/public/build/3788-react19.93988d65f50992991cc7.js:291
[76315686ms] [ERROR] Failed to load resource: net::ERR_INTERNET_DISCONNECTED @ https://faro-collector-ops-eu-south-0.grafana-ops.net/collect/bc03dd0f2a088059ae67a23bc296a26d:0
[76315687ms] [ERROR] Failed to load resource: net::ERR_INTERNET_DISCONNECTED @ https://faro-collector-ops-eu-south-0.grafana-ops.net/collect/bc03dd0f2a088059ae67a23bc296a26d:0
[76328964ms] [ERROR] WebSocket connection to 'wss://devfedb13.grafana.net/api/live/ws' failed: Error in connection establishment: net::ERR_INTERNET_DISCONNECTED @ https://grafana-assets.grafana.net/grafana/13.2.0-30616302309/public/build/3788-react19.93988d65f50992991cc7.js:291
[76328973ms] [ERROR] Failed to load resource: net::ERR_INTERNET_DISCONNECTED @ https://devfedb13.grafana.net/api/login/ping:0
[76329102ms] [ERROR] Failed to load resource: net::ERR_INTERNET_DISCONNECTED @ https://faro-collector-ops-eu-south-0.grafana-ops.net/collect/2aaaae17b963ac219cd6e23a4850f00e:0
[76329104ms] [ERROR] Failed to load resource: net::ERR_INTERNET_DISCONNECTED @ https://faro-collector-ops-eu-south-0.grafana-ops.net/collect/2aaaae17b963ac219cd6e23a4850f00e:0
[76329104ms] [ERROR] Faro
 @grafana/faro-web-sdk:transport-fetch
 Failed sending payload to the receiver
 {meta: Object, events: Array(1)} TypeError: Failed to fetch
    at https://grafana-assets.grafana.net/grafana/13.2.0-30616302309/public/build/1849-react19.2ac26fdddffdb4cf8597.js:177:52559
    at window.fetch (https://plugins-cdn.grafana.net/grafana-kowalski-app/1.64.0/public/plugins/grafana-kowalski-app/463.js?_cache=1ed629a5641ef9c0de99:2:206687)
    at https://plugins-cdn.grafana.net/grafana-kowalski-app/1.64.0/public/plugins/grafana-kowalski-app/463.js?_cache=1ed629a5641ef9c0de99:2:336969
    at o.<computed>.o.<computed> (https://rsi.grafana.com/v1.1/js-integrations/Fullstory.min.js:1:5852)
    at Mr.<anonymous> (https://plugins-cdn.grafana.net/grafana-kowalski-app/1.64.0/public/plugins/grafana-kowalski-app/463.js?_cache=1ed629a5641ef9c0de99:2:268817)
    at Generator.throw (<anonymous>)
    at a (https://plugins-cdn.grafana.net/grafana-kowalski-app/1.64.0/public/plugins/grafana-kowalski-app/463.js?_cache=1ed629a5641ef9c0de99:2:264709) @ https://plugins-cdn.grafana.net/grafana-kowalski-app/1.64.0/public/plugins/grafana-kowalski-app/463.js?_cache=1ed629a5641ef9c0de99:1
[76329683ms] [ERROR] Failed to load resource: net::ERR_INTERNET_DISCONNECTED @ https://faro-collector-ops-eu-south-0.grafana-ops.net/collect/bc03dd0f2a088059ae67a23bc296a26d:0
[76329684ms] [ERROR] Failed to load resource: net::ERR_INTERNET_DISCONNECTED @ https://faro-collector-ops-eu-south-0.grafana-ops.net/collect/bc03dd0f2a088059ae67a23bc296a26d:0
[76331689ms] [ERROR] Failed to load resource: net::ERR_INTERNET_DISCONNECTED @ https://faro-collector-ops-eu-south-0.grafana-ops.net/collect/bc03dd0f2a088059ae67a23bc296a26d:0
[76331694ms] [ERROR] Failed to load resource: net::ERR_INTERNET_DISCONNECTED @ https://faro-collector-ops-eu-south-0.grafana-ops.net/collect/bc03dd0f2a088059ae67a23bc296a26d:0
[76345298ms] [ERROR] WebSocket connection to 'wss://devfedb13.grafana.net/api/live/ws' failed: Error in connection establishment: net::ERR_INTERNET_DISCONNECTED @ https://grafana-assets.grafana.net/grafana/13.2.0-30616302309/public/build/3788-react19.93988d65f50992991cc7.js:291
[76345301ms] [ERROR] Failed to load resource: net::ERR_INTERNET_DISCONNECTED @ https://devfedb13.grafana.net/api/login/ping:0
[76345349ms] [ERROR] Failed to load resource: net::ERR_INTERNET_DISCONNECTED @ https://faro-collector-ops-eu-south-0.grafana-ops.net/collect/2aaaae17b963ac219cd6e23a4850f00e:0
[76345350ms] [ERROR] Failed to load resource: net::ERR_INTERNET_DISCONNECTED @ https://faro-collector-ops-eu-south-0.grafana-ops.net/collect/2aaaae17b963ac219cd6e23a4850f00e:0
[76345350ms] [ERROR] Faro
 @grafana/faro-web-sdk:transport-fetch
 Failed sending payload to the receiver
 {meta: Object, events: Array(1)} TypeError: Failed to fetch
    at https://grafana-assets.grafana.net/grafana/13.2.0-30616302309/public/build/1849-react19.2ac26fdddffdb4cf8597.js:177:52559
    at window.fetch (https://plugins-cdn.grafana.net/grafana-kowalski-app/1.64.0/public/plugins/grafana-kowalski-app/463.js?_cache=1ed629a5641ef9c0de99:2:206687)
    at https://plugins-cdn.grafana.net/grafana-kowalski-app/1.64.0/public/plugins/grafana-kowalski-app/463.js?_cache=1ed629a5641ef9c0de99:2:336969
    at o.<computed>.o.<computed> (https://rsi.grafana.com/v1.1/js-integrations/Fullstory.min.js:1:5852)
    at Mr.<anonymous> (https://plugins-cdn.grafana.net/grafana-kowalski-app/1.64.0/public/plugins/grafana-kowalski-app/463.js?_cache=1ed629a5641ef9c0de99:2:268817)
    at Generator.throw (<anonymous>)
    at a (https://plugins-cdn.grafana.net/grafana-kowalski-app/1.64.0/public/plugins/grafana-kowalski-app/463.js?_cache=1ed629a5641ef9c0de99:2:264709) @ https://plugins-cdn.grafana.net/grafana-kowalski-app/1.64.0/public/plugins/grafana-kowalski-app/463.js?_cache=1ed629a5641ef9c0de99:1
[76345687ms] [ERROR] Failed to load resource: net::ERR_INTERNET_DISCONNECTED @ https://faro-collector-ops-eu-south-0.grafana-ops.net/collect/bc03dd0f2a088059ae67a23bc296a26d:0
[76345691ms] [ERROR] Failed to load resource: net::ERR_INTERNET_DISCONNECTED @ https://faro-collector-ops-eu-south-0.grafana-ops.net/collect/bc03dd0f2a088059ae67a23bc296a26d:0
[76347385ms] [ERROR] WebSocket connection to 'wss://devfedb13.grafana.net/api/live/ws' failed: Error in connection establishment: net::ERR_INTERNET_DISCONNECTED @ https://grafana-assets.grafana.net/grafana/13.2.0-30616302309/public/build/3788-react19.93988d65f50992991cc7.js:291
[76347687ms] [ERROR] Failed to load resource: net::ERR_INTERNET_DISCONNECTED @ https://faro-collector-ops-eu-south-0.grafana-ops.net/collect/bc03dd0f2a088059ae67a23bc296a26d:0
[76347692ms] [ERROR] Failed to load resource: net::ERR_INTERNET_DISCONNECTED @ https://faro-collector-ops-eu-south-0.grafana-ops.net/collect/bc03dd0f2a088059ae67a23bc296a26d:0
[76353378ms] [ERROR] WebSocket connection to 'wss://devfedb13.grafana.net/api/live/ws' failed: Error in connection establishment: net::ERR_INTERNET_DISCONNECTED @ https://grafana-assets.grafana.net/grafana/13.2.0-30616302309/public/build/3788-react19.93988d65f50992991cc7.js:291
[76353384ms] [ERROR] Failed to load resource: net::ERR_INTERNET_DISCONNECTED @ https://devfedb13.grafana.net/api/login/ping:0
[76353603ms] [ERROR] Failed to load resource: net::ERR_INTERNET_DISCONNECTED @ https://faro-collector-ops-eu-south-0.grafana-ops.net/collect/2aaaae17b963ac219cd6e23a4850f00e:0
[76353607ms] [ERROR] Failed to load resource: net::ERR_INTERNET_DISCONNECTED @ https://faro-collector-ops-eu-south-0.grafana-ops.net/collect/2aaaae17b963ac219cd6e23a4850f00e:0
[76353608ms] [ERROR] Faro
 @grafana/faro-web-sdk:transport-fetch
 Failed sending payload to the receiver
 {meta: Object, events: Array(1)} TypeError: Failed to fetch
    at https://grafana-assets.grafana.net/grafana/13.2.0-30616302309/public/build/1849-react19.2ac26fdddffdb4cf8597.js:177:52559
    at window.fetch (https://plugins-cdn.grafana.net/grafana-kowalski-app/1.64.0/public/plugins/grafana-kowalski-app/463.js?_cache=1ed629a5641ef9c0de99:2:206687)
    at https://plugins-cdn.grafana.net/grafana-kowalski-app/1.64.0/public/plugins/grafana-kowalski-app/463.js?_cache=1ed629a5641ef9c0de99:2:336969
    at o.<computed>.o.<computed> (https://rsi.grafana.com/v1.1/js-integrations/Fullstory.min.js:1:5852)
    at Mr.<anonymous> (https://plugins-cdn.grafana.net/grafana-kowalski-app/1.64.0/public/plugins/grafana-kowalski-app/463.js?_cache=1ed629a5641ef9c0de99:2:268817)
    at Generator.throw (<anonymous>)
    at a (https://plugins-cdn.grafana.net/grafana-kowalski-app/1.64.0/public/plugins/grafana-kowalski-app/463.js?_cache=1ed629a5641ef9c0de99:2:264709) @ https://plugins-cdn.grafana.net/grafana-kowalski-app/1.64.0/public/plugins/grafana-kowalski-app/463.js?_cache=1ed629a5641ef9c0de99:1
[76353687ms] [ERROR] Failed to load resource: net::ERR_INTERNET_DISCONNECTED @ https://faro-collector-ops-eu-south-0.grafana-ops.net/collect/bc03dd0f2a088059ae67a23bc296a26d:0
[76353691ms] [ERROR] Failed to load resource: net::ERR_INTERNET_DISCONNECTED @ https://faro-collector-ops-eu-south-0.grafana-ops.net/collect/bc03dd0f2a088059ae67a23bc296a26d:0
[76355686ms] [ERROR] Failed to load resource: net::ERR_INTERNET_DISCONNECTED @ https://faro-collector-ops-eu-south-0.grafana-ops.net/collect/bc03dd0f2a088059ae67a23bc296a26d:0
[76355692ms] [ERROR] Failed to load resource: net::ERR_INTERNET_DISCONNECTED @ https://faro-collector-ops-eu-south-0.grafana-ops.net/collect/bc03dd0f2a088059ae67a23bc296a26d:0
[76360869ms] [ERROR] WebSocket connection to 'wss://devfedb13.grafana.net/api/live/ws' failed: Error in connection establishment: net::ERR_INTERNET_DISCONNECTED @ https://grafana-assets.grafana.net/grafana/13.2.0-30616302309/public/build/3788-react19.93988d65f50992991cc7.js:291
[76360875ms] [ERROR] Failed to load resource: net::ERR_INTERNET_DISCONNECTED @ https://devfedb13.grafana.net/api/login/ping:0
[76361101ms] [ERROR] Failed to load resource: net::ERR_INTERNET_DISCONNECTED @ https://faro-collector-ops-eu-south-0.grafana-ops.net/collect/2aaaae17b963ac219cd6e23a4850f00e:0
[76361103ms] [ERROR] Failed to load resource: net::ERR_INTERNET_DISCONNECTED @ https://faro-collector-ops-eu-south-0.grafana-ops.net/collect/2aaaae17b963ac219cd6e23a4850f00e:0
[76361103ms] [ERROR] Faro
 @grafana/faro-web-sdk:transport-fetch
 Failed sending payload to the receiver
 {meta: Object, events: Array(1)} TypeError: Failed to fetch
    at https://grafana-assets.grafana.net/grafana/13.2.0-30616302309/public/build/1849-react19.2ac26fdddffdb4cf8597.js:177:52559
    at window.fetch (https://plugins-cdn.grafana.net/grafana-kowalski-app/1.64.0/public/plugins/grafana-kowalski-app/463.js?_cache=1ed629a5641ef9c0de99:2:206687)
    at https://plugins-cdn.grafana.net/grafana-kowalski-app/1.64.0/public/plugins/grafana-kowalski-app/463.js?_cache=1ed629a5641ef9c0de99:2:336969
    at o.<computed>.o.<computed> (https://rsi.grafana.com/v1.1/js-integrations/Fullstory.min.js:1:5852)
    at Mr.<anonymous> (https://plugins-cdn.grafana.net/grafana-kowalski-app/1.64.0/public/plugins/grafana-kowalski-app/463.js?_cache=1ed629a5641ef9c0de99:2:268817)
    at Generator.throw (<anonymous>)
    at a (https://plugins-cdn.grafana.net/grafana-kowalski-app/1.64.0/public/plugins/grafana-kowalski-app/463.js?_cache=1ed629a5641ef9c0de99:2:264709) @ https://plugins-cdn.grafana.net/grafana-kowalski-app/1.64.0/public/plugins/grafana-kowalski-app/463.js?_cache=1ed629a5641ef9c0de99:1
[76361686ms] [ERROR] Failed to load resource: net::ERR_INTERNET_DISCONNECTED @ https://faro-collector-ops-eu-south-0.grafana-ops.net/collect/bc03dd0f2a088059ae67a23bc296a26d:0
[76361690ms] [ERROR] Failed to load resource: net::ERR_INTERNET_DISCONNECTED @ https://faro-collector-ops-eu-south-0.grafana-ops.net/collect/bc03dd0f2a088059ae67a23bc296a26d:0
[76363684ms] [ERROR] Failed to load resource: net::ERR_INTERNET_DISCONNECTED @ https://faro-collector-ops-eu-south-0.grafana-ops.net/collect/bc03dd0f2a088059ae67a23bc296a26d:0
[76363687ms] [ERROR] Failed to load resource: net::ERR_INTERNET_DISCONNECTED @ https://faro-collector-ops-eu-south-0.grafana-ops.net/collect/bc03dd0f2a088059ae67a23bc296a26d:0
[76374556ms] [ERROR] WebSocket connection to 'wss://devfedb13.grafana.net/api/live/ws' failed: Error in connection establishment: net::ERR_INTERNET_DISCONNECTED @ https://grafana-assets.grafana.net/grafana/13.2.0-30616302309/public/build/3788-react19.93988d65f50992991cc7.js:291
[76374568ms] [ERROR] Failed to load resource: net::ERR_INTERNET_DISCONNECTED @ https://devfedb13.grafana.net/api/login/ping:0
[76374603ms] [ERROR] Failed to load resource: net::ERR_INTERNET_DISCONNECTED @ https://faro-collector-ops-eu-south-0.grafana-ops.net/collect/2aaaae17b963ac219cd6e23a4850f00e:0
[76374609ms] [ERROR] Failed to load resource: net::ERR_INTERNET_DISCONNECTED @ https://faro-collector-ops-eu-south-0.grafana-ops.net/collect/2aaaae17b963ac219cd6e23a4850f00e:0
[76374609ms] [ERROR] Faro
 @grafana/faro-web-sdk:transport-fetch
 Failed sending payload to the receiver
 {meta: Object, events: Array(1)} TypeError: Failed to fetch
    at https://grafana-assets.grafana.net/grafana/13.2.0-30616302309/public/build/1849-react19.2ac26fdddffdb4cf8597.js:177:52559
    at window.fetch (https://plugins-cdn.grafana.net/grafana-kowalski-app/1.64.0/public/plugins/grafana-kowalski-app/463.js?_cache=1ed629a5641ef9c0de99:2:206687)
    at https://plugins-cdn.grafana.net/grafana-kowalski-app/1.64.0/public/plugins/grafana-kowalski-app/463.js?_cache=1ed629a5641ef9c0de99:2:336969
    at o.<computed>.o.<computed> (https://rsi.grafana.com/v1.1/js-integrations/Fullstory.min.js:1:5852)
    at Mr.<anonymous> (https://plugins-cdn.grafana.net/grafana-kowalski-app/1.64.0/public/plugins/grafana-kowalski-app/463.js?_cache=1ed629a5641ef9c0de99:2:268817)
    at Generator.throw (<anonymous>)
    at a (https://plugins-cdn.grafana.net/grafana-kowalski-app/1.64.0/public/plugins/grafana-kowalski-app/463.js?_cache=1ed629a5641ef9c0de99:2:264709) @ https://plugins-cdn.grafana.net/grafana-kowalski-app/1.64.0/public/plugins/grafana-kowalski-app/463.js?_cache=1ed629a5641ef9c0de99:1
[76375687ms] [ERROR] Failed to load resource: net::ERR_INTERNET_DISCONNECTED @ https://faro-collector-ops-eu-south-0.grafana-ops.net/collect/bc03dd0f2a088059ae67a23bc296a26d:0
[76375691ms] [ERROR] Failed to load resource: net::ERR_INTERNET_DISCONNECTED @ https://faro-collector-ops-eu-south-0.grafana-ops.net/collect/bc03dd0f2a088059ae67a23bc296a26d:0
[76377687ms] [ERROR] Failed to load resource: net::ERR_INTERNET_DISCONNECTED @ https://faro-collector-ops-eu-south-0.grafana-ops.net/collect/bc03dd0f2a088059ae67a23bc296a26d:0
[76377691ms] [ERROR] Failed to load resource: net::ERR_INTERNET_DISCONNECTED @ https://faro-collector-ops-eu-south-0.grafana-ops.net/collect/bc03dd0f2a088059ae67a23bc296a26d:0
[76384709ms] [ERROR] WebSocket connection to 'wss://devfedb13.grafana.net/api/live/ws' failed: Error in connection establishment: net::ERR_INTERNET_DISCONNECTED @ https://grafana-assets.grafana.net/grafana/13.2.0-30616302309/public/build/3788-react19.93988d65f50992991cc7.js:291
[76384717ms] [ERROR] Failed to load resource: net::ERR_INTERNET_DISCONNECTED @ https://devfedb13.grafana.net/api/login/ping:0
[76384852ms] [ERROR] Failed to load resource: net::ERR_INTERNET_DISCONNECTED @ https://faro-collector-ops-eu-south-0.grafana-ops.net/collect/2aaaae17b963ac219cd6e23a4850f00e:0
[76384855ms] [ERROR] Failed to load resource: net::ERR_INTERNET_DISCONNECTED @ https://faro-collector-ops-eu-south-0.grafana-ops.net/collect/2aaaae17b963ac219cd6e23a4850f00e:0
[76384855ms] [ERROR] Faro
 @grafana/faro-web-sdk:transport-fetch
 Failed sending payload to the receiver
 {meta: Object, events: Array(1)} TypeError: Failed to fetch
    at https://grafana-assets.grafana.net/grafana/13.2.0-30616302309/public/build/1849-react19.2ac26fdddffdb4cf8597.js:177:52559
    at window.fetch (https://plugins-cdn.grafana.net/grafana-kowalski-app/1.64.0/public/plugins/grafana-kowalski-app/463.js?_cache=1ed629a5641ef9c0de99:2:206687)
    at https://plugins-cdn.grafana.net/grafana-kowalski-app/1.64.0/public/plugins/grafana-kowalski-app/463.js?_cache=1ed629a5641ef9c0de99:2:336969
    at o.<computed>.o.<computed> (https://rsi.grafana.com/v1.1/js-integrations/Fullstory.min.js:1:5852)
    at Mr.<anonymous> (https://plugins-cdn.grafana.net/grafana-kowalski-app/1.64.0/public/plugins/grafana-kowalski-app/463.js?_cache=1ed629a5641ef9c0de99:2:268817)
    at Generator.throw (<anonymous>)
    at a (https://plugins-cdn.grafana.net/grafana-kowalski-app/1.64.0/public/plugins/grafana-kowalski-app/463.js?_cache=1ed629a5641ef9c0de99:2:264709) @ https://plugins-cdn.grafana.net/grafana-kowalski-app/1.64.0/public/plugins/grafana-kowalski-app/463.js?_cache=1ed629a5641ef9c0de99:1
[76385684ms] [ERROR] Failed to load resource: net::ERR_INTERNET_DISCONNECTED @ https://faro-collector-ops-eu-south-0.grafana-ops.net/collect/bc03dd0f2a088059ae67a23bc296a26d:0
[76385688ms] [ERROR] Failed to load resource: net::ERR_INTERNET_DISCONNECTED @ https://faro-collector-ops-eu-south-0.grafana-ops.net/collect/bc03dd0f2a088059ae67a23bc296a26d:0
[76387688ms] [ERROR] Failed to load resource: net::ERR_INTERNET_DISCONNECTED @ https://faro-collector-ops-eu-south-0.grafana-ops.net/collect/bc03dd0f2a088059ae67a23bc296a26d:0
[76387692ms] [ERROR] Failed to load resource: net::ERR_INTERNET_DISCONNECTED @ https://faro-collector-ops-eu-south-0.grafana-ops.net/collect/bc03dd0f2a088059ae67a23bc296a26d:0
[76391365ms] [ERROR] WebSocket connection to 'wss://devfedb13.grafana.net/api/live/ws' failed: Error in connection establishment: net::ERR_INTERNET_DISCONNECTED @ https://grafana-assets.grafana.net/grafana/13.2.0-30616302309/public/build/3788-react19.93988d65f50992991cc7.js:291
[76391373ms] [ERROR] Failed to load resource: net::ERR_INTERNET_DISCONNECTED @ https://devfedb13.grafana.net/api/login/ping:0
[76391602ms] [ERROR] Failed to load resource: net::ERR_INTERNET_DISCONNECTED @ https://faro-collector-ops-eu-south-0.grafana-ops.net/collect/2aaaae17b963ac219cd6e23a4850f00e:0
[76391606ms] [ERROR] Failed to load resource: net::ERR_INTERNET_DISCONNECTED @ https://faro-collector-ops-eu-south-0.grafana-ops.net/collect/2aaaae17b963ac219cd6e23a4850f00e:0
[76391606ms] [ERROR] Faro
 @grafana/faro-web-sdk:transport-fetch
 Failed sending payload to the receiver
 {meta: Object, events: Array(1)} TypeError: Failed to fetch
    at https://grafana-assets.grafana.net/grafana/13.2.0-30616302309/public/build/1849-react19.2ac26fdddffdb4cf8597.js:177:52559
    at window.fetch (https://plugins-cdn.grafana.net/grafana-kowalski-app/1.64.0/public/plugins/grafana-kowalski-app/463.js?_cache=1ed629a5641ef9c0de99:2:206687)
    at https://plugins-cdn.grafana.net/grafana-kowalski-app/1.64.0/public/plugins/grafana-kowalski-app/463.js?_cache=1ed629a5641ef9c0de99:2:336969
    at o.<computed>.o.<computed> (https://rsi.grafana.com/v1.1/js-integrations/Fullstory.min.js:1:5852)
    at Mr.<anonymous> (https://plugins-cdn.grafana.net/grafana-kowalski-app/1.64.0/public/plugins/grafana-kowalski-app/463.js?_cache=1ed629a5641ef9c0de99:2:268817)
    at Generator.throw (<anonymous>)
    at a (https://plugins-cdn.grafana.net/grafana-kowalski-app/1.64.0/public/plugins/grafana-kowalski-app/463.js?_cache=1ed629a5641ef9c0de99:2:264709) @ https://plugins-cdn.grafana.net/grafana-kowalski-app/1.64.0/public/plugins/grafana-kowalski-app/463.js?_cache=1ed629a5641ef9c0de99:1
[76391685ms] [ERROR] Failed to load resource: net::ERR_INTERNET_DISCONNECTED @ https://faro-collector-ops-eu-south-0.grafana-ops.net/collect/bc03dd0f2a088059ae67a23bc296a26d:0
[76391689ms] [ERROR] Failed to load resource: net::ERR_INTERNET_DISCONNECTED @ https://faro-collector-ops-eu-south-0.grafana-ops.net/collect/bc03dd0f2a088059ae67a23bc296a26d:0
[76393683ms] [ERROR] Failed to load resource: net::ERR_INTERNET_DISCONNECTED @ https://faro-collector-ops-eu-south-0.grafana-ops.net/collect/bc03dd0f2a088059ae67a23bc296a26d:0
[76393686ms] [ERROR] Failed to load resource: net::ERR_INTERNET_DISCONNECTED @ https://faro-collector-ops-eu-south-0.grafana-ops.net/collect/bc03dd0f2a088059ae67a23bc296a26d:0
[76406537ms] [ERROR] WebSocket connection to 'wss://devfedb13.grafana.net/api/live/ws' failed: Error in connection establishment: net::ERR_INTERNET_DISCONNECTED @ https://grafana-assets.grafana.net/grafana/13.2.0-30616302309/public/build/3788-react19.93988d65f50992991cc7.js:291
[76406547ms] [ERROR] Failed to load resource: net::ERR_INTERNET_DISCONNECTED @ https://devfedb13.grafana.net/api/login/ping:0
[76406605ms] [ERROR] Failed to load resource: net::ERR_INTERNET_DISCONNECTED @ https://faro-collector-ops-eu-south-0.grafana-ops.net/collect/2aaaae17b963ac219cd6e23a4850f00e:0
[76406611ms] [ERROR] Failed to load resource: net::ERR_INTERNET_DISCONNECTED @ https://faro-collector-ops-eu-south-0.grafana-ops.net/collect/2aaaae17b963ac219cd6e23a4850f00e:0
[76406612ms] [ERROR] Faro
 @grafana/faro-web-sdk:transport-fetch
 Failed sending payload to the receiver
 {meta: Object, events: Array(1)} TypeError: Failed to fetch
    at https://grafana-assets.grafana.net/grafana/13.2.0-30616302309/public/build/1849-react19.2ac26fdddffdb4cf8597.js:177:52559
    at window.fetch (https://plugins-cdn.grafana.net/grafana-kowalski-app/1.64.0/public/plugins/grafana-kowalski-app/463.js?_cache=1ed629a5641ef9c0de99:2:206687)
    at https://plugins-cdn.grafana.net/grafana-kowalski-app/1.64.0/public/plugins/grafana-kowalski-app/463.js?_cache=1ed629a5641ef9c0de99:2:336969
    at o.<computed>.o.<computed> (https://rsi.grafana.com/v1.1/js-integrations/Fullstory.min.js:1:5852)
    at Mr.<anonymous> (https://plugins-cdn.grafana.net/grafana-kowalski-app/1.64.0/public/plugins/grafana-kowalski-app/463.js?_cache=1ed629a5641ef9c0de99:2:268817)
    at Generator.throw (<anonymous>)
    at a (https://plugins-cdn.grafana.net/grafana-kowalski-app/1.64.0/public/plugins/grafana-kowalski-app/463.js?_cache=1ed629a5641ef9c0de99:2:264709) @ https://plugins-cdn.grafana.net/grafana-kowalski-app/1.64.0/public/plugins/grafana-kowalski-app/463.js?_cache=1ed629a5641ef9c0de99:1
[76407688ms] [ERROR] Failed to load resource: net::ERR_INTERNET_DISCONNECTED @ https://faro-collector-ops-eu-south-0.grafana-ops.net/collect/bc03dd0f2a088059ae67a23bc296a26d:0
[76407692ms] [ERROR] Failed to load resource: net::ERR_INTERNET_DISCONNECTED @ https://faro-collector-ops-eu-south-0.grafana-ops.net/collect/bc03dd0f2a088059ae67a23bc296a26d:0
[76409685ms] [ERROR] Failed to load resource: net::ERR_INTERNET_DISCONNECTED @ https://faro-collector-ops-eu-south-0.grafana-ops.net/collect/bc03dd0f2a088059ae67a23bc296a26d:0
[76409686ms] [ERROR] Failed to load resource: net::ERR_INTERNET_DISCONNECTED @ https://faro-collector-ops-eu-south-0.grafana-ops.net/collect/bc03dd0f2a088059ae67a23bc296a26d:0
[76420734ms] [ERROR] WebSocket connection to 'wss://devfedb13.grafana.net/api/live/ws' failed: Error in connection establishment: net::ERR_INTERNET_DISCONNECTED @ https://grafana-assets.grafana.net/grafana/13.2.0-30616302309/public/build/3788-react19.93988d65f50992991cc7.js:291
[76420742ms] [ERROR] Failed to load resource: net::ERR_INTERNET_DISCONNECTED @ https://devfedb13.grafana.net/api/login/ping:0
[76420853ms] [ERROR] Failed to load resource: net::ERR_INTERNET_DISCONNECTED @ https://faro-collector-ops-eu-south-0.grafana-ops.net/collect/2aaaae17b963ac219cd6e23a4850f00e:0
[76420855ms] [ERROR] Failed to load resource: net::ERR_INTERNET_DISCONNECTED @ https://faro-collector-ops-eu-south-0.grafana-ops.net/collect/2aaaae17b963ac219cd6e23a4850f00e:0
[76420855ms] [ERROR] Faro
 @grafana/faro-web-sdk:transport-fetch
 Failed sending payload to the receiver
 {meta: Object, events: Array(1)} TypeError: Failed to fetch
    at https://grafana-assets.grafana.net/grafana/13.2.0-30616302309/public/build/1849-react19.2ac26fdddffdb4cf8597.js:177:52559
    at window.fetch (https://plugins-cdn.grafana.net/grafana-kowalski-app/1.64.0/public/plugins/grafana-kowalski-app/463.js?_cache=1ed629a5641ef9c0de99:2:206687)
    at https://plugins-cdn.grafana.net/grafana-kowalski-app/1.64.0/public/plugins/grafana-kowalski-app/463.js?_cache=1ed629a5641ef9c0de99:2:336969
    at o.<computed>.o.<computed> (https://rsi.grafana.com/v1.1/js-integrations/Fullstory.min.js:1:5852)
    at Mr.<anonymous> (https://plugins-cdn.grafana.net/grafana-kowalski-app/1.64.0/public/plugins/grafana-kowalski-app/463.js?_cache=1ed629a5641ef9c0de99:2:268817)
    at Generator.throw (<anonymous>)
    at a (https://plugins-cdn.grafana.net/grafana-kowalski-app/1.64.0/public/plugins/grafana-kowalski-app/463.js?_cache=1ed629a5641ef9c0de99:2:264709) @ https://plugins-cdn.grafana.net/grafana-kowalski-app/1.64.0/public/plugins/grafana-kowalski-app/463.js?_cache=1ed629a5641ef9c0de99:1
[76421687ms] [ERROR] Failed to load resource: net::ERR_INTERNET_DISCONNECTED @ https://faro-collector-ops-eu-south-0.grafana-ops.net/collect/bc03dd0f2a088059ae67a23bc296a26d:0
[76421691ms] [ERROR] Failed to load resource: net::ERR_INTERNET_DISCONNECTED @ https://faro-collector-ops-eu-south-0.grafana-ops.net/collect/bc03dd0f2a088059ae67a23bc296a26d:0
[76423682ms] [ERROR] Failed to load resource: net::ERR_INTERNET_DISCONNECTED @ https://faro-collector-ops-eu-south-0.grafana-ops.net/collect/bc03dd0f2a088059ae67a23bc296a26d:0
[76423684ms] [ERROR] Failed to load resource: net::ERR_INTERNET_DISCONNECTED @ https://faro-collector-ops-eu-south-0.grafana-ops.net/collect/bc03dd0f2a088059ae67a23bc296a26d:0
[76434773ms] [ERROR] WebSocket connection to 'wss://devfedb13.grafana.net/api/live/ws' failed: Error in connection establishment: net::ERR_INTERNET_DISCONNECTED @ https://grafana-assets.grafana.net/grafana/13.2.0-30616302309/public/build/3788-react19.93988d65f50992991cc7.js:291
[76434782ms] [ERROR] Failed to load resource: net::ERR_INTERNET_DISCONNECTED @ https://devfedb13.grafana.net/api/login/ping:0
[76434852ms] [ERROR] Failed to load resource: net::ERR_INTERNET_DISCONNECTED @ https://faro-collector-ops-eu-south-0.grafana-ops.net/collect/2aaaae17b963ac219cd6e23a4850f00e:0
[76434855ms] [ERROR] Failed to load resource: net::ERR_INTERNET_DISCONNECTED @ https://faro-collector-ops-eu-south-0.grafana-ops.net/collect/2aaaae17b963ac219cd6e23a4850f00e:0
[76434855ms] [ERROR] Faro
 @grafana/faro-web-sdk:transport-fetch
 Failed sending payload to the receiver
 {meta: Object, events: Array(1)} TypeError: Failed to fetch
    at https://grafana-assets.grafana.net/grafana/13.2.0-30616302309/public/build/1849-react19.2ac26fdddffdb4cf8597.js:177:52559
    at window.fetch (https://plugins-cdn.grafana.net/grafana-kowalski-app/1.64.0/public/plugins/grafana-kowalski-app/463.js?_cache=1ed629a5641ef9c0de99:2:206687)
    at https://plugins-cdn.grafana.net/grafana-kowalski-app/1.64.0/public/plugins/grafana-kowalski-app/463.js?_cache=1ed629a5641ef9c0de99:2:336969
    at o.<computed>.o.<computed> (https://rsi.grafana.com/v1.1/js-integrations/Fullstory.min.js:1:5852)
    at Mr.<anonymous> (https://plugins-cdn.grafana.net/grafana-kowalski-app/1.64.0/public/plugins/grafana-kowalski-app/463.js?_cache=1ed629a5641ef9c0de99:2:268817)
    at Generator.throw (<anonymous>)
    at a (https://plugins-cdn.grafana.net/grafana-kowalski-app/1.64.0/public/plugins/grafana-kowalski-app/463.js?_cache=1ed629a5641ef9c0de99:2:264709) @ https://plugins-cdn.grafana.net/grafana-kowalski-app/1.64.0/public/plugins/grafana-kowalski-app/463.js?_cache=1ed629a5641ef9c0de99:1
[76435688ms] [ERROR] Failed to load resource: net::ERR_INTERNET_DISCONNECTED @ https://faro-collector-ops-eu-south-0.grafana-ops.net/collect/bc03dd0f2a088059ae67a23bc296a26d:0
[76435694ms] [ERROR] Failed to load resource: net::ERR_INTERNET_DISCONNECTED @ https://faro-collector-ops-eu-south-0.grafana-ops.net/collect/bc03dd0f2a088059ae67a23bc296a26d:0
[76437685ms] [ERROR] Failed to load resource: net::ERR_INTERNET_DISCONNECTED @ https://faro-collector-ops-eu-south-0.grafana-ops.net/collect/bc03dd0f2a088059ae67a23bc296a26d:0
[76437687ms] [ERROR] Failed to load resource: net::ERR_INTERNET_DISCONNECTED @ https://faro-collector-ops-eu-south-0.grafana-ops.net/collect/bc03dd0f2a088059ae67a23bc296a26d:0
[76442326ms] [ERROR] WebSocket connection to 'wss://devfedb13.grafana.net/api/live/ws' failed: Error in connection establishment: net::ERR_INTERNET_DISCONNECTED @ https://grafana-assets.grafana.net/grafana/13.2.0-30616302309/public/build/3788-react19.93988d65f50992991cc7.js:291
[76442333ms] [ERROR] Failed to load resource: net::ERR_INTERNET_DISCONNECTED @ https://devfedb13.grafana.net/api/login/ping:0
[76442352ms] [ERROR] Failed to load resource: net::ERR_INTERNET_DISCONNECTED @ https://faro-collector-ops-eu-south-0.grafana-ops.net/collect/2aaaae17b963ac219cd6e23a4850f00e:0
[76442357ms] [ERROR] Failed to load resource: net::ERR_INTERNET_DISCONNECTED @ https://faro-collector-ops-eu-south-0.grafana-ops.net/collect/2aaaae17b963ac219cd6e23a4850f00e:0
[76442358ms] [ERROR] Faro
 @grafana/faro-web-sdk:transport-fetch
 Failed sending payload to the receiver
 {meta: Object, events: Array(1)} TypeError: Failed to fetch
    at https://grafana-assets.grafana.net/grafana/13.2.0-30616302309/public/build/1849-react19.2ac26fdddffdb4cf8597.js:177:52559
    at window.fetch (https://plugins-cdn.grafana.net/grafana-kowalski-app/1.64.0/public/plugins/grafana-kowalski-app/463.js?_cache=1ed629a5641ef9c0de99:2:206687)
    at https://plugins-cdn.grafana.net/grafana-kowalski-app/1.64.0/public/plugins/grafana-kowalski-app/463.js?_cache=1ed629a5641ef9c0de99:2:336969
    at o.<computed>.o.<computed> (https://rsi.grafana.com/v1.1/js-integrations/Fullstory.min.js:1:5852)
    at Mr.<anonymous> (https://plugins-cdn.grafana.net/grafana-kowalski-app/1.64.0/public/plugins/grafana-kowalski-app/463.js?_cache=1ed629a5641ef9c0de99:2:268817)
    at Generator.throw (<anonymous>)
    at a (https://plugins-cdn.grafana.net/grafana-kowalski-app/1.64.0/public/plugins/grafana-kowalski-app/463.js?_cache=1ed629a5641ef9c0de99:2:264709) @ https://plugins-cdn.grafana.net/grafana-kowalski-app/1.64.0/public/plugins/grafana-kowalski-app/463.js?_cache=1ed629a5641ef9c0de99:1
[76443683ms] [ERROR] Failed to load resource: net::ERR_INTERNET_DISCONNECTED @ https://faro-collector-ops-eu-south-0.grafana-ops.net/collect/bc03dd0f2a088059ae67a23bc296a26d:0
[76443684ms] [ERROR] Failed to load resource: net::ERR_INTERNET_DISCONNECTED @ https://faro-collector-ops-eu-south-0.grafana-ops.net/collect/bc03dd0f2a088059ae67a23bc296a26d:0
[76448999ms] [ERROR] WebSocket connection to 'wss://devfedb13.grafana.net/api/live/ws' failed: Error in connection establishment: net::ERR_INTERNET_DISCONNECTED @ https://grafana-assets.grafana.net/grafana/13.2.0-30616302309/public/build/3788-react19.93988d65f50992991cc7.js:291
[76449004ms] [ERROR] Failed to load resource: net::ERR_INTERNET_DISCONNECTED @ https://devfedb13.grafana.net/api/login/ping:0
[76449104ms] [ERROR] Failed to load resource: net::ERR_INTERNET_DISCONNECTED @ https://faro-collector-ops-eu-south-0.grafana-ops.net/collect/2aaaae17b963ac219cd6e23a4850f00e:0
[76449108ms] [ERROR] Failed to load resource: net::ERR_INTERNET_DISCONNECTED @ https://faro-collector-ops-eu-south-0.grafana-ops.net/collect/2aaaae17b963ac219cd6e23a4850f00e:0
[76449108ms] [ERROR] Faro
 @grafana/faro-web-sdk:transport-fetch
 Failed sending payload to the receiver
 {meta: Object, events: Array(1)} TypeError: Failed to fetch
    at https://grafana-assets.grafana.net/grafana/13.2.0-30616302309/public/build/1849-react19.2ac26fdddffdb4cf8597.js:177:52559
    at window.fetch (https://plugins-cdn.grafana.net/grafana-kowalski-app/1.64.0/public/plugins/grafana-kowalski-app/463.js?_cache=1ed629a5641ef9c0de99:2:206687)
    at https://plugins-cdn.grafana.net/grafana-kowalski-app/1.64.0/public/plugins/grafana-kowalski-app/463.js?_cache=1ed629a5641ef9c0de99:2:336969
    at o.<computed>.o.<computed> (https://rsi.grafana.com/v1.1/js-integrations/Fullstory.min.js:1:5852)
    at Mr.<anonymous> (https://plugins-cdn.grafana.net/grafana-kowalski-app/1.64.0/public/plugins/grafana-kowalski-app/463.js?_cache=1ed629a5641ef9c0de99:2:268817)
    at Generator.throw (<anonymous>)
    at a (https://plugins-cdn.grafana.net/grafana-kowalski-app/1.64.0/public/plugins/grafana-kowalski-app/463.js?_cache=1ed629a5641ef9c0de99:2:264709) @ https://plugins-cdn.grafana.net/grafana-kowalski-app/1.64.0/public/plugins/grafana-kowalski-app/463.js?_cache=1ed629a5641ef9c0de99:1
[76449687ms] [ERROR] Failed to load resource: net::ERR_INTERNET_DISCONNECTED @ https://faro-collector-ops-eu-south-0.grafana-ops.net/collect/bc03dd0f2a088059ae67a23bc296a26d:0
[76449692ms] [ERROR] Failed to load resource: net::ERR_INTERNET_DISCONNECTED @ https://faro-collector-ops-eu-south-0.grafana-ops.net/collect/bc03dd0f2a088059ae67a23bc296a26d:0
[76451687ms] [ERROR] Failed to load resource: net::ERR_INTERNET_DISCONNECTED @ https://faro-collector-ops-eu-south-0.grafana-ops.net/collect/bc03dd0f2a088059ae67a23bc296a26d:0
[76451690ms] [ERROR] Failed to load resource: net::ERR_INTERNET_DISCONNECTED @ https://faro-collector-ops-eu-south-0.grafana-ops.net/collect/bc03dd0f2a088059ae67a23bc296a26d:0
[76455816ms] [ERROR] WebSocket connection to 'wss://devfedb13.grafana.net/api/live/ws' failed: Error in connection establishment: net::ERR_INTERNET_DISCONNECTED @ https://grafana-assets.grafana.net/grafana/13.2.0-30616302309/public/build/3788-react19.93988d65f50992991cc7.js:291
[76455819ms] [ERROR] Failed to load resource: net::ERR_INTERNET_DISCONNECTED @ https://devfedb13.grafana.net/api/login/ping:0
[76455848ms] [ERROR] Failed to load resource: net::ERR_INTERNET_DISCONNECTED @ https://faro-collector-ops-eu-south-0.grafana-ops.net/collect/2aaaae17b963ac219cd6e23a4850f00e:0
[76455849ms] [ERROR] Failed to load resource: net::ERR_INTERNET_DISCONNECTED @ https://faro-collector-ops-eu-south-0.grafana-ops.net/collect/2aaaae17b963ac219cd6e23a4850f00e:0
[76455849ms] [ERROR] Faro
 @grafana/faro-web-sdk:transport-fetch
 Failed sending payload to the receiver
 {meta: Object, events: Array(1)} TypeError: Failed to fetch
    at https://grafana-assets.grafana.net/grafana/13.2.0-30616302309/public/build/1849-react19.2ac26fdddffdb4cf8597.js:177:52559
    at window.fetch (https://plugins-cdn.grafana.net/grafana-kowalski-app/1.64.0/public/plugins/grafana-kowalski-app/463.js?_cache=1ed629a5641ef9c0de99:2:206687)
    at https://plugins-cdn.grafana.net/grafana-kowalski-app/1.64.0/public/plugins/grafana-kowalski-app/463.js?_cache=1ed629a5641ef9c0de99:2:336969
    at o.<computed>.o.<computed> (https://rsi.grafana.com/v1.1/js-integrations/Fullstory.min.js:1:5852)
    at Mr.<anonymous> (https://plugins-cdn.grafana.net/grafana-kowalski-app/1.64.0/public/plugins/grafana-kowalski-app/463.js?_cache=1ed629a5641ef9c0de99:2:268817)
    at Generator.throw (<anonymous>)
    at a (https://plugins-cdn.grafana.net/grafana-kowalski-app/1.64.0/public/plugins/grafana-kowalski-app/463.js?_cache=1ed629a5641ef9c0de99:2:264709) @ https://plugins-cdn.grafana.net/grafana-kowalski-app/1.64.0/public/plugins/grafana-kowalski-app/463.js?_cache=1ed629a5641ef9c0de99:1
[76457683ms] [ERROR] Failed to load resource: net::ERR_INTERNET_DISCONNECTED @ https://faro-collector-ops-eu-south-0.grafana-ops.net/collect/bc03dd0f2a088059ae67a23bc296a26d:0
[76457684ms] [ERROR] Failed to load resource: net::ERR_INTERNET_DISCONNECTED @ https://faro-collector-ops-eu-south-0.grafana-ops.net/collect/bc03dd0f2a088059ae67a23bc296a26d:0
[76460879ms] [ERROR] WebSocket connection to 'wss://devfedb13.grafana.net/api/live/ws' failed: Error in connection establishment: net::ERR_INTERNET_DISCONNECTED @ https://grafana-assets.grafana.net/grafana/13.2.0-30616302309/public/build/3788-react19.93988d65f50992991cc7.js:291
[76460886ms] [ERROR] Failed to load resource: net::ERR_INTERNET_DISCONNECTED @ https://devfedb13.grafana.net/api/login/ping:0
[76461100ms] [ERROR] Failed to load resource: net::ERR_INTERNET_DISCONNECTED @ https://faro-collector-ops-eu-south-0.grafana-ops.net/collect/2aaaae17b963ac219cd6e23a4850f00e:0
[76461102ms] [ERROR] Failed to load resource: net::ERR_INTERNET_DISCONNECTED @ https://faro-collector-ops-eu-south-0.grafana-ops.net/collect/2aaaae17b963ac219cd6e23a4850f00e:0
[76461102ms] [ERROR] Faro
 @grafana/faro-web-sdk:transport-fetch
 Failed sending payload to the receiver
 {meta: Object, events: Array(1)} TypeError: Failed to fetch
    at https://grafana-assets.grafana.net/grafana/13.2.0-30616302309/public/build/1849-react19.2ac26fdddffdb4cf8597.js:177:52559
    at window.fetch (https://plugins-cdn.grafana.net/grafana-kowalski-app/1.64.0/public/plugins/grafana-kowalski-app/463.js?_cache=1ed629a5641ef9c0de99:2:206687)
    at https://plugins-cdn.grafana.net/grafana-kowalski-app/1.64.0/public/plugins/grafana-kowalski-app/463.js?_cache=1ed629a5641ef9c0de99:2:336969
    at o.<computed>.o.<computed> (https://rsi.grafana.com/v1.1/js-integrations/Fullstory.min.js:1:5852)
    at Mr.<anonymous> (https://plugins-cdn.grafana.net/grafana-kowalski-app/1.64.0/public/plugins/grafana-kowalski-app/463.js?_cache=1ed629a5641ef9c0de99:2:268817)
    at Generator.throw (<anonymous>)
    at a (https://plugins-cdn.grafana.net/grafana-kowalski-app/1.64.0/public/plugins/grafana-kowalski-app/463.js?_cache=1ed629a5641ef9c0de99:2:264709) @ https://plugins-cdn.grafana.net/grafana-kowalski-app/1.64.0/public/plugins/grafana-kowalski-app/463.js?_cache=1ed629a5641ef9c0de99:1
[76461687ms] [ERROR] Failed to load resource: net::ERR_INTERNET_DISCONNECTED @ https://faro-collector-ops-eu-south-0.grafana-ops.net/collect/bc03dd0f2a088059ae67a23bc296a26d:0
[76461692ms] [ERROR] Failed to load resource: net::ERR_INTERNET_DISCONNECTED @ https://faro-collector-ops-eu-south-0.grafana-ops.net/collect/bc03dd0f2a088059ae67a23bc296a26d:0
[76463684ms] [ERROR] Failed to load resource: net::ERR_INTERNET_DISCONNECTED @ https://faro-collector-ops-eu-south-0.grafana-ops.net/collect/bc03dd0f2a088059ae67a23bc296a26d:0
[76463689ms] [ERROR] Failed to load resource: net::ERR_INTERNET_DISCONNECTED @ https://faro-collector-ops-eu-south-0.grafana-ops.net/collect/bc03dd0f2a088059ae67a23bc296a26d:0
[76480312ms] [ERROR] WebSocket connection to 'wss://devfedb13.grafana.net/api/live/ws' failed: Error in connection establishment: net::ERR_INTERNET_DISCONNECTED @ https://grafana-assets.grafana.net/grafana/13.2.0-30616302309/public/build/3788-react19.93988d65f50992991cc7.js:291
[76480316ms] [ERROR] Failed to load resource: net::ERR_INTERNET_DISCONNECTED @ https://devfedb13.grafana.net/api/login/ping:0
[76480349ms] [ERROR] Failed to load resource: net::ERR_INTERNET_DISCONNECTED @ https://faro-collector-ops-eu-south-0.grafana-ops.net/collect/2aaaae17b963ac219cd6e23a4850f00e:0
[76480351ms] [ERROR] Failed to load resource: net::ERR_INTERNET_DISCONNECTED @ https://faro-collector-ops-eu-south-0.grafana-ops.net/collect/2aaaae17b963ac219cd6e23a4850f00e:0
[76480351ms] [ERROR] Faro
 @grafana/faro-web-sdk:transport-fetch
 Failed sending payload to the receiver
 {meta: Object, events: Array(1)} TypeError: Failed to fetch
    at https://grafana-assets.grafana.net/grafana/13.2.0-30616302309/public/build/1849-react19.2ac26fdddffdb4cf8597.js:177:52559
    at window.fetch (https://plugins-cdn.grafana.net/grafana-kowalski-app/1.64.0/public/plugins/grafana-kowalski-app/463.js?_cache=1ed629a5641ef9c0de99:2:206687)
    at https://plugins-cdn.grafana.net/grafana-kowalski-app/1.64.0/public/plugins/grafana-kowalski-app/463.js?_cache=1ed629a5641ef9c0de99:2:336969
    at o.<computed>.o.<computed> (https://rsi.grafana.com/v1.1/js-integrations/Fullstory.min.js:1:5852)
    at Mr.<anonymous> (https://plugins-cdn.grafana.net/grafana-kowalski-app/1.64.0/public/plugins/grafana-kowalski-app/463.js?_cache=1ed629a5641ef9c0de99:2:268817)
    at Generator.throw (<anonymous>)
    at a (https://plugins-cdn.grafana.net/grafana-kowalski-app/1.64.0/public/plugins/grafana-kowalski-app/463.js?_cache=1ed629a5641ef9c0de99:2:264709) @ https://plugins-cdn.grafana.net/grafana-kowalski-app/1.64.0/public/plugins/grafana-kowalski-app/463.js?_cache=1ed629a5641ef9c0de99:1
[76481688ms] [ERROR] Failed to load resource: net::ERR_INTERNET_DISCONNECTED @ https://faro-collector-ops-eu-south-0.grafana-ops.net/collect/bc03dd0f2a088059ae67a23bc296a26d:0
[76481693ms] [ERROR] Failed to load resource: net::ERR_INTERNET_DISCONNECTED @ https://faro-collector-ops-eu-south-0.grafana-ops.net/collect/bc03dd0f2a088059ae67a23bc296a26d:0
[76493228ms] [ERROR] WebSocket connection to 'wss://devfedb13.grafana.net/api/live/ws' failed: Error in connection establishment: net::ERR_INTERNET_DISCONNECTED @ https://grafana-assets.grafana.net/grafana/13.2.0-30616302309/public/build/3788-react19.93988d65f50992991cc7.js:291
[76493232ms] [ERROR] Failed to load resource: net::ERR_INTERNET_DISCONNECTED @ https://devfedb13.grafana.net/api/login/ping:0
[76493350ms] [ERROR] Failed to load resource: net::ERR_INTERNET_DISCONNECTED @ https://faro-collector-ops-eu-south-0.grafana-ops.net/collect/2aaaae17b963ac219cd6e23a4850f00e:0
[76493353ms] [ERROR] Failed to load resource: net::ERR_INTERNET_DISCONNECTED @ https://faro-collector-ops-eu-south-0.grafana-ops.net/collect/2aaaae17b963ac219cd6e23a4850f00e:0
[76493354ms] [ERROR] Faro
 @grafana/faro-web-sdk:transport-fetch
 Failed sending payload to the receiver
 {meta: Object, events: Array(1)} TypeError: Failed to fetch
    at https://grafana-assets.grafana.net/grafana/13.2.0-30616302309/public/build/1849-react19.2ac26fdddffdb4cf8597.js:177:52559
    at window.fetch (https://plugins-cdn.grafana.net/grafana-kowalski-app/1.64.0/public/plugins/grafana-kowalski-app/463.js?_cache=1ed629a5641ef9c0de99:2:206687)
    at https://plugins-cdn.grafana.net/grafana-kowalski-app/1.64.0/public/plugins/grafana-kowalski-app/463.js?_cache=1ed629a5641ef9c0de99:2:336969
    at o.<computed>.o.<computed> (https://rsi.grafana.com/v1.1/js-integrations/Fullstory.min.js:1:5852)
    at Mr.<anonymous> (https://plugins-cdn.grafana.net/grafana-kowalski-app/1.64.0/public/plugins/grafana-kowalski-app/463.js?_cache=1ed629a5641ef9c0de99:2:268817)
    at Generator.throw (<anonymous>)
    at a (https://plugins-cdn.grafana.net/grafana-kowalski-app/1.64.0/public/plugins/grafana-kowalski-app/463.js?_cache=1ed629a5641ef9c0de99:2:264709) @ https://plugins-cdn.grafana.net/grafana-kowalski-app/1.64.0/public/plugins/grafana-kowalski-app/463.js?_cache=1ed629a5641ef9c0de99:1
[76493687ms] [ERROR] Failed to load resource: net::ERR_INTERNET_DISCONNECTED @ https://faro-collector-ops-eu-south-0.grafana-ops.net/collect/bc03dd0f2a088059ae67a23bc296a26d:0
[76493692ms] [ERROR] Failed to load resource: net::ERR_INTERNET_DISCONNECTED @ https://faro-collector-ops-eu-south-0.grafana-ops.net/collect/bc03dd0f2a088059ae67a23bc296a26d:0
[76495689ms] [ERROR] Failed to load resource: net::ERR_INTERNET_DISCONNECTED @ https://faro-collector-ops-eu-south-0.grafana-ops.net/collect/bc03dd0f2a088059ae67a23bc296a26d:0
[76495695ms] [ERROR] Failed to load resource: net::ERR_INTERNET_DISCONNECTED @ https://faro-collector-ops-eu-south-0.grafana-ops.net/collect/bc03dd0f2a088059ae67a23bc296a26d:0
[76512320ms] [ERROR] WebSocket connection to 'wss://devfedb13.grafana.net/api/live/ws' failed: Error in connection establishment: net::ERR_INTERNET_DISCONNECTED @ https://grafana-assets.grafana.net/grafana/13.2.0-30616302309/public/build/3788-react19.93988d65f50992991cc7.js:291
[76512329ms] [ERROR] Failed to load resource: net::ERR_INTERNET_DISCONNECTED @ https://devfedb13.grafana.net/api/login/ping:0
[76512354ms] [ERROR] Failed to load resource: net::ERR_INTERNET_DISCONNECTED @ https://faro-collector-ops-eu-south-0.grafana-ops.net/collect/2aaaae17b963ac219cd6e23a4850f00e:0
[76512358ms] [ERROR] Failed to load resource: net::ERR_INTERNET_DISCONNECTED @ https://faro-collector-ops-eu-south-0.grafana-ops.net/collect/2aaaae17b963ac219cd6e23a4850f00e:0
[76512358ms] [ERROR] Faro
 @grafana/faro-web-sdk:transport-fetch
 Failed sending payload to the receiver
 {meta: Object, events: Array(1)} TypeError: Failed to fetch
    at https://grafana-assets.grafana.net/grafana/13.2.0-30616302309/public/build/1849-react19.2ac26fdddffdb4cf8597.js:177:52559
    at window.fetch (https://plugins-cdn.grafana.net/grafana-kowalski-app/1.64.0/public/plugins/grafana-kowalski-app/463.js?_cache=1ed629a5641ef9c0de99:2:206687)
    at https://plugins-cdn.grafana.net/grafana-kowalski-app/1.64.0/public/plugins/grafana-kowalski-app/463.js?_cache=1ed629a5641ef9c0de99:2:336969
    at o.<computed>.o.<computed> (https://rsi.grafana.com/v1.1/js-integrations/Fullstory.min.js:1:5852)
    at Mr.<anonymous> (https://plugins-cdn.grafana.net/grafana-kowalski-app/1.64.0/public/plugins/grafana-kowalski-app/463.js?_cache=1ed629a5641ef9c0de99:2:268817)
    at Generator.throw (<anonymous>)
    at a (https://plugins-cdn.grafana.net/grafana-kowalski-app/1.64.0/public/plugins/grafana-kowalski-app/463.js?_cache=1ed629a5641ef9c0de99:2:264709) @ https://plugins-cdn.grafana.net/grafana-kowalski-app/1.64.0/public/plugins/grafana-kowalski-app/463.js?_cache=1ed629a5641ef9c0de99:1
[76513688ms] [ERROR] Failed to load resource: net::ERR_INTERNET_DISCONNECTED @ https://faro-collector-ops-eu-south-0.grafana-ops.net/collect/bc03dd0f2a088059ae67a23bc296a26d:0
[76513693ms] [ERROR] Failed to load resource: net::ERR_INTERNET_DISCONNECTED @ https://faro-collector-ops-eu-south-0.grafana-ops.net/collect/bc03dd0f2a088059ae67a23bc296a26d:0
[76532333ms] [ERROR] WebSocket connection to 'wss://devfedb13.grafana.net/api/live/ws' failed: Error in connection establishment: net::ERR_INTERNET_DISCONNECTED @ https://grafana-assets.grafana.net/grafana/13.2.0-30616302309/public/build/3788-react19.93988d65f50992991cc7.js:291
[76532344ms] [ERROR] Failed to load resource: net::ERR_INTERNET_DISCONNECTED @ https://devfedb13.grafana.net/api/login/ping:0
[76532354ms] [ERROR] Failed to load resource: net::ERR_INTERNET_DISCONNECTED @ https://faro-collector-ops-eu-south-0.grafana-ops.net/collect/2aaaae17b963ac219cd6e23a4850f00e:0
[76532357ms] [ERROR] Failed to load resource: net::ERR_INTERNET_DISCONNECTED @ https://faro-collector-ops-eu-south-0.grafana-ops.net/collect/2aaaae17b963ac219cd6e23a4850f00e:0
[76532357ms] [ERROR] Faro
 @grafana/faro-web-sdk:transport-fetch
 Failed sending payload to the receiver
 {meta: Object, events: Array(1)} TypeError: Failed to fetch
    at https://grafana-assets.grafana.net/grafana/13.2.0-30616302309/public/build/1849-react19.2ac26fdddffdb4cf8597.js:177:52559
    at window.fetch (https://plugins-cdn.grafana.net/grafana-kowalski-app/1.64.0/public/plugins/grafana-kowalski-app/463.js?_cache=1ed629a5641ef9c0de99:2:206687)
    at https://plugins-cdn.grafana.net/grafana-kowalski-app/1.64.0/public/plugins/grafana-kowalski-app/463.js?_cache=1ed629a5641ef9c0de99:2:336969
    at o.<computed>.o.<computed> (https://rsi.grafana.com/v1.1/js-integrations/Fullstory.min.js:1:5852)
    at Mr.<anonymous> (https://plugins-cdn.grafana.net/grafana-kowalski-app/1.64.0/public/plugins/grafana-kowalski-app/463.js?_cache=1ed629a5641ef9c0de99:2:268817)
    at Generator.throw (<anonymous>)
    at a (https://plugins-cdn.grafana.net/grafana-kowalski-app/1.64.0/public/plugins/grafana-kowalski-app/463.js?_cache=1ed629a5641ef9c0de99:2:264709) @ https://plugins-cdn.grafana.net/grafana-kowalski-app/1.64.0/public/plugins/grafana-kowalski-app/463.js?_cache=1ed629a5641ef9c0de99:1
[76533696ms] [ERROR] Failed to load resource: net::ERR_INTERNET_DISCONNECTED @ https://faro-collector-ops-eu-south-0.grafana-ops.net/collect/bc03dd0f2a088059ae67a23bc296a26d:0
[76533703ms] [ERROR] Failed to load resource: net::ERR_INTERNET_DISCONNECTED @ https://faro-collector-ops-eu-south-0.grafana-ops.net/collect/bc03dd0f2a088059ae67a23bc296a26d:0
[76536707ms] [ERROR] WebSocket connection to 'wss://devfedb13.grafana.net/api/live/ws' failed: Error in connection establishment: net::ERR_INTERNET_DISCONNECTED @ https://grafana-assets.grafana.net/grafana/13.2.0-30616302309/public/build/3788-react19.93988d65f50992991cc7.js:291
[76544843ms] [ERROR] WebSocket connection to 'wss://devfedb13.grafana.net/api/live/ws' failed: Error in connection establishment: net::ERR_INTERNET_DISCONNECTED @ https://grafana-assets.grafana.net/grafana/13.2.0-30616302309/public/build/3788-react19.93988d65f50992991cc7.js:291
[76544847ms] [ERROR] Failed to load resource: net::ERR_INTERNET_DISCONNECTED @ https://devfedb13.grafana.net/api/login/ping:0
[76545103ms] [ERROR] Failed to load resource: net::ERR_INTERNET_DISCONNECTED @ https://faro-collector-ops-eu-south-0.grafana-ops.net/collect/2aaaae17b963ac219cd6e23a4850f00e:0
[76545107ms] [ERROR] Failed to load resource: net::ERR_INTERNET_DISCONNECTED @ https://faro-collector-ops-eu-south-0.grafana-ops.net/collect/2aaaae17b963ac219cd6e23a4850f00e:0
[76545107ms] [ERROR] Faro
 @grafana/faro-web-sdk:transport-fetch
 Failed sending payload to the receiver
 {meta: Object, events: Array(1)} TypeError: Failed to fetch
    at https://grafana-assets.grafana.net/grafana/13.2.0-30616302309/public/build/1849-react19.2ac26fdddffdb4cf8597.js:177:52559
    at window.fetch (https://plugins-cdn.grafana.net/grafana-kowalski-app/1.64.0/public/plugins/grafana-kowalski-app/463.js?_cache=1ed629a5641ef9c0de99:2:206687)
    at https://plugins-cdn.grafana.net/grafana-kowalski-app/1.64.0/public/plugins/grafana-kowalski-app/463.js?_cache=1ed629a5641ef9c0de99:2:336969
    at o.<computed>.o.<computed> (https://rsi.grafana.com/v1.1/js-integrations/Fullstory.min.js:1:5852)
    at Mr.<anonymous> (https://plugins-cdn.grafana.net/grafana-kowalski-app/1.64.0/public/plugins/grafana-kowalski-app/463.js?_cache=1ed629a5641ef9c0de99:2:268817)
    at Generator.throw (<anonymous>)
    at a (https://plugins-cdn.grafana.net/grafana-kowalski-app/1.64.0/public/plugins/grafana-kowalski-app/463.js?_cache=1ed629a5641ef9c0de99:2:264709) @ https://plugins-cdn.grafana.net/grafana-kowalski-app/1.64.0/public/plugins/grafana-kowalski-app/463.js?_cache=1ed629a5641ef9c0de99:1
[76545685ms] [ERROR] Failed to load resource: net::ERR_INTERNET_DISCONNECTED @ https://faro-collector-ops-eu-south-0.grafana-ops.net/collect/bc03dd0f2a088059ae67a23bc296a26d:0
[76545687ms] [ERROR] Failed to load resource: net::ERR_INTERNET_DISCONNECTED @ https://faro-collector-ops-eu-south-0.grafana-ops.net/collect/bc03dd0f2a088059ae67a23bc296a26d:0
[76547689ms] [ERROR] Failed to load resource: net::ERR_INTERNET_DISCONNECTED @ https://faro-collector-ops-eu-south-0.grafana-ops.net/collect/bc03dd0f2a088059ae67a23bc296a26d:0
[76547695ms] [ERROR] Failed to load resource: net::ERR_INTERNET_DISCONNECTED @ https://faro-collector-ops-eu-south-0.grafana-ops.net/collect/bc03dd0f2a088059ae67a23bc296a26d:0
[76560158ms] [ERROR] WebSocket connection to 'wss://devfedb13.grafana.net/api/live/ws' failed: Error in connection establishment: net::ERR_INTERNET_DISCONNECTED @ https://grafana-assets.grafana.net/grafana/13.2.0-30616302309/public/build/3788-react19.93988d65f50992991cc7.js:291
[76560166ms] [ERROR] Failed to load resource: net::ERR_INTERNET_DISCONNECTED @ https://devfedb13.grafana.net/api/login/ping:0
[76560357ms] [ERROR] Failed to load resource: net::ERR_INTERNET_DISCONNECTED @ https://faro-collector-ops-eu-south-0.grafana-ops.net/collect/2aaaae17b963ac219cd6e23a4850f00e:0
[76560362ms] [ERROR] Failed to load resource: net::ERR_INTERNET_DISCONNECTED @ https://faro-collector-ops-eu-south-0.grafana-ops.net/collect/2aaaae17b963ac219cd6e23a4850f00e:0
[76560362ms] [ERROR] Faro
 @grafana/faro-web-sdk:transport-fetch
 Failed sending payload to the receiver
 {meta: Object, events: Array(1)} TypeError: Failed to fetch
    at https://grafana-assets.grafana.net/grafana/13.2.0-30616302309/public/build/1849-react19.2ac26fdddffdb4cf8597.js:177:52559
    at window.fetch (https://plugins-cdn.grafana.net/grafana-kowalski-app/1.64.0/public/plugins/grafana-kowalski-app/463.js?_cache=1ed629a5641ef9c0de99:2:206687)
    at https://plugins-cdn.grafana.net/grafana-kowalski-app/1.64.0/public/plugins/grafana-kowalski-app/463.js?_cache=1ed629a5641ef9c0de99:2:336969
    at o.<computed>.o.<computed> (https://rsi.grafana.com/v1.1/js-integrations/Fullstory.min.js:1:5852)
    at Mr.<anonymous> (https://plugins-cdn.grafana.net/grafana-kowalski-app/1.64.0/public/plugins/grafana-kowalski-app/463.js?_cache=1ed629a5641ef9c0de99:2:268817)
    at Generator.throw (<anonymous>)
    at a (https://plugins-cdn.grafana.net/grafana-kowalski-app/1.64.0/public/plugins/grafana-kowalski-app/463.js?_cache=1ed629a5641ef9c0de99:2:264709) @ https://plugins-cdn.grafana.net/grafana-kowalski-app/1.64.0/public/plugins/grafana-kowalski-app/463.js?_cache=1ed629a5641ef9c0de99:1
[76561688ms] [ERROR] Failed to load resource: net::ERR_INTERNET_DISCONNECTED @ https://faro-collector-ops-eu-south-0.grafana-ops.net/collect/bc03dd0f2a088059ae67a23bc296a26d:0
[76561692ms] [ERROR] Failed to load resource: net::ERR_INTERNET_DISCONNECTED @ https://faro-collector-ops-eu-south-0.grafana-ops.net/collect/bc03dd0f2a088059ae67a23bc296a26d:0
[76567640ms] [ERROR] WebSocket connection to 'wss://devfedb13.grafana.net/api/live/ws' failed: Error in connection establishment: net::ERR_INTERNET_DISCONNECTED @ https://grafana-assets.grafana.net/grafana/13.2.0-30616302309/public/build/3788-react19.93988d65f50992991cc7.js:291
[76567647ms] [ERROR] Failed to load resource: net::ERR_INTERNET_DISCONNECTED @ https://devfedb13.grafana.net/api/login/ping:0
[76567688ms] [ERROR] Failed to load resource: net::ERR_INTERNET_DISCONNECTED @ https://faro-collector-ops-eu-south-0.grafana-ops.net/collect/bc03dd0f2a088059ae67a23bc296a26d:0
[76567692ms] [ERROR] Failed to load resource: net::ERR_INTERNET_DISCONNECTED @ https://faro-collector-ops-eu-south-0.grafana-ops.net/collect/bc03dd0f2a088059ae67a23bc296a26d:0
[76567854ms] [ERROR] Failed to load resource: net::ERR_INTERNET_DISCONNECTED @ https://faro-collector-ops-eu-south-0.grafana-ops.net/collect/2aaaae17b963ac219cd6e23a4850f00e:0
[76567859ms] [ERROR] Failed to load resource: net::ERR_INTERNET_DISCONNECTED @ https://faro-collector-ops-eu-south-0.grafana-ops.net/collect/2aaaae17b963ac219cd6e23a4850f00e:0
[76567859ms] [ERROR] Faro
 @grafana/faro-web-sdk:transport-fetch
 Failed sending payload to the receiver
 {meta: Object, events: Array(1)} TypeError: Failed to fetch
    at https://grafana-assets.grafana.net/grafana/13.2.0-30616302309/public/build/1849-react19.2ac26fdddffdb4cf8597.js:177:52559
    at window.fetch (https://plugins-cdn.grafana.net/grafana-kowalski-app/1.64.0/public/plugins/grafana-kowalski-app/463.js?_cache=1ed629a5641ef9c0de99:2:206687)
    at https://plugins-cdn.grafana.net/grafana-kowalski-app/1.64.0/public/plugins/grafana-kowalski-app/463.js?_cache=1ed629a5641ef9c0de99:2:336969
    at o.<computed>.o.<computed> (https://rsi.grafana.com/v1.1/js-integrations/Fullstory.min.js:1:5852)
    at Mr.<anonymous> (https://plugins-cdn.grafana.net/grafana-kowalski-app/1.64.0/public/plugins/grafana-kowalski-app/463.js?_cache=1ed629a5641ef9c0de99:2:268817)
    at Generator.throw (<anonymous>)
    at a (https://plugins-cdn.grafana.net/grafana-kowalski-app/1.64.0/public/plugins/grafana-kowalski-app/463.js?_cache=1ed629a5641ef9c0de99:2:264709) @ https://plugins-cdn.grafana.net/grafana-kowalski-app/1.64.0/public/plugins/grafana-kowalski-app/463.js?_cache=1ed629a5641ef9c0de99:1
[76569691ms] [ERROR] Failed to load resource: net::ERR_INTERNET_DISCONNECTED @ https://faro-collector-ops-eu-south-0.grafana-ops.net/collect/bc03dd0f2a088059ae67a23bc296a26d:0
[76569696ms] [ERROR] Failed to load resource: net::ERR_INTERNET_DISCONNECTED @ https://faro-collector-ops-eu-south-0.grafana-ops.net/collect/bc03dd0f2a088059ae67a23bc296a26d:0
[76586413ms] [ERROR] WebSocket connection to 'wss://devfedb13.grafana.net/api/live/ws' failed: Error in connection establishment: net::ERR_INTERNET_DISCONNECTED @ https://grafana-assets.grafana.net/grafana/13.2.0-30616302309/public/build/3788-react19.93988d65f50992991cc7.js:291
[76586425ms] [ERROR] Failed to load resource: net::ERR_INTERNET_DISCONNECTED @ https://devfedb13.grafana.net/api/login/ping:0
[76586599ms] [ERROR] Failed to load resource: net::ERR_INTERNET_DISCONNECTED @ https://faro-collector-ops-eu-south-0.grafana-ops.net/collect/2aaaae17b963ac219cd6e23a4850f00e:0
[76586600ms] [ERROR] Failed to load resource: net::ERR_INTERNET_DISCONNECTED @ https://faro-collector-ops-eu-south-0.grafana-ops.net/collect/2aaaae17b963ac219cd6e23a4850f00e:0
[76586600ms] [ERROR] Faro
 @grafana/faro-web-sdk:transport-fetch
 Failed sending payload to the receiver
 {meta: Object, events: Array(1)} TypeError: Failed to fetch
    at https://grafana-assets.grafana.net/grafana/13.2.0-30616302309/public/build/1849-react19.2ac26fdddffdb4cf8597.js:177:52559
    at window.fetch (https://plugins-cdn.grafana.net/grafana-kowalski-app/1.64.0/public/plugins/grafana-kowalski-app/463.js?_cache=1ed629a5641ef9c0de99:2:206687)
    at https://plugins-cdn.grafana.net/grafana-kowalski-app/1.64.0/public/plugins/grafana-kowalski-app/463.js?_cache=1ed629a5641ef9c0de99:2:336969
    at o.<computed>.o.<computed> (https://rsi.grafana.com/v1.1/js-integrations/Fullstory.min.js:1:5852)
    at Mr.<anonymous> (https://plugins-cdn.grafana.net/grafana-kowalski-app/1.64.0/public/plugins/grafana-kowalski-app/463.js?_cache=1ed629a5641ef9c0de99:2:268817)
    at Generator.throw (<anonymous>)
    at a (https://plugins-cdn.grafana.net/grafana-kowalski-app/1.64.0/public/plugins/grafana-kowalski-app/463.js?_cache=1ed629a5641ef9c0de99:2:264709) @ https://plugins-cdn.grafana.net/grafana-kowalski-app/1.64.0/public/plugins/grafana-kowalski-app/463.js?_cache=1ed629a5641ef9c0de99:1
[76587689ms] [ERROR] Failed to load resource: net::ERR_INTERNET_DISCONNECTED @ https://faro-collector-ops-eu-south-0.grafana-ops.net/collect/bc03dd0f2a088059ae67a23bc296a26d:0
[76587694ms] [ERROR] Failed to load resource: net::ERR_INTERNET_DISCONNECTED @ https://faro-collector-ops-eu-south-0.grafana-ops.net/collect/bc03dd0f2a088059ae67a23bc296a26d:0
[76589284ms] [ERROR] WebSocket connection to 'wss://devfedb13.grafana.net/api/live/ws' failed: Error in connection establishment: net::ERR_INTERNET_DISCONNECTED @ https://grafana-assets.grafana.net/grafana/13.2.0-30616302309/public/build/3788-react19.93988d65f50992991cc7.js:291
[76589691ms] [ERROR] Failed to load resource: net::ERR_INTERNET_DISCONNECTED @ https://faro-collector-ops-eu-south-0.grafana-ops.net/collect/bc03dd0f2a088059ae67a23bc296a26d:0
[76589694ms] [ERROR] Failed to load resource: net::ERR_INTERNET_DISCONNECTED @ https://faro-collector-ops-eu-south-0.grafana-ops.net/collect/bc03dd0f2a088059ae67a23bc296a26d:0
[76596993ms] [ERROR] WebSocket connection to 'wss://devfedb13.grafana.net/api/live/ws' failed: Error in connection establishment: net::ERR_INTERNET_DISCONNECTED @ https://grafana-assets.grafana.net/grafana/13.2.0-30616302309/public/build/3788-react19.93988d65f50992991cc7.js:291
[76596996ms] [ERROR] Failed to load resource: net::ERR_INTERNET_DISCONNECTED @ https://devfedb13.grafana.net/api/login/ping:0
[76597102ms] [ERROR] Failed to load resource: net::ERR_INTERNET_DISCONNECTED @ https://faro-collector-ops-eu-south-0.grafana-ops.net/collect/2aaaae17b963ac219cd6e23a4850f00e:0
[76597103ms] [ERROR] Failed to load resource: net::ERR_INTERNET_DISCONNECTED @ https://faro-collector-ops-eu-south-0.grafana-ops.net/collect/2aaaae17b963ac219cd6e23a4850f00e:0
[76597104ms] [ERROR] Faro
 @grafana/faro-web-sdk:transport-fetch
 Failed sending payload to the receiver
 {meta: Object, events: Array(1)} TypeError: Failed to fetch
    at https://grafana-assets.grafana.net/grafana/13.2.0-30616302309/public/build/1849-react19.2ac26fdddffdb4cf8597.js:177:52559
    at window.fetch (https://plugins-cdn.grafana.net/grafana-kowalski-app/1.64.0/public/plugins/grafana-kowalski-app/463.js?_cache=1ed629a5641ef9c0de99:2:206687)
    at https://plugins-cdn.grafana.net/grafana-kowalski-app/1.64.0/public/plugins/grafana-kowalski-app/463.js?_cache=1ed629a5641ef9c0de99:2:336969
    at o.<computed>.o.<computed> (https://rsi.grafana.com/v1.1/js-integrations/Fullstory.min.js:1:5852)
    at Mr.<anonymous> (https://plugins-cdn.grafana.net/grafana-kowalski-app/1.64.0/public/plugins/grafana-kowalski-app/463.js?_cache=1ed629a5641ef9c0de99:2:268817)
    at Generator.throw (<anonymous>)
    at a (https://plugins-cdn.grafana.net/grafana-kowalski-app/1.64.0/public/plugins/grafana-kowalski-app/463.js?_cache=1ed629a5641ef9c0de99:2:264709) @ https://plugins-cdn.grafana.net/grafana-kowalski-app/1.64.0/public/plugins/grafana-kowalski-app/463.js?_cache=1ed629a5641ef9c0de99:1
[76597688ms] [ERROR] Failed to load resource: net::ERR_INTERNET_DISCONNECTED @ https://faro-collector-ops-eu-south-0.grafana-ops.net/collect/bc03dd0f2a088059ae67a23bc296a26d:0
[76597693ms] [ERROR] Failed to load resource: net::ERR_INTERNET_DISCONNECTED @ https://faro-collector-ops-eu-south-0.grafana-ops.net/collect/bc03dd0f2a088059ae67a23bc296a26d:0
[76599685ms] [ERROR] Failed to load resource: net::ERR_INTERNET_DISCONNECTED @ https://faro-collector-ops-eu-south-0.grafana-ops.net/collect/bc03dd0f2a088059ae67a23bc296a26d:0
[76599686ms] [ERROR] Failed to load resource: net::ERR_INTERNET_DISCONNECTED @ https://faro-collector-ops-eu-south-0.grafana-ops.net/collect/bc03dd0f2a088059ae67a23bc296a26d:0
[76602868ms] [ERROR] WebSocket connection to 'wss://devfedb13.grafana.net/api/live/ws' failed: Error in connection establishment: net::ERR_INTERNET_DISCONNECTED @ https://grafana-assets.grafana.net/grafana/13.2.0-30616302309/public/build/3788-react19.93988d65f50992991cc7.js:291
[76602875ms] [ERROR] Failed to load resource: net::ERR_INTERNET_DISCONNECTED @ https://devfedb13.grafana.net/api/login/ping:0
[76603101ms] [ERROR] Failed to load resource: net::ERR_INTERNET_DISCONNECTED @ https://faro-collector-ops-eu-south-0.grafana-ops.net/collect/2aaaae17b963ac219cd6e23a4850f00e:0
[76603104ms] [ERROR] Failed to load resource: net::ERR_INTERNET_DISCONNECTED @ https://faro-collector-ops-eu-south-0.grafana-ops.net/collect/2aaaae17b963ac219cd6e23a4850f00e:0
[76603104ms] [ERROR] Faro
 @grafana/faro-web-sdk:transport-fetch
 Failed sending payload to the receiver
 {meta: Object, events: Array(1)} TypeError: Failed to fetch
    at https://grafana-assets.grafana.net/grafana/13.2.0-30616302309/public/build/1849-react19.2ac26fdddffdb4cf8597.js:177:52559
    at window.fetch (https://plugins-cdn.grafana.net/grafana-kowalski-app/1.64.0/public/plugins/grafana-kowalski-app/463.js?_cache=1ed629a5641ef9c0de99:2:206687)
    at https://plugins-cdn.grafana.net/grafana-kowalski-app/1.64.0/public/plugins/grafana-kowalski-app/463.js?_cache=1ed629a5641ef9c0de99:2:336969
    at o.<computed>.o.<computed> (https://rsi.grafana.com/v1.1/js-integrations/Fullstory.min.js:1:5852)
    at Mr.<anonymous> (https://plugins-cdn.grafana.net/grafana-kowalski-app/1.64.0/public/plugins/grafana-kowalski-app/463.js?_cache=1ed629a5641ef9c0de99:2:268817)
    at Generator.throw (<anonymous>)
    at a (https://plugins-cdn.grafana.net/grafana-kowalski-app/1.64.0/public/plugins/grafana-kowalski-app/463.js?_cache=1ed629a5641ef9c0de99:2:264709) @ https://plugins-cdn.grafana.net/grafana-kowalski-app/1.64.0/public/plugins/grafana-kowalski-app/463.js?_cache=1ed629a5641ef9c0de99:1
[76603689ms] [ERROR] Failed to load resource: net::ERR_INTERNET_DISCONNECTED @ https://faro-collector-ops-eu-south-0.grafana-ops.net/collect/bc03dd0f2a088059ae67a23bc296a26d:0
[76603694ms] [ERROR] Failed to load resource: net::ERR_INTERNET_DISCONNECTED @ https://faro-collector-ops-eu-south-0.grafana-ops.net/collect/bc03dd0f2a088059ae67a23bc296a26d:0
[76605686ms] [ERROR] Failed to load resource: net::ERR_INTERNET_DISCONNECTED @ https://faro-collector-ops-eu-south-0.grafana-ops.net/collect/bc03dd0f2a088059ae67a23bc296a26d:0
[76605688ms] [ERROR] Failed to load resource: net::ERR_INTERNET_DISCONNECTED @ https://faro-collector-ops-eu-south-0.grafana-ops.net/collect/bc03dd0f2a088059ae67a23bc296a26d:0
[76619500ms] [ERROR] WebSocket connection to 'wss://devfedb13.grafana.net/api/live/ws' failed: Error in connection establishment: net::ERR_INTERNET_DISCONNECTED @ https://grafana-assets.grafana.net/grafana/13.2.0-30616302309/public/build/3788-react19.93988d65f50992991cc7.js:291
[76619508ms] [ERROR] Failed to load resource: net::ERR_INTERNET_DISCONNECTED @ https://devfedb13.grafana.net/api/login/ping:0
[76619607ms] [ERROR] Failed to load resource: net::ERR_INTERNET_DISCONNECTED @ https://faro-collector-ops-eu-south-0.grafana-ops.net/collect/2aaaae17b963ac219cd6e23a4850f00e:0
[76619611ms] [ERROR] Failed to load resource: net::ERR_INTERNET_DISCONNECTED @ https://faro-collector-ops-eu-south-0.grafana-ops.net/collect/2aaaae17b963ac219cd6e23a4850f00e:0
[76619611ms] [ERROR] Faro
 @grafana/faro-web-sdk:transport-fetch
 Failed sending payload to the receiver
 {meta: Object, events: Array(1)} TypeError: Failed to fetch
    at https://grafana-assets.grafana.net/grafana/13.2.0-30616302309/public/build/1849-react19.2ac26fdddffdb4cf8597.js:177:52559
    at window.fetch (https://plugins-cdn.grafana.net/grafana-kowalski-app/1.64.0/public/plugins/grafana-kowalski-app/463.js?_cache=1ed629a5641ef9c0de99:2:206687)
    at https://plugins-cdn.grafana.net/grafana-kowalski-app/1.64.0/public/plugins/grafana-kowalski-app/463.js?_cache=1ed629a5641ef9c0de99:2:336969
    at o.<computed>.o.<computed> (https://rsi.grafana.com/v1.1/js-integrations/Fullstory.min.js:1:5852)
    at Mr.<anonymous> (https://plugins-cdn.grafana.net/grafana-kowalski-app/1.64.0/public/plugins/grafana-kowalski-app/463.js?_cache=1ed629a5641ef9c0de99:2:268817)
    at Generator.throw (<anonymous>)
    at a (https://plugins-cdn.grafana.net/grafana-kowalski-app/1.64.0/public/plugins/grafana-kowalski-app/463.js?_cache=1ed629a5641ef9c0de99:2:264709) @ https://plugins-cdn.grafana.net/grafana-kowalski-app/1.64.0/public/plugins/grafana-kowalski-app/463.js?_cache=1ed629a5641ef9c0de99:1
[76619684ms] [ERROR] Failed to load resource: net::ERR_INTERNET_DISCONNECTED @ https://faro-collector-ops-eu-south-0.grafana-ops.net/collect/bc03dd0f2a088059ae67a23bc296a26d:0
[76619687ms] [ERROR] Failed to load resource: net::ERR_INTERNET_DISCONNECTED @ https://faro-collector-ops-eu-south-0.grafana-ops.net/collect/bc03dd0f2a088059ae67a23bc296a26d:0
[76621693ms] [ERROR] Failed to load resource: net::ERR_INTERNET_DISCONNECTED @ https://faro-collector-ops-eu-south-0.grafana-ops.net/collect/bc03dd0f2a088059ae67a23bc296a26d:0
[76621698ms] [ERROR] Failed to load resource: net::ERR_INTERNET_DISCONNECTED @ https://faro-collector-ops-eu-south-0.grafana-ops.net/collect/bc03dd0f2a088059ae67a23bc296a26d:0
[76623320ms] [ERROR] WebSocket connection to 'wss://devfedb13.grafana.net/api/live/ws' failed: Error in connection establishment: net::ERR_INTERNET_DISCONNECTED @ https://grafana-assets.grafana.net/grafana/13.2.0-30616302309/public/build/3788-react19.93988d65f50992991cc7.js:291
[76636311ms] [ERROR] WebSocket connection to 'wss://devfedb13.grafana.net/api/live/ws' failed: Error in connection establishment: net::ERR_INTERNET_DISCONNECTED @ https://grafana-assets.grafana.net/grafana/13.2.0-30616302309/public/build/3788-react19.93988d65f50992991cc7.js:291
[76636317ms] [ERROR] Failed to load resource: net::ERR_INTERNET_DISCONNECTED @ https://devfedb13.grafana.net/api/login/ping:0
[76636353ms] [ERROR] Failed to load resource: net::ERR_INTERNET_DISCONNECTED @ https://faro-collector-ops-eu-south-0.grafana-ops.net/collect/2aaaae17b963ac219cd6e23a4850f00e:0
[76636355ms] [ERROR] Failed to load resource: net::ERR_INTERNET_DISCONNECTED @ https://faro-collector-ops-eu-south-0.grafana-ops.net/collect/2aaaae17b963ac219cd6e23a4850f00e:0
[76636355ms] [ERROR] Faro
 @grafana/faro-web-sdk:transport-fetch
 Failed sending payload to the receiver
 {meta: Object, events: Array(1)} TypeError: Failed to fetch
    at https://grafana-assets.grafana.net/grafana/13.2.0-30616302309/public/build/1849-react19.2ac26fdddffdb4cf8597.js:177:52559
    at window.fetch (https://plugins-cdn.grafana.net/grafana-kowalski-app/1.64.0/public/plugins/grafana-kowalski-app/463.js?_cache=1ed629a5641ef9c0de99:2:206687)
    at https://plugins-cdn.grafana.net/grafana-kowalski-app/1.64.0/public/plugins/grafana-kowalski-app/463.js?_cache=1ed629a5641ef9c0de99:2:336969
    at o.<computed>.o.<computed> (https://rsi.grafana.com/v1.1/js-integrations/Fullstory.min.js:1:5852)
    at Mr.<anonymous> (https://plugins-cdn.grafana.net/grafana-kowalski-app/1.64.0/public/plugins/grafana-kowalski-app/463.js?_cache=1ed629a5641ef9c0de99:2:268817)
    at Generator.throw (<anonymous>)
    at a (https://plugins-cdn.grafana.net/grafana-kowalski-app/1.64.0/public/plugins/grafana-kowalski-app/463.js?_cache=1ed629a5641ef9c0de99:2:264709) @ https://plugins-cdn.grafana.net/grafana-kowalski-app/1.64.0/public/plugins/grafana-kowalski-app/463.js?_cache=1ed629a5641ef9c0de99:1
[76637693ms] [ERROR] Failed to load resource: net::ERR_INTERNET_DISCONNECTED @ https://faro-collector-ops-eu-south-0.grafana-ops.net/collect/bc03dd0f2a088059ae67a23bc296a26d:0
[76637699ms] [ERROR] Failed to load resource: net::ERR_INTERNET_DISCONNECTED @ https://faro-collector-ops-eu-south-0.grafana-ops.net/collect/bc03dd0f2a088059ae67a23bc296a26d:0
[76637993ms] [ERROR] WebSocket connection to 'wss://devfedb13.grafana.net/api/live/ws' failed: Error in connection establishment: net::ERR_INTERNET_DISCONNECTED @ https://grafana-assets.grafana.net/grafana/13.2.0-30616302309/public/build/3788-react19.93988d65f50992991cc7.js:291
[76650821ms] [ERROR] WebSocket connection to 'wss://devfedb13.grafana.net/api/live/ws' failed: Error in connection establishment: net::ERR_INTERNET_DISCONNECTED @ https://grafana-assets.grafana.net/grafana/13.2.0-30616302309/public/build/3788-react19.93988d65f50992991cc7.js:291
[76650828ms] [ERROR] Failed to load resource: net::ERR_INTERNET_DISCONNECTED @ https://devfedb13.grafana.net/api/login/ping:0
[76650852ms] [ERROR] Failed to load resource: net::ERR_INTERNET_DISCONNECTED @ https://faro-collector-ops-eu-south-0.grafana-ops.net/collect/2aaaae17b963ac219cd6e23a4850f00e:0
[76650855ms] [ERROR] Failed to load resource: net::ERR_INTERNET_DISCONNECTED @ https://faro-collector-ops-eu-south-0.grafana-ops.net/collect/2aaaae17b963ac219cd6e23a4850f00e:0
[76650855ms] [ERROR] Faro
 @grafana/faro-web-sdk:transport-fetch
 Failed sending payload to the receiver
 {meta: Object, events: Array(1)} TypeError: Failed to fetch
    at https://grafana-assets.grafana.net/grafana/13.2.0-30616302309/public/build/1849-react19.2ac26fdddffdb4cf8597.js:177:52559
    at window.fetch (https://plugins-cdn.grafana.net/grafana-kowalski-app/1.64.0/public/plugins/grafana-kowalski-app/463.js?_cache=1ed629a5641ef9c0de99:2:206687)
    at https://plugins-cdn.grafana.net/grafana-kowalski-app/1.64.0/public/plugins/grafana-kowalski-app/463.js?_cache=1ed629a5641ef9c0de99:2:336969
    at o.<computed>.o.<computed> (https://rsi.grafana.com/v1.1/js-integrations/Fullstory.min.js:1:5852)
    at Mr.<anonymous> (https://plugins-cdn.grafana.net/grafana-kowalski-app/1.64.0/public/plugins/grafana-kowalski-app/463.js?_cache=1ed629a5641ef9c0de99:2:268817)
    at Generator.throw (<anonymous>)
    at a (https://plugins-cdn.grafana.net/grafana-kowalski-app/1.64.0/public/plugins/grafana-kowalski-app/463.js?_cache=1ed629a5641ef9c0de99:2:264709) @ https://plugins-cdn.grafana.net/grafana-kowalski-app/1.64.0/public/plugins/grafana-kowalski-app/463.js?_cache=1ed629a5641ef9c0de99:1
[76651689ms] [ERROR] Failed to load resource: net::ERR_INTERNET_DISCONNECTED @ https://faro-collector-ops-eu-south-0.grafana-ops.net/collect/bc03dd0f2a088059ae67a23bc296a26d:0
[76651693ms] [ERROR] Failed to load resource: net::ERR_INTERNET_DISCONNECTED @ https://faro-collector-ops-eu-south-0.grafana-ops.net/collect/bc03dd0f2a088059ae67a23bc296a26d:0
[76653685ms] [ERROR] Failed to load resource: net::ERR_INTERNET_DISCONNECTED @ https://faro-collector-ops-eu-south-0.grafana-ops.net/collect/bc03dd0f2a088059ae67a23bc296a26d:0
[76653686ms] [ERROR] Failed to load resource: net::ERR_INTERNET_DISCONNECTED @ https://faro-collector-ops-eu-south-0.grafana-ops.net/collect/bc03dd0f2a088059ae67a23bc296a26d:0
[76669928ms] [ERROR] WebSocket connection to 'wss://devfedb13.grafana.net/api/live/ws' failed: Error in connection establishment: net::ERR_INTERNET_DISCONNECTED @ https://grafana-assets.grafana.net/grafana/13.2.0-30616302309/public/build/3788-react19.93988d65f50992991cc7.js:291
[76669942ms] [ERROR] Failed to load resource: net::ERR_INTERNET_DISCONNECTED @ https://devfedb13.grafana.net/api/login/ping:0
[76670104ms] [ERROR] Failed to load resource: net::ERR_INTERNET_DISCONNECTED @ https://faro-collector-ops-eu-south-0.grafana-ops.net/collect/2aaaae17b963ac219cd6e23a4850f00e:0
[76670106ms] [ERROR] Failed to load resource: net::ERR_INTERNET_DISCONNECTED @ https://faro-collector-ops-eu-south-0.grafana-ops.net/collect/2aaaae17b963ac219cd6e23a4850f00e:0
[76670107ms] [ERROR] Faro
 @grafana/faro-web-sdk:transport-fetch
 Failed sending payload to the receiver
 {meta: Object, events: Array(1)} TypeError: Failed to fetch
    at https://grafana-assets.grafana.net/grafana/13.2.0-30616302309/public/build/1849-react19.2ac26fdddffdb4cf8597.js:177:52559
    at window.fetch (https://plugins-cdn.grafana.net/grafana-kowalski-app/1.64.0/public/plugins/grafana-kowalski-app/463.js?_cache=1ed629a5641ef9c0de99:2:206687)
    at https://plugins-cdn.grafana.net/grafana-kowalski-app/1.64.0/public/plugins/grafana-kowalski-app/463.js?_cache=1ed629a5641ef9c0de99:2:336969
    at o.<computed>.o.<computed> (https://rsi.grafana.com/v1.1/js-integrations/Fullstory.min.js:1:5852)
    at Mr.<anonymous> (https://plugins-cdn.grafana.net/grafana-kowalski-app/1.64.0/public/plugins/grafana-kowalski-app/463.js?_cache=1ed629a5641ef9c0de99:2:268817)
    at Generator.throw (<anonymous>)
    at a (https://plugins-cdn.grafana.net/grafana-kowalski-app/1.64.0/public/plugins/grafana-kowalski-app/463.js?_cache=1ed629a5641ef9c0de99:2:264709) @ https://plugins-cdn.grafana.net/grafana-kowalski-app/1.64.0/public/plugins/grafana-kowalski-app/463.js?_cache=1ed629a5641ef9c0de99:1
[76671695ms] [ERROR] Failed to load resource: net::ERR_INTERNET_DISCONNECTED @ https://faro-collector-ops-eu-south-0.grafana-ops.net/collect/bc03dd0f2a088059ae67a23bc296a26d:0
[76671701ms] [ERROR] Failed to load resource: net::ERR_INTERNET_DISCONNECTED @ https://faro-collector-ops-eu-south-0.grafana-ops.net/collect/bc03dd0f2a088059ae67a23bc296a26d:0
[76675181ms] [ERROR] WebSocket connection to 'wss://devfedb13.grafana.net/api/live/ws' failed: Error in connection establishment: net::ERR_INTERNET_DISCONNECTED @ https://grafana-assets.grafana.net/grafana/13.2.0-30616302309/public/build/3788-react19.93988d65f50992991cc7.js:291
[76675189ms] [ERROR] Failed to load resource: net::ERR_INTERNET_DISCONNECTED @ https://devfedb13.grafana.net/api/login/ping:0
[76675357ms] [ERROR] Failed to load resource: net::ERR_INTERNET_DISCONNECTED @ https://faro-collector-ops-eu-south-0.grafana-ops.net/collect/2aaaae17b963ac219cd6e23a4850f00e:0
[76675362ms] [ERROR] Failed to load resource: net::ERR_INTERNET_DISCONNECTED @ https://faro-collector-ops-eu-south-0.grafana-ops.net/collect/2aaaae17b963ac219cd6e23a4850f00e:0
[76675363ms] [ERROR] Faro
 @grafana/faro-web-sdk:transport-fetch
 Failed sending payload to the receiver
 {meta: Object, events: Array(1)} TypeError: Failed to fetch
    at https://grafana-assets.grafana.net/grafana/13.2.0-30616302309/public/build/1849-react19.2ac26fdddffdb4cf8597.js:177:52559
    at window.fetch (https://plugins-cdn.grafana.net/grafana-kowalski-app/1.64.0/public/plugins/grafana-kowalski-app/463.js?_cache=1ed629a5641ef9c0de99:2:206687)
    at https://plugins-cdn.grafana.net/grafana-kowalski-app/1.64.0/public/plugins/grafana-kowalski-app/463.js?_cache=1ed629a5641ef9c0de99:2:336969
    at o.<computed>.o.<computed> (https://rsi.grafana.com/v1.1/js-integrations/Fullstory.min.js:1:5852)
    at Mr.<anonymous> (https://plugins-cdn.grafana.net/grafana-kowalski-app/1.64.0/public/plugins/grafana-kowalski-app/463.js?_cache=1ed629a5641ef9c0de99:2:268817)
    at Generator.throw (<anonymous>)
    at a (https://plugins-cdn.grafana.net/grafana-kowalski-app/1.64.0/public/plugins/grafana-kowalski-app/463.js?_cache=1ed629a5641ef9c0de99:2:264709) @ https://plugins-cdn.grafana.net/grafana-kowalski-app/1.64.0/public/plugins/grafana-kowalski-app/463.js?_cache=1ed629a5641ef9c0de99:1
[76675687ms] [ERROR] Failed to load resource: net::ERR_INTERNET_DISCONNECTED @ https://faro-collector-ops-eu-south-0.grafana-ops.net/collect/bc03dd0f2a088059ae67a23bc296a26d:0
[76675691ms] [ERROR] Failed to load resource: net::ERR_INTERNET_DISCONNECTED @ https://faro-collector-ops-eu-south-0.grafana-ops.net/collect/bc03dd0f2a088059ae67a23bc296a26d:0
[76677689ms] [ERROR] Failed to load resource: net::ERR_INTERNET_DISCONNECTED @ https://faro-collector-ops-eu-south-0.grafana-ops.net/collect/bc03dd0f2a088059ae67a23bc296a26d:0
[76677703ms] [ERROR] Failed to load resource: net::ERR_INTERNET_DISCONNECTED @ https://faro-collector-ops-eu-south-0.grafana-ops.net/collect/bc03dd0f2a088059ae67a23bc296a26d:0
[76690751ms] [ERROR] WebSocket connection to 'wss://devfedb13.grafana.net/api/live/ws' failed: Error in connection establishment: net::ERR_INTERNET_DISCONNECTED @ https://grafana-assets.grafana.net/grafana/13.2.0-30616302309/public/build/3788-react19.93988d65f50992991cc7.js:291
[76690764ms] [ERROR] Failed to load resource: net::ERR_INTERNET_DISCONNECTED @ https://devfedb13.grafana.net/api/login/ping:0
[76690868ms] [ERROR] Failed to load resource: net::ERR_INTERNET_DISCONNECTED @ https://faro-collector-ops-eu-south-0.grafana-ops.net/collect/2aaaae17b963ac219cd6e23a4850f00e:0
[76690874ms] [ERROR] Failed to load resource: net::ERR_INTERNET_DISCONNECTED @ https://faro-collector-ops-eu-south-0.grafana-ops.net/collect/2aaaae17b963ac219cd6e23a4850f00e:0
[76690876ms] [ERROR] Faro
 @grafana/faro-web-sdk:transport-fetch
 Failed sending payload to the receiver
 {meta: Object, events: Array(1)} TypeError: Failed to fetch
    at https://grafana-assets.grafana.net/grafana/13.2.0-30616302309/public/build/1849-react19.2ac26fdddffdb4cf8597.js:177:52559
    at window.fetch (https://plugins-cdn.grafana.net/grafana-kowalski-app/1.64.0/public/plugins/grafana-kowalski-app/463.js?_cache=1ed629a5641ef9c0de99:2:206687)
    at https://plugins-cdn.grafana.net/grafana-kowalski-app/1.64.0/public/plugins/grafana-kowalski-app/463.js?_cache=1ed629a5641ef9c0de99:2:336969
    at o.<computed>.o.<computed> (https://rsi.grafana.com/v1.1/js-integrations/Fullstory.min.js:1:5852)
    at Mr.<anonymous> (https://plugins-cdn.grafana.net/grafana-kowalski-app/1.64.0/public/plugins/grafana-kowalski-app/463.js?_cache=1ed629a5641ef9c0de99:2:268817)
    at Generator.throw (<anonymous>)
    at a (https://plugins-cdn.grafana.net/grafana-kowalski-app/1.64.0/public/plugins/grafana-kowalski-app/463.js?_cache=1ed629a5641ef9c0de99:2:264709) @ https://plugins-cdn.grafana.net/grafana-kowalski-app/1.64.0/public/plugins/grafana-kowalski-app/463.js?_cache=1ed629a5641ef9c0de99:1
[76691688ms] [ERROR] Failed to load resource: net::ERR_INTERNET_DISCONNECTED @ https://faro-collector-ops-eu-south-0.grafana-ops.net/collect/bc03dd0f2a088059ae67a23bc296a26d:0
[76691693ms] [ERROR] Failed to load resource: net::ERR_INTERNET_DISCONNECTED @ https://faro-collector-ops-eu-south-0.grafana-ops.net/collect/bc03dd0f2a088059ae67a23bc296a26d:0
[76692367ms] [ERROR] WebSocket connection to 'wss://devfedb13.grafana.net/api/live/ws' failed: Error in connection establishment: net::ERR_INTERNET_DISCONNECTED @ https://grafana-assets.grafana.net/grafana/13.2.0-30616302309/public/build/3788-react19.93988d65f50992991cc7.js:291
[76693686ms] [ERROR] Failed to load resource: net::ERR_INTERNET_DISCONNECTED @ https://faro-collector-ops-eu-south-0.grafana-ops.net/collect/bc03dd0f2a088059ae67a23bc296a26d:0
[76693688ms] [ERROR] Failed to load resource: net::ERR_INTERNET_DISCONNECTED @ https://faro-collector-ops-eu-south-0.grafana-ops.net/collect/bc03dd0f2a088059ae67a23bc296a26d:0
[76700690ms] [ERROR] WebSocket connection to 'wss://devfedb13.grafana.net/api/live/ws' failed: Error in connection establishment: net::ERR_INTERNET_DISCONNECTED @ https://grafana-assets.grafana.net/grafana/13.2.0-30616302309/public/build/3788-react19.93988d65f50992991cc7.js:291
[76700696ms] [ERROR] Failed to load resource: net::ERR_INTERNET_DISCONNECTED @ https://devfedb13.grafana.net/api/login/ping:0
[76700851ms] [ERROR] Failed to load resource: net::ERR_INTERNET_DISCONNECTED @ https://faro-collector-ops-eu-south-0.grafana-ops.net/collect/2aaaae17b963ac219cd6e23a4850f00e:0
[76700853ms] [ERROR] Failed to load resource: net::ERR_INTERNET_DISCONNECTED @ https://faro-collector-ops-eu-south-0.grafana-ops.net/collect/2aaaae17b963ac219cd6e23a4850f00e:0
[76700853ms] [ERROR] Faro
 @grafana/faro-web-sdk:transport-fetch
 Failed sending payload to the receiver
 {meta: Object, events: Array(1)} TypeError: Failed to fetch
    at https://grafana-assets.grafana.net/grafana/13.2.0-30616302309/public/build/1849-react19.2ac26fdddffdb4cf8597.js:177:52559
    at window.fetch (https://plugins-cdn.grafana.net/grafana-kowalski-app/1.64.0/public/plugins/grafana-kowalski-app/463.js?_cache=1ed629a5641ef9c0de99:2:206687)
    at https://plugins-cdn.grafana.net/grafana-kowalski-app/1.64.0/public/plugins/grafana-kowalski-app/463.js?_cache=1ed629a5641ef9c0de99:2:336969
    at o.<computed>.o.<computed> (https://rsi.grafana.com/v1.1/js-integrations/Fullstory.min.js:1:5852)
    at Mr.<anonymous> (https://plugins-cdn.grafana.net/grafana-kowalski-app/1.64.0/public/plugins/grafana-kowalski-app/463.js?_cache=1ed629a5641ef9c0de99:2:268817)
    at Generator.throw (<anonymous>)
    at a (https://plugins-cdn.grafana.net/grafana-kowalski-app/1.64.0/public/plugins/grafana-kowalski-app/463.js?_cache=1ed629a5641ef9c0de99:2:264709) @ https://plugins-cdn.grafana.net/grafana-kowalski-app/1.64.0/public/plugins/grafana-kowalski-app/463.js?_cache=1ed629a5641ef9c0de99:1
[76701684ms] [ERROR] Failed to load resource: net::ERR_INTERNET_DISCONNECTED @ https://faro-collector-ops-eu-south-0.grafana-ops.net/collect/bc03dd0f2a088059ae67a23bc296a26d:0
[76701686ms] [ERROR] Failed to load resource: net::ERR_INTERNET_DISCONNECTED @ https://faro-collector-ops-eu-south-0.grafana-ops.net/collect/bc03dd0f2a088059ae67a23bc296a26d:0
[76703689ms] [ERROR] Failed to load resource: net::ERR_INTERNET_DISCONNECTED @ https://faro-collector-ops-eu-south-0.grafana-ops.net/collect/bc03dd0f2a088059ae67a23bc296a26d:0
[76703695ms] [ERROR] Failed to load resource: net::ERR_INTERNET_DISCONNECTED @ https://faro-collector-ops-eu-south-0.grafana-ops.net/collect/bc03dd0f2a088059ae67a23bc296a26d:0
[76713704ms] [ERROR] WebSocket connection to 'wss://devfedb13.grafana.net/api/live/ws' failed: Error in connection establishment: net::ERR_INTERNET_DISCONNECTED @ https://grafana-assets.grafana.net/grafana/13.2.0-30616302309/public/build/3788-react19.93988d65f50992991cc7.js:291
[76713722ms] [ERROR] Failed to load resource: net::ERR_INTERNET_DISCONNECTED @ https://devfedb13.grafana.net/api/login/ping:0
[76713852ms] [ERROR] Failed to load resource: net::ERR_INTERNET_DISCONNECTED @ https://faro-collector-ops-eu-south-0.grafana-ops.net/collect/2aaaae17b963ac219cd6e23a4850f00e:0
[76713854ms] [ERROR] Failed to load resource: net::ERR_INTERNET_DISCONNECTED @ https://faro-collector-ops-eu-south-0.grafana-ops.net/collect/2aaaae17b963ac219cd6e23a4850f00e:0
[76713854ms] [ERROR] Faro
 @grafana/faro-web-sdk:transport-fetch
 Failed sending payload to the receiver
 {meta: Object, events: Array(1)} TypeError: Failed to fetch
    at https://grafana-assets.grafana.net/grafana/13.2.0-30616302309/public/build/1849-react19.2ac26fdddffdb4cf8597.js:177:52559
    at window.fetch (https://plugins-cdn.grafana.net/grafana-kowalski-app/1.64.0/public/plugins/grafana-kowalski-app/463.js?_cache=1ed629a5641ef9c0de99:2:206687)
    at https://plugins-cdn.grafana.net/grafana-kowalski-app/1.64.0/public/plugins/grafana-kowalski-app/463.js?_cache=1ed629a5641ef9c0de99:2:336969
    at o.<computed>.o.<computed> (https://rsi.grafana.com/v1.1/js-integrations/Fullstory.min.js:1:5852)
    at Mr.<anonymous> (https://plugins-cdn.grafana.net/grafana-kowalski-app/1.64.0/public/plugins/grafana-kowalski-app/463.js?_cache=1ed629a5641ef9c0de99:2:268817)
    at Generator.throw (<anonymous>)
    at a (https://plugins-cdn.grafana.net/grafana-kowalski-app/1.64.0/public/plugins/grafana-kowalski-app/463.js?_cache=1ed629a5641ef9c0de99:2:264709) @ https://plugins-cdn.grafana.net/grafana-kowalski-app/1.64.0/public/plugins/grafana-kowalski-app/463.js?_cache=1ed629a5641ef9c0de99:1
[76715687ms] [ERROR] Failed to load resource: net::ERR_INTERNET_DISCONNECTED @ https://faro-collector-ops-eu-south-0.grafana-ops.net/collect/bc03dd0f2a088059ae67a23bc296a26d:0
[76715690ms] [ERROR] Failed to load resource: net::ERR_INTERNET_DISCONNECTED @ https://faro-collector-ops-eu-south-0.grafana-ops.net/collect/bc03dd0f2a088059ae67a23bc296a26d:0
[76731948ms] [ERROR] WebSocket connection to 'wss://devfedb13.grafana.net/api/live/ws' failed: Error in connection establishment: net::ERR_INTERNET_DISCONNECTED @ https://grafana-assets.grafana.net/grafana/13.2.0-30616302309/public/build/3788-react19.93988d65f50992991cc7.js:291
[76731966ms] [ERROR] Failed to load resource: net::ERR_INTERNET_DISCONNECTED @ https://devfedb13.grafana.net/api/login/ping:0
[76732104ms] [ERROR] Failed to load resource: net::ERR_INTERNET_DISCONNECTED @ https://faro-collector-ops-eu-south-0.grafana-ops.net/collect/2aaaae17b963ac219cd6e23a4850f00e:0
[76732115ms] [ERROR] Failed to load resource: net::ERR_INTERNET_DISCONNECTED @ https://faro-collector-ops-eu-south-0.grafana-ops.net/collect/2aaaae17b963ac219cd6e23a4850f00e:0
[76732115ms] [ERROR] Faro
 @grafana/faro-web-sdk:transport-fetch
 Failed sending payload to the receiver
 {meta: Object, events: Array(1)} TypeError: Failed to fetch
    at https://grafana-assets.grafana.net/grafana/13.2.0-30616302309/public/build/1849-react19.2ac26fdddffdb4cf8597.js:177:52559
    at window.fetch (https://plugins-cdn.grafana.net/grafana-kowalski-app/1.64.0/public/plugins/grafana-kowalski-app/463.js?_cache=1ed629a5641ef9c0de99:2:206687)
    at https://plugins-cdn.grafana.net/grafana-kowalski-app/1.64.0/public/plugins/grafana-kowalski-app/463.js?_cache=1ed629a5641ef9c0de99:2:336969
    at o.<computed>.o.<computed> (https://rsi.grafana.com/v1.1/js-integrations/Fullstory.min.js:1:5852)
    at Mr.<anonymous> (https://plugins-cdn.grafana.net/grafana-kowalski-app/1.64.0/public/plugins/grafana-kowalski-app/463.js?_cache=1ed629a5641ef9c0de99:2:268817)
    at Generator.throw (<anonymous>)
    at a (https://plugins-cdn.grafana.net/grafana-kowalski-app/1.64.0/public/plugins/grafana-kowalski-app/463.js?_cache=1ed629a5641ef9c0de99:2:264709) @ https://plugins-cdn.grafana.net/grafana-kowalski-app/1.64.0/public/plugins/grafana-kowalski-app/463.js?_cache=1ed629a5641ef9c0de99:1
[76733690ms] [ERROR] Failed to load resource: net::ERR_INTERNET_DISCONNECTED @ https://faro-collector-ops-eu-south-0.grafana-ops.net/collect/bc03dd0f2a088059ae67a23bc296a26d:0
[76733694ms] [ERROR] Failed to load resource: net::ERR_INTERNET_DISCONNECTED @ https://faro-collector-ops-eu-south-0.grafana-ops.net/collect/bc03dd0f2a088059ae67a23bc296a26d:0
[76738245ms] [ERROR] WebSocket connection to 'wss://devfedb13.grafana.net/api/live/ws' failed: Error in connection establishment: net::ERR_INTERNET_DISCONNECTED @ https://grafana-assets.grafana.net/grafana/13.2.0-30616302309/public/build/3788-react19.93988d65f50992991cc7.js:291
[76738253ms] [ERROR] Failed to load resource: net::ERR_INTERNET_DISCONNECTED @ https://devfedb13.grafana.net/api/login/ping:0
[76738350ms] [ERROR] Failed to load resource: net::ERR_INTERNET_DISCONNECTED @ https://faro-collector-ops-eu-south-0.grafana-ops.net/collect/2aaaae17b963ac219cd6e23a4850f00e:0
[76738351ms] [ERROR] Failed to load resource: net::ERR_INTERNET_DISCONNECTED @ https://faro-collector-ops-eu-south-0.grafana-ops.net/collect/2aaaae17b963ac219cd6e23a4850f00e:0
[76738351ms] [ERROR] Faro
 @grafana/faro-web-sdk:transport-fetch
 Failed sending payload to the receiver
 {meta: Object, events: Array(1)} TypeError: Failed to fetch
    at https://grafana-assets.grafana.net/grafana/13.2.0-30616302309/public/build/1849-react19.2ac26fdddffdb4cf8597.js:177:52559
    at window.fetch (https://plugins-cdn.grafana.net/grafana-kowalski-app/1.64.0/public/plugins/grafana-kowalski-app/463.js?_cache=1ed629a5641ef9c0de99:2:206687)
    at https://plugins-cdn.grafana.net/grafana-kowalski-app/1.64.0/public/plugins/grafana-kowalski-app/463.js?_cache=1ed629a5641ef9c0de99:2:336969
    at o.<computed>.o.<computed> (https://rsi.grafana.com/v1.1/js-integrations/Fullstory.min.js:1:5852)
    at Mr.<anonymous> (https://plugins-cdn.grafana.net/grafana-kowalski-app/1.64.0/public/plugins/grafana-kowalski-app/463.js?_cache=1ed629a5641ef9c0de99:2:268817)
    at Generator.throw (<anonymous>)
    at a (https://plugins-cdn.grafana.net/grafana-kowalski-app/1.64.0/public/plugins/grafana-kowalski-app/463.js?_cache=1ed629a5641ef9c0de99:2:264709) @ https://plugins-cdn.grafana.net/grafana-kowalski-app/1.64.0/public/plugins/grafana-kowalski-app/463.js?_cache=1ed629a5641ef9c0de99:1
[76739689ms] [ERROR] Failed to load resource: net::ERR_INTERNET_DISCONNECTED @ https://faro-collector-ops-eu-south-0.grafana-ops.net/collect/bc03dd0f2a088059ae67a23bc296a26d:0
[76739694ms] [ERROR] Failed to load resource: net::ERR_INTERNET_DISCONNECTED @ https://faro-collector-ops-eu-south-0.grafana-ops.net/collect/bc03dd0f2a088059ae67a23bc296a26d:0
[76756673ms] [ERROR] WebSocket connection to 'wss://devfedb13.grafana.net/api/live/ws' failed: Error in connection establishment: net::ERR_INTERNET_DISCONNECTED @ https://grafana-assets.grafana.net/grafana/13.2.0-30616302309/public/build/3788-react19.93988d65f50992991cc7.js:291
[76756678ms] [ERROR] Failed to load resource: net::ERR_INTERNET_DISCONNECTED @ https://devfedb13.grafana.net/api/login/ping:0
[76756858ms] [ERROR] Failed to load resource: net::ERR_INTERNET_DISCONNECTED @ https://faro-collector-ops-eu-south-0.grafana-ops.net/collect/2aaaae17b963ac219cd6e23a4850f00e:0
[76756860ms] [ERROR] Failed to load resource: net::ERR_INTERNET_DISCONNECTED @ https://faro-collector-ops-eu-south-0.grafana-ops.net/collect/2aaaae17b963ac219cd6e23a4850f00e:0
[76756860ms] [ERROR] Faro
 @grafana/faro-web-sdk:transport-fetch
 Failed sending payload to the receiver
 {meta: Object, events: Array(1)} TypeError: Failed to fetch
    at https://grafana-assets.grafana.net/grafana/13.2.0-30616302309/public/build/1849-react19.2ac26fdddffdb4cf8597.js:177:52559
    at window.fetch (https://plugins-cdn.grafana.net/grafana-kowalski-app/1.64.0/public/plugins/grafana-kowalski-app/463.js?_cache=1ed629a5641ef9c0de99:2:206687)
    at https://plugins-cdn.grafana.net/grafana-kowalski-app/1.64.0/public/plugins/grafana-kowalski-app/463.js?_cache=1ed629a5641ef9c0de99:2:336969
    at o.<computed>.o.<computed> (https://rsi.grafana.com/v1.1/js-integrations/Fullstory.min.js:1:5852)
    at Mr.<anonymous> (https://plugins-cdn.grafana.net/grafana-kowalski-app/1.64.0/public/plugins/grafana-kowalski-app/463.js?_cache=1ed629a5641ef9c0de99:2:268817)
    at Generator.throw (<anonymous>)
    at a (https://plugins-cdn.grafana.net/grafana-kowalski-app/1.64.0/public/plugins/grafana-kowalski-app/463.js?_cache=1ed629a5641ef9c0de99:2:264709) @ https://plugins-cdn.grafana.net/grafana-kowalski-app/1.64.0/public/plugins/grafana-kowalski-app/463.js?_cache=1ed629a5641ef9c0de99:1
[76757688ms] [ERROR] Failed to load resource: net::ERR_INTERNET_DISCONNECTED @ https://faro-collector-ops-eu-south-0.grafana-ops.net/collect/bc03dd0f2a088059ae67a23bc296a26d:0
[76757693ms] [ERROR] Failed to load resource: net::ERR_INTERNET_DISCONNECTED @ https://faro-collector-ops-eu-south-0.grafana-ops.net/collect/bc03dd0f2a088059ae67a23bc296a26d:0
[76759689ms] [ERROR] Failed to load resource: net::ERR_INTERNET_DISCONNECTED @ https://faro-collector-ops-eu-south-0.grafana-ops.net/collect/bc03dd0f2a088059ae67a23bc296a26d:0
[76759698ms] [ERROR] Failed to load resource: net::ERR_INTERNET_DISCONNECTED @ https://faro-collector-ops-eu-south-0.grafana-ops.net/collect/bc03dd0f2a088059ae67a23bc296a26d:0
[76759765ms] [ERROR] WebSocket connection to 'wss://devfedb13.grafana.net/api/live/ws' failed: Error in connection establishment: net::ERR_INTERNET_DISCONNECTED @ https://grafana-assets.grafana.net/grafana/13.2.0-30616302309/public/build/3788-react19.93988d65f50992991cc7.js:291
[76766187ms] [ERROR] WebSocket connection to 'wss://devfedb13.grafana.net/api/live/ws' failed: Error in connection establishment: net::ERR_INTERNET_DISCONNECTED @ https://grafana-assets.grafana.net/grafana/13.2.0-30616302309/public/build/3788-react19.93988d65f50992991cc7.js:291
[76766190ms] [ERROR] Failed to load resource: net::ERR_INTERNET_DISCONNECTED @ https://devfedb13.grafana.net/api/login/ping:0
[76766352ms] [ERROR] Failed to load resource: net::ERR_INTERNET_DISCONNECTED @ https://faro-collector-ops-eu-south-0.grafana-ops.net/collect/2aaaae17b963ac219cd6e23a4850f00e:0
[76766356ms] [ERROR] Failed to load resource: net::ERR_INTERNET_DISCONNECTED @ https://faro-collector-ops-eu-south-0.grafana-ops.net/collect/2aaaae17b963ac219cd6e23a4850f00e:0
[76766356ms] [ERROR] Faro
 @grafana/faro-web-sdk:transport-fetch
 Failed sending payload to the receiver
 {meta: Object, events: Array(1)} TypeError: Failed to fetch
    at https://grafana-assets.grafana.net/grafana/13.2.0-30616302309/public/build/1849-react19.2ac26fdddffdb4cf8597.js:177:52559
    at window.fetch (https://plugins-cdn.grafana.net/grafana-kowalski-app/1.64.0/public/plugins/grafana-kowalski-app/463.js?_cache=1ed629a5641ef9c0de99:2:206687)
    at https://plugins-cdn.grafana.net/grafana-kowalski-app/1.64.0/public/plugins/grafana-kowalski-app/463.js?_cache=1ed629a5641ef9c0de99:2:336969
    at o.<computed>.o.<computed> (https://rsi.grafana.com/v1.1/js-integrations/Fullstory.min.js:1:5852)
    at Mr.<anonymous> (https://plugins-cdn.grafana.net/grafana-kowalski-app/1.64.0/public/plugins/grafana-kowalski-app/463.js?_cache=1ed629a5641ef9c0de99:2:268817)
    at Generator.throw (<anonymous>)
    at a (https://plugins-cdn.grafana.net/grafana-kowalski-app/1.64.0/public/plugins/grafana-kowalski-app/463.js?_cache=1ed629a5641ef9c0de99:2:264709) @ https://plugins-cdn.grafana.net/grafana-kowalski-app/1.64.0/public/plugins/grafana-kowalski-app/463.js?_cache=1ed629a5641ef9c0de99:1
[76767689ms] [ERROR] Failed to load resource: net::ERR_INTERNET_DISCONNECTED @ https://faro-collector-ops-eu-south-0.grafana-ops.net/collect/bc03dd0f2a088059ae67a23bc296a26d:0
[76767694ms] [ERROR] Failed to load resource: net::ERR_INTERNET_DISCONNECTED @ https://faro-collector-ops-eu-south-0.grafana-ops.net/collect/bc03dd0f2a088059ae67a23bc296a26d:0
[76772643ms] [ERROR] WebSocket connection to 'wss://devfedb13.grafana.net/api/live/ws' failed: Error in connection establishment: net::ERR_INTERNET_DISCONNECTED @ https://grafana-assets.grafana.net/grafana/13.2.0-30616302309/public/build/3788-react19.93988d65f50992991cc7.js:291
[76772650ms] [ERROR] Failed to load resource: net::ERR_INTERNET_DISCONNECTED @ https://devfedb13.grafana.net/api/login/ping:0
[76772853ms] [ERROR] Failed to load resource: net::ERR_INTERNET_DISCONNECTED @ https://faro-collector-ops-eu-south-0.grafana-ops.net/collect/2aaaae17b963ac219cd6e23a4850f00e:0
[76772857ms] [ERROR] Failed to load resource: net::ERR_INTERNET_DISCONNECTED @ https://faro-collector-ops-eu-south-0.grafana-ops.net/collect/2aaaae17b963ac219cd6e23a4850f00e:0
[76772857ms] [ERROR] Faro
 @grafana/faro-web-sdk:transport-fetch
 Failed sending payload to the receiver
 {meta: Object, events: Array(1)} TypeError: Failed to fetch
    at https://grafana-assets.grafana.net/grafana/13.2.0-30616302309/public/build/1849-react19.2ac26fdddffdb4cf8597.js:177:52559
    at window.fetch (https://plugins-cdn.grafana.net/grafana-kowalski-app/1.64.0/public/plugins/grafana-kowalski-app/463.js?_cache=1ed629a5641ef9c0de99:2:206687)
    at https://plugins-cdn.grafana.net/grafana-kowalski-app/1.64.0/public/plugins/grafana-kowalski-app/463.js?_cache=1ed629a5641ef9c0de99:2:336969
    at o.<computed>.o.<computed> (https://rsi.grafana.com/v1.1/js-integrations/Fullstory.min.js:1:5852)
    at Mr.<anonymous> (https://plugins-cdn.grafana.net/grafana-kowalski-app/1.64.0/public/plugins/grafana-kowalski-app/463.js?_cache=1ed629a5641ef9c0de99:2:268817)
    at Generator.throw (<anonymous>)
    at a (https://plugins-cdn.grafana.net/grafana-kowalski-app/1.64.0/public/plugins/grafana-kowalski-app/463.js?_cache=1ed629a5641ef9c0de99:2:264709) @ https://plugins-cdn.grafana.net/grafana-kowalski-app/1.64.0/public/plugins/grafana-kowalski-app/463.js?_cache=1ed629a5641ef9c0de99:1
[76773689ms] [ERROR] Failed to load resource: net::ERR_INTERNET_DISCONNECTED @ https://faro-collector-ops-eu-south-0.grafana-ops.net/collect/bc03dd0f2a088059ae67a23bc296a26d:0
[76773695ms] [ERROR] Failed to load resource: net::ERR_INTERNET_DISCONNECTED @ https://faro-collector-ops-eu-south-0.grafana-ops.net/collect/bc03dd0f2a088059ae67a23bc296a26d:0
[76775689ms] [ERROR] Failed to load resource: net::ERR_INTERNET_DISCONNECTED @ https://faro-collector-ops-eu-south-0.grafana-ops.net/collect/bc03dd0f2a088059ae67a23bc296a26d:0
[76775694ms] [ERROR] Failed to load resource: net::ERR_INTERNET_DISCONNECTED @ https://faro-collector-ops-eu-south-0.grafana-ops.net/collect/bc03dd0f2a088059ae67a23bc296a26d:0
[76792653ms] [ERROR] WebSocket connection to 'wss://devfedb13.grafana.net/api/live/ws' failed: Error in connection establishment: net::ERR_INTERNET_DISCONNECTED @ https://grafana-assets.grafana.net/grafana/13.2.0-30616302309/public/build/3788-react19.93988d65f50992991cc7.js:291
[76792658ms] [ERROR] Failed to load resource: net::ERR_INTERNET_DISCONNECTED @ https://devfedb13.grafana.net/api/login/ping:0
[76792853ms] [ERROR] Failed to load resource: net::ERR_INTERNET_DISCONNECTED @ https://faro-collector-ops-eu-south-0.grafana-ops.net/collect/2aaaae17b963ac219cd6e23a4850f00e:0
[76792857ms] [ERROR] Failed to load resource: net::ERR_INTERNET_DISCONNECTED @ https://faro-collector-ops-eu-south-0.grafana-ops.net/collect/2aaaae17b963ac219cd6e23a4850f00e:0
[76792857ms] [ERROR] Faro
 @grafana/faro-web-sdk:transport-fetch
 Failed sending payload to the receiver
 {meta: Object, events: Array(1)} TypeError: Failed to fetch
    at https://grafana-assets.grafana.net/grafana/13.2.0-30616302309/public/build/1849-react19.2ac26fdddffdb4cf8597.js:177:52559
    at window.fetch (https://plugins-cdn.grafana.net/grafana-kowalski-app/1.64.0/public/plugins/grafana-kowalski-app/463.js?_cache=1ed629a5641ef9c0de99:2:206687)
    at https://plugins-cdn.grafana.net/grafana-kowalski-app/1.64.0/public/plugins/grafana-kowalski-app/463.js?_cache=1ed629a5641ef9c0de99:2:336969
    at o.<computed>.o.<computed> (https://rsi.grafana.com/v1.1/js-integrations/Fullstory.min.js:1:5852)
    at Mr.<anonymous> (https://plugins-cdn.grafana.net/grafana-kowalski-app/1.64.0/public/plugins/grafana-kowalski-app/463.js?_cache=1ed629a5641ef9c0de99:2:268817)
    at Generator.throw (<anonymous>)
    at a (https://plugins-cdn.grafana.net/grafana-kowalski-app/1.64.0/public/plugins/grafana-kowalski-app/463.js?_cache=1ed629a5641ef9c0de99:2:264709) @ https://plugins-cdn.grafana.net/grafana-kowalski-app/1.64.0/public/plugins/grafana-kowalski-app/463.js?_cache=1ed629a5641ef9c0de99:1
[76793689ms] [ERROR] Failed to load resource: net::ERR_INTERNET_DISCONNECTED @ https://faro-collector-ops-eu-south-0.grafana-ops.net/collect/bc03dd0f2a088059ae67a23bc296a26d:0
[76793693ms] [ERROR] Failed to load resource: net::ERR_INTERNET_DISCONNECTED @ https://faro-collector-ops-eu-south-0.grafana-ops.net/collect/bc03dd0f2a088059ae67a23bc296a26d:0
[76795688ms] [ERROR] Failed to load resource: net::ERR_INTERNET_DISCONNECTED @ https://faro-collector-ops-eu-south-0.grafana-ops.net/collect/bc03dd0f2a088059ae67a23bc296a26d:0
[76795693ms] [ERROR] Failed to load resource: net::ERR_INTERNET_DISCONNECTED @ https://faro-collector-ops-eu-south-0.grafana-ops.net/collect/bc03dd0f2a088059ae67a23bc296a26d:0
[76802742ms] [ERROR] WebSocket connection to 'wss://devfedb13.grafana.net/api/live/ws' failed: Error in connection establishment: net::ERR_INTERNET_DISCONNECTED @ https://grafana-assets.grafana.net/grafana/13.2.0-30616302309/public/build/3788-react19.93988d65f50992991cc7.js:291
[76802747ms] [ERROR] Failed to load resource: net::ERR_INTERNET_DISCONNECTED @ https://devfedb13.grafana.net/api/login/ping:0
[76802850ms] [ERROR] Failed to load resource: net::ERR_INTERNET_DISCONNECTED @ https://faro-collector-ops-eu-south-0.grafana-ops.net/collect/2aaaae17b963ac219cd6e23a4850f00e:0
[76802852ms] [ERROR] Failed to load resource: net::ERR_INTERNET_DISCONNECTED @ https://faro-collector-ops-eu-south-0.grafana-ops.net/collect/2aaaae17b963ac219cd6e23a4850f00e:0
[76802852ms] [ERROR] Faro
 @grafana/faro-web-sdk:transport-fetch
 Failed sending payload to the receiver
 {meta: Object, events: Array(1)} TypeError: Failed to fetch
    at https://grafana-assets.grafana.net/grafana/13.2.0-30616302309/public/build/1849-react19.2ac26fdddffdb4cf8597.js:177:52559
    at window.fetch (https://plugins-cdn.grafana.net/grafana-kowalski-app/1.64.0/public/plugins/grafana-kowalski-app/463.js?_cache=1ed629a5641ef9c0de99:2:206687)
    at https://plugins-cdn.grafana.net/grafana-kowalski-app/1.64.0/public/plugins/grafana-kowalski-app/463.js?_cache=1ed629a5641ef9c0de99:2:336969
    at o.<computed>.o.<computed> (https://rsi.grafana.com/v1.1/js-integrations/Fullstory.min.js:1:5852)
    at Mr.<anonymous> (https://plugins-cdn.grafana.net/grafana-kowalski-app/1.64.0/public/plugins/grafana-kowalski-app/463.js?_cache=1ed629a5641ef9c0de99:2:268817)
    at Generator.throw (<anonymous>)
    at a (https://plugins-cdn.grafana.net/grafana-kowalski-app/1.64.0/public/plugins/grafana-kowalski-app/463.js?_cache=1ed629a5641ef9c0de99:2:264709) @ https://plugins-cdn.grafana.net/grafana-kowalski-app/1.64.0/public/plugins/grafana-kowalski-app/463.js?_cache=1ed629a5641ef9c0de99:1
[76803693ms] [ERROR] Failed to load resource: net::ERR_INTERNET_DISCONNECTED @ https://faro-collector-ops-eu-south-0.grafana-ops.net/collect/bc03dd0f2a088059ae67a23bc296a26d:0
[76803695ms] [ERROR] Failed to load resource: net::ERR_INTERNET_DISCONNECTED @ https://faro-collector-ops-eu-south-0.grafana-ops.net/collect/bc03dd0f2a088059ae67a23bc296a26d:0
[76805689ms] [ERROR] Failed to load resource: net::ERR_INTERNET_DISCONNECTED @ https://faro-collector-ops-eu-south-0.grafana-ops.net/collect/bc03dd0f2a088059ae67a23bc296a26d:0
[76805694ms] [ERROR] Failed to load resource: net::ERR_INTERNET_DISCONNECTED @ https://faro-collector-ops-eu-south-0.grafana-ops.net/collect/bc03dd0f2a088059ae67a23bc296a26d:0
[76808944ms] [ERROR] WebSocket connection to 'wss://devfedb13.grafana.net/api/live/ws' failed: Error in connection establishment: net::ERR_INTERNET_DISCONNECTED @ https://grafana-assets.grafana.net/grafana/13.2.0-30616302309/public/build/3788-react19.93988d65f50992991cc7.js:291
[76808947ms] [ERROR] Failed to load resource: net::ERR_INTERNET_DISCONNECTED @ https://devfedb13.grafana.net/api/login/ping:0
[76809105ms] [ERROR] Failed to load resource: net::ERR_INTERNET_DISCONNECTED @ https://faro-collector-ops-eu-south-0.grafana-ops.net/collect/2aaaae17b963ac219cd6e23a4850f00e:0
[76809111ms] [ERROR] Failed to load resource: net::ERR_INTERNET_DISCONNECTED @ https://faro-collector-ops-eu-south-0.grafana-ops.net/collect/2aaaae17b963ac219cd6e23a4850f00e:0
[76809111ms] [ERROR] Faro
 @grafana/faro-web-sdk:transport-fetch
 Failed sending payload to the receiver
 {meta: Object, events: Array(1)} TypeError: Failed to fetch
    at https://grafana-assets.grafana.net/grafana/13.2.0-30616302309/public/build/1849-react19.2ac26fdddffdb4cf8597.js:177:52559
    at window.fetch (https://plugins-cdn.grafana.net/grafana-kowalski-app/1.64.0/public/plugins/grafana-kowalski-app/463.js?_cache=1ed629a5641ef9c0de99:2:206687)
    at https://plugins-cdn.grafana.net/grafana-kowalski-app/1.64.0/public/plugins/grafana-kowalski-app/463.js?_cache=1ed629a5641ef9c0de99:2:336969
    at o.<computed>.o.<computed> (https://rsi.grafana.com/v1.1/js-integrations/Fullstory.min.js:1:5852)
    at Mr.<anonymous> (https://plugins-cdn.grafana.net/grafana-kowalski-app/1.64.0/public/plugins/grafana-kowalski-app/463.js?_cache=1ed629a5641ef9c0de99:2:268817)
    at Generator.throw (<anonymous>)
    at a (https://plugins-cdn.grafana.net/grafana-kowalski-app/1.64.0/public/plugins/grafana-kowalski-app/463.js?_cache=1ed629a5641ef9c0de99:2:264709) @ https://plugins-cdn.grafana.net/grafana-kowalski-app/1.64.0/public/plugins/grafana-kowalski-app/463.js?_cache=1ed629a5641ef9c0de99:1
[76809689ms] [ERROR] Failed to load resource: net::ERR_INTERNET_DISCONNECTED @ https://faro-collector-ops-eu-south-0.grafana-ops.net/collect/bc03dd0f2a088059ae67a23bc296a26d:0
[76809693ms] [ERROR] Failed to load resource: net::ERR_INTERNET_DISCONNECTED @ https://faro-collector-ops-eu-south-0.grafana-ops.net/collect/bc03dd0f2a088059ae67a23bc296a26d:0
[76811685ms] [ERROR] Failed to load resource: net::ERR_INTERNET_DISCONNECTED @ https://faro-collector-ops-eu-south-0.grafana-ops.net/collect/bc03dd0f2a088059ae67a23bc296a26d:0
[76811687ms] [ERROR] Failed to load resource: net::ERR_INTERNET_DISCONNECTED @ https://faro-collector-ops-eu-south-0.grafana-ops.net/collect/bc03dd0f2a088059ae67a23bc296a26d:0
[76817767ms] [ERROR] WebSocket connection to 'wss://devfedb13.grafana.net/api/live/ws' failed: Error in connection establishment: net::ERR_INTERNET_DISCONNECTED @ https://grafana-assets.grafana.net/grafana/13.2.0-30616302309/public/build/3788-react19.93988d65f50992991cc7.js:291
[76817770ms] [ERROR] Failed to load resource: net::ERR_INTERNET_DISCONNECTED @ https://devfedb13.grafana.net/api/login/ping:0
[76817852ms] [ERROR] Failed to load resource: net::ERR_INTERNET_DISCONNECTED @ https://faro-collector-ops-eu-south-0.grafana-ops.net/collect/2aaaae17b963ac219cd6e23a4850f00e:0
[76817855ms] [ERROR] Failed to load resource: net::ERR_INTERNET_DISCONNECTED @ https://faro-collector-ops-eu-south-0.grafana-ops.net/collect/2aaaae17b963ac219cd6e23a4850f00e:0
[76817855ms] [ERROR] Faro
 @grafana/faro-web-sdk:transport-fetch
 Failed sending payload to the receiver
 {meta: Object, events: Array(1)} TypeError: Failed to fetch
    at https://grafana-assets.grafana.net/grafana/13.2.0-30616302309/public/build/1849-react19.2ac26fdddffdb4cf8597.js:177:52559
    at window.fetch (https://plugins-cdn.grafana.net/grafana-kowalski-app/1.64.0/public/plugins/grafana-kowalski-app/463.js?_cache=1ed629a5641ef9c0de99:2:206687)
    at https://plugins-cdn.grafana.net/grafana-kowalski-app/1.64.0/public/plugins/grafana-kowalski-app/463.js?_cache=1ed629a5641ef9c0de99:2:336969
    at o.<computed>.o.<computed> (https://rsi.grafana.com/v1.1/js-integrations/Fullstory.min.js:1:5852)
    at Mr.<anonymous> (https://plugins-cdn.grafana.net/grafana-kowalski-app/1.64.0/public/plugins/grafana-kowalski-app/463.js?_cache=1ed629a5641ef9c0de99:2:268817)
    at Generator.throw (<anonymous>)
    at a (https://plugins-cdn.grafana.net/grafana-kowalski-app/1.64.0/public/plugins/grafana-kowalski-app/463.js?_cache=1ed629a5641ef9c0de99:2:264709) @ https://plugins-cdn.grafana.net/grafana-kowalski-app/1.64.0/public/plugins/grafana-kowalski-app/463.js?_cache=1ed629a5641ef9c0de99:1
[76819690ms] [ERROR] Failed to load resource: net::ERR_INTERNET_DISCONNECTED @ https://faro-collector-ops-eu-south-0.grafana-ops.net/collect/bc03dd0f2a088059ae67a23bc296a26d:0
[76819694ms] [ERROR] Failed to load resource: net::ERR_INTERNET_DISCONNECTED @ https://faro-collector-ops-eu-south-0.grafana-ops.net/collect/bc03dd0f2a088059ae67a23bc296a26d:0
[76836331ms] [ERROR] WebSocket connection to 'wss://devfedb13.grafana.net/api/live/ws' failed: Error in connection establishment: net::ERR_INTERNET_DISCONNECTED @ https://grafana-assets.grafana.net/grafana/13.2.0-30616302309/public/build/3788-react19.93988d65f50992991cc7.js:291
[76836341ms] [ERROR] Failed to load resource: net::ERR_INTERNET_DISCONNECTED @ https://devfedb13.grafana.net/api/login/ping:0
[76836355ms] [ERROR] Failed to load resource: net::ERR_INTERNET_DISCONNECTED @ https://faro-collector-ops-eu-south-0.grafana-ops.net/collect/2aaaae17b963ac219cd6e23a4850f00e:0
[76836359ms] [ERROR] Failed to load resource: net::ERR_INTERNET_DISCONNECTED @ https://faro-collector-ops-eu-south-0.grafana-ops.net/collect/2aaaae17b963ac219cd6e23a4850f00e:0
[76836360ms] [ERROR] Faro
 @grafana/faro-web-sdk:transport-fetch
 Failed sending payload to the receiver
 {meta: Object, events: Array(1)} TypeError: Failed to fetch
    at https://grafana-assets.grafana.net/grafana/13.2.0-30616302309/public/build/1849-react19.2ac26fdddffdb4cf8597.js:177:52559
    at window.fetch (https://plugins-cdn.grafana.net/grafana-kowalski-app/1.64.0/public/plugins/grafana-kowalski-app/463.js?_cache=1ed629a5641ef9c0de99:2:206687)
    at https://plugins-cdn.grafana.net/grafana-kowalski-app/1.64.0/public/plugins/grafana-kowalski-app/463.js?_cache=1ed629a5641ef9c0de99:2:336969
    at o.<computed>.o.<computed> (https://rsi.grafana.com/v1.1/js-integrations/Fullstory.min.js:1:5852)
    at Mr.<anonymous> (https://plugins-cdn.grafana.net/grafana-kowalski-app/1.64.0/public/plugins/grafana-kowalski-app/463.js?_cache=1ed629a5641ef9c0de99:2:268817)
    at Generator.throw (<anonymous>)
    at a (https://plugins-cdn.grafana.net/grafana-kowalski-app/1.64.0/public/plugins/grafana-kowalski-app/463.js?_cache=1ed629a5641ef9c0de99:2:264709) @ https://plugins-cdn.grafana.net/grafana-kowalski-app/1.64.0/public/plugins/grafana-kowalski-app/463.js?_cache=1ed629a5641ef9c0de99:1
[76837687ms] [ERROR] Failed to load resource: net::ERR_INTERNET_DISCONNECTED @ https://faro-collector-ops-eu-south-0.grafana-ops.net/collect/bc03dd0f2a088059ae67a23bc296a26d:0
[76837690ms] [ERROR] Failed to load resource: net::ERR_INTERNET_DISCONNECTED @ https://faro-collector-ops-eu-south-0.grafana-ops.net/collect/bc03dd0f2a088059ae67a23bc296a26d:0
[76850447ms] [ERROR] WebSocket connection to 'wss://devfedb13.grafana.net/api/live/ws' failed: Error in connection establishment: net::ERR_INTERNET_DISCONNECTED @ https://grafana-assets.grafana.net/grafana/13.2.0-30616302309/public/build/3788-react19.93988d65f50992991cc7.js:291
[76850456ms] [ERROR] Failed to load resource: net::ERR_INTERNET_DISCONNECTED @ https://devfedb13.grafana.net/api/login/ping:0
[76850603ms] [ERROR] Failed to load resource: net::ERR_INTERNET_DISCONNECTED @ https://faro-collector-ops-eu-south-0.grafana-ops.net/collect/2aaaae17b963ac219cd6e23a4850f00e:0
[76850605ms] [ERROR] Failed to load resource: net::ERR_INTERNET_DISCONNECTED @ https://faro-collector-ops-eu-south-0.grafana-ops.net/collect/2aaaae17b963ac219cd6e23a4850f00e:0
[76850606ms] [ERROR] Faro
 @grafana/faro-web-sdk:transport-fetch
 Failed sending payload to the receiver
 {meta: Object, events: Array(1)} TypeError: Failed to fetch
    at https://grafana-assets.grafana.net/grafana/13.2.0-30616302309/public/build/1849-react19.2ac26fdddffdb4cf8597.js:177:52559
    at window.fetch (https://plugins-cdn.grafana.net/grafana-kowalski-app/1.64.0/public/plugins/grafana-kowalski-app/463.js?_cache=1ed629a5641ef9c0de99:2:206687)
    at https://plugins-cdn.grafana.net/grafana-kowalski-app/1.64.0/public/plugins/grafana-kowalski-app/463.js?_cache=1ed629a5641ef9c0de99:2:336969
    at o.<computed>.o.<computed> (https://rsi.grafana.com/v1.1/js-integrations/Fullstory.min.js:1:5852)
    at Mr.<anonymous> (https://plugins-cdn.grafana.net/grafana-kowalski-app/1.64.0/public/plugins/grafana-kowalski-app/463.js?_cache=1ed629a5641ef9c0de99:2:268817)
    at Generator.throw (<anonymous>)
    at a (https://plugins-cdn.grafana.net/grafana-kowalski-app/1.64.0/public/plugins/grafana-kowalski-app/463.js?_cache=1ed629a5641ef9c0de99:2:264709) @ https://plugins-cdn.grafana.net/grafana-kowalski-app/1.64.0/public/plugins/grafana-kowalski-app/463.js?_cache=1ed629a5641ef9c0de99:1
[76851685ms] [ERROR] Failed to load resource: net::ERR_INTERNET_DISCONNECTED @ https://faro-collector-ops-eu-south-0.grafana-ops.net/collect/bc03dd0f2a088059ae67a23bc296a26d:0
[76851686ms] [ERROR] Failed to load resource: net::ERR_INTERNET_DISCONNECTED @ https://faro-collector-ops-eu-south-0.grafana-ops.net/collect/bc03dd0f2a088059ae67a23bc296a26d:0
[76852764ms] [ERROR] WebSocket connection to 'wss://devfedb13.grafana.net/api/live/ws' failed: Error in connection establishment: net::ERR_INTERNET_DISCONNECTED @ https://grafana-assets.grafana.net/grafana/13.2.0-30616302309/public/build/3788-react19.93988d65f50992991cc7.js:291
[76853688ms] [ERROR] Failed to load resource: net::ERR_INTERNET_DISCONNECTED @ https://faro-collector-ops-eu-south-0.grafana-ops.net/collect/bc03dd0f2a088059ae67a23bc296a26d:0
[76853692ms] [ERROR] Failed to load resource: net::ERR_INTERNET_DISCONNECTED @ https://faro-collector-ops-eu-south-0.grafana-ops.net/collect/bc03dd0f2a088059ae67a23bc296a26d:0
[76865265ms] [ERROR] WebSocket connection to 'wss://devfedb13.grafana.net/api/live/ws' failed: Error in connection establishment: net::ERR_INTERNET_DISCONNECTED @ https://grafana-assets.grafana.net/grafana/13.2.0-30616302309/public/build/3788-react19.93988d65f50992991cc7.js:291
[76865274ms] [ERROR] Failed to load resource: net::ERR_INTERNET_DISCONNECTED @ https://devfedb13.grafana.net/api/login/ping:0
[76865355ms] [ERROR] Failed to load resource: net::ERR_INTERNET_DISCONNECTED @ https://faro-collector-ops-eu-south-0.grafana-ops.net/collect/2aaaae17b963ac219cd6e23a4850f00e:0
[76865358ms] [ERROR] Failed to load resource: net::ERR_INTERNET_DISCONNECTED @ https://faro-collector-ops-eu-south-0.grafana-ops.net/collect/2aaaae17b963ac219cd6e23a4850f00e:0
[76865358ms] [ERROR] Faro
 @grafana/faro-web-sdk:transport-fetch
 Failed sending payload to the receiver
 {meta: Object, events: Array(1)} TypeError: Failed to fetch
    at https://grafana-assets.grafana.net/grafana/13.2.0-30616302309/public/build/1849-react19.2ac26fdddffdb4cf8597.js:177:52559
    at window.fetch (https://plugins-cdn.grafana.net/grafana-kowalski-app/1.64.0/public/plugins/grafana-kowalski-app/463.js?_cache=1ed629a5641ef9c0de99:2:206687)
    at https://plugins-cdn.grafana.net/grafana-kowalski-app/1.64.0/public/plugins/grafana-kowalski-app/463.js?_cache=1ed629a5641ef9c0de99:2:336969
    at o.<computed>.o.<computed> (https://rsi.grafana.com/v1.1/js-integrations/Fullstory.min.js:1:5852)
    at Mr.<anonymous> (https://plugins-cdn.grafana.net/grafana-kowalski-app/1.64.0/public/plugins/grafana-kowalski-app/463.js?_cache=1ed629a5641ef9c0de99:2:268817)
    at Generator.throw (<anonymous>)
    at a (https://plugins-cdn.grafana.net/grafana-kowalski-app/1.64.0/public/plugins/grafana-kowalski-app/463.js?_cache=1ed629a5641ef9c0de99:2:264709) @ https://plugins-cdn.grafana.net/grafana-kowalski-app/1.64.0/public/plugins/grafana-kowalski-app/463.js?_cache=1ed629a5641ef9c0de99:1
[76865685ms] [ERROR] Failed to load resource: net::ERR_INTERNET_DISCONNECTED @ https://faro-collector-ops-eu-south-0.grafana-ops.net/collect/bc03dd0f2a088059ae67a23bc296a26d:0
[76865687ms] [ERROR] Failed to load resource: net::ERR_INTERNET_DISCONNECTED @ https://faro-collector-ops-eu-south-0.grafana-ops.net/collect/bc03dd0f2a088059ae67a23bc296a26d:0
[76867688ms] [ERROR] Failed to load resource: net::ERR_INTERNET_DISCONNECTED @ https://faro-collector-ops-eu-south-0.grafana-ops.net/collect/bc03dd0f2a088059ae67a23bc296a26d:0
[76867692ms] [ERROR] Failed to load resource: net::ERR_INTERNET_DISCONNECTED @ https://faro-collector-ops-eu-south-0.grafana-ops.net/collect/bc03dd0f2a088059ae67a23bc296a26d:0
[76880390ms] [ERROR] WebSocket connection to 'wss://devfedb13.grafana.net/api/live/ws' failed: Error in connection establishment: net::ERR_INTERNET_DISCONNECTED @ https://grafana-assets.grafana.net/grafana/13.2.0-30616302309/public/build/3788-react19.93988d65f50992991cc7.js:291
[76880398ms] [ERROR] Failed to load resource: net::ERR_INTERNET_DISCONNECTED @ https://devfedb13.grafana.net/api/login/ping:0
[76880603ms] [ERROR] Failed to load resource: net::ERR_INTERNET_DISCONNECTED @ https://faro-collector-ops-eu-south-0.grafana-ops.net/collect/2aaaae17b963ac219cd6e23a4850f00e:0
[76880605ms] [ERROR] Failed to load resource: net::ERR_INTERNET_DISCONNECTED @ https://faro-collector-ops-eu-south-0.grafana-ops.net/collect/2aaaae17b963ac219cd6e23a4850f00e:0
[76880605ms] [ERROR] Faro
 @grafana/faro-web-sdk:transport-fetch
 Failed sending payload to the receiver
 {meta: Object, events: Array(1)} TypeError: Failed to fetch
    at https://grafana-assets.grafana.net/grafana/13.2.0-30616302309/public/build/1849-react19.2ac26fdddffdb4cf8597.js:177:52559
    at window.fetch (https://plugins-cdn.grafana.net/grafana-kowalski-app/1.64.0/public/plugins/grafana-kowalski-app/463.js?_cache=1ed629a5641ef9c0de99:2:206687)
    at https://plugins-cdn.grafana.net/grafana-kowalski-app/1.64.0/public/plugins/grafana-kowalski-app/463.js?_cache=1ed629a5641ef9c0de99:2:336969
    at o.<computed>.o.<computed> (https://rsi.grafana.com/v1.1/js-integrations/Fullstory.min.js:1:5852)
    at Mr.<anonymous> (https://plugins-cdn.grafana.net/grafana-kowalski-app/1.64.0/public/plugins/grafana-kowalski-app/463.js?_cache=1ed629a5641ef9c0de99:2:268817)
    at Generator.throw (<anonymous>)
    at a (https://plugins-cdn.grafana.net/grafana-kowalski-app/1.64.0/public/plugins/grafana-kowalski-app/463.js?_cache=1ed629a5641ef9c0de99:2:264709) @ https://plugins-cdn.grafana.net/grafana-kowalski-app/1.64.0/public/plugins/grafana-kowalski-app/463.js?_cache=1ed629a5641ef9c0de99:1
[76881689ms] [ERROR] Failed to load resource: net::ERR_INTERNET_DISCONNECTED @ https://faro-collector-ops-eu-south-0.grafana-ops.net/collect/bc03dd0f2a088059ae67a23bc296a26d:0
[76881694ms] [ERROR] Failed to load resource: net::ERR_INTERNET_DISCONNECTED @ https://faro-collector-ops-eu-south-0.grafana-ops.net/collect/bc03dd0f2a088059ae67a23bc296a26d:0
[76883692ms] [ERROR] Failed to load resource: net::ERR_INTERNET_DISCONNECTED @ https://faro-collector-ops-eu-south-0.grafana-ops.net/collect/bc03dd0f2a088059ae67a23bc296a26d:0
[76883696ms] [ERROR] Failed to load resource: net::ERR_INTERNET_DISCONNECTED @ https://faro-collector-ops-eu-south-0.grafana-ops.net/collect/bc03dd0f2a088059ae67a23bc296a26d:0
[76886496ms] [ERROR] WebSocket connection to 'wss://devfedb13.grafana.net/api/live/ws' failed: Error in connection establishment: net::ERR_INTERNET_DISCONNECTED @ https://grafana-assets.grafana.net/grafana/13.2.0-30616302309/public/build/3788-react19.93988d65f50992991cc7.js:291
[76886501ms] [ERROR] Failed to load resource: net::ERR_INTERNET_DISCONNECTED @ https://devfedb13.grafana.net/api/login/ping:0
[76886603ms] [ERROR] Failed to load resource: net::ERR_INTERNET_DISCONNECTED @ https://faro-collector-ops-eu-south-0.grafana-ops.net/collect/2aaaae17b963ac219cd6e23a4850f00e:0
[76886605ms] [ERROR] Failed to load resource: net::ERR_INTERNET_DISCONNECTED @ https://faro-collector-ops-eu-south-0.grafana-ops.net/collect/2aaaae17b963ac219cd6e23a4850f00e:0
[76886605ms] [ERROR] Faro
 @grafana/faro-web-sdk:transport-fetch
 Failed sending payload to the receiver
 {meta: Object, events: Array(1)} TypeError: Failed to fetch
    at https://grafana-assets.grafana.net/grafana/13.2.0-30616302309/public/build/1849-react19.2ac26fdddffdb4cf8597.js:177:52559
    at window.fetch (https://plugins-cdn.grafana.net/grafana-kowalski-app/1.64.0/public/plugins/grafana-kowalski-app/463.js?_cache=1ed629a5641ef9c0de99:2:206687)
    at https://plugins-cdn.grafana.net/grafana-kowalski-app/1.64.0/public/plugins/grafana-kowalski-app/463.js?_cache=1ed629a5641ef9c0de99:2:336969
    at o.<computed>.o.<computed> (https://rsi.grafana.com/v1.1/js-integrations/Fullstory.min.js:1:5852)
    at Mr.<anonymous> (https://plugins-cdn.grafana.net/grafana-kowalski-app/1.64.0/public/plugins/grafana-kowalski-app/463.js?_cache=1ed629a5641ef9c0de99:2:268817)
    at Generator.throw (<anonymous>)
    at a (https://plugins-cdn.grafana.net/grafana-kowalski-app/1.64.0/public/plugins/grafana-kowalski-app/463.js?_cache=1ed629a5641ef9c0de99:2:264709) @ https://plugins-cdn.grafana.net/grafana-kowalski-app/1.64.0/public/plugins/grafana-kowalski-app/463.js?_cache=1ed629a5641ef9c0de99:1
[76887690ms] [ERROR] Failed to load resource: net::ERR_INTERNET_DISCONNECTED @ https://faro-collector-ops-eu-south-0.grafana-ops.net/collect/bc03dd0f2a088059ae67a23bc296a26d:0
[76887701ms] [ERROR] Failed to load resource: net::ERR_INTERNET_DISCONNECTED @ https://faro-collector-ops-eu-south-0.grafana-ops.net/collect/bc03dd0f2a088059ae67a23bc296a26d:0
[76889690ms] [ERROR] Failed to load resource: net::ERR_INTERNET_DISCONNECTED @ https://faro-collector-ops-eu-south-0.grafana-ops.net/collect/bc03dd0f2a088059ae67a23bc296a26d:0
[76889694ms] [ERROR] Failed to load resource: net::ERR_INTERNET_DISCONNECTED @ https://faro-collector-ops-eu-south-0.grafana-ops.net/collect/bc03dd0f2a088059ae67a23bc296a26d:0
[76897555ms] [ERROR] WebSocket connection to 'wss://devfedb13.grafana.net/api/live/ws' failed: Error in connection establishment: net::ERR_INTERNET_DISCONNECTED @ https://grafana-assets.grafana.net/grafana/13.2.0-30616302309/public/build/3788-react19.93988d65f50992991cc7.js:291
[76897563ms] [ERROR] Failed to load resource: net::ERR_INTERNET_DISCONNECTED @ https://devfedb13.grafana.net/api/login/ping:0
[76897604ms] [ERROR] Failed to load resource: net::ERR_INTERNET_DISCONNECTED @ https://faro-collector-ops-eu-south-0.grafana-ops.net/collect/2aaaae17b963ac219cd6e23a4850f00e:0
[76897607ms] [ERROR] Failed to load resource: net::ERR_INTERNET_DISCONNECTED @ https://faro-collector-ops-eu-south-0.grafana-ops.net/collect/2aaaae17b963ac219cd6e23a4850f00e:0
[76897607ms] [ERROR] Faro
 @grafana/faro-web-sdk:transport-fetch
 Failed sending payload to the receiver
 {meta: Object, events: Array(1)} TypeError: Failed to fetch
    at https://grafana-assets.grafana.net/grafana/13.2.0-30616302309/public/build/1849-react19.2ac26fdddffdb4cf8597.js:177:52559
    at window.fetch (https://plugins-cdn.grafana.net/grafana-kowalski-app/1.64.0/public/plugins/grafana-kowalski-app/463.js?_cache=1ed629a5641ef9c0de99:2:206687)
    at https://plugins-cdn.grafana.net/grafana-kowalski-app/1.64.0/public/plugins/grafana-kowalski-app/463.js?_cache=1ed629a5641ef9c0de99:2:336969
    at o.<computed>.o.<computed> (https://rsi.grafana.com/v1.1/js-integrations/Fullstory.min.js:1:5852)
    at Mr.<anonymous> (https://plugins-cdn.grafana.net/grafana-kowalski-app/1.64.0/public/plugins/grafana-kowalski-app/463.js?_cache=1ed629a5641ef9c0de99:2:268817)
    at Generator.throw (<anonymous>)
    at a (https://plugins-cdn.grafana.net/grafana-kowalski-app/1.64.0/public/plugins/grafana-kowalski-app/463.js?_cache=1ed629a5641ef9c0de99:2:264709) @ https://plugins-cdn.grafana.net/grafana-kowalski-app/1.64.0/public/plugins/grafana-kowalski-app/463.js?_cache=1ed629a5641ef9c0de99:1
[76897687ms] [ERROR] Failed to load resource: net::ERR_INTERNET_DISCONNECTED @ https://faro-collector-ops-eu-south-0.grafana-ops.net/collect/bc03dd0f2a088059ae67a23bc296a26d:0
[76897690ms] [ERROR] Failed to load resource: net::ERR_INTERNET_DISCONNECTED @ https://faro-collector-ops-eu-south-0.grafana-ops.net/collect/bc03dd0f2a088059ae67a23bc296a26d:0
[76899686ms] [ERROR] Failed to load resource: net::ERR_INTERNET_DISCONNECTED @ https://faro-collector-ops-eu-south-0.grafana-ops.net/collect/bc03dd0f2a088059ae67a23bc296a26d:0
[76899688ms] [ERROR] Failed to load resource: net::ERR_INTERNET_DISCONNECTED @ https://faro-collector-ops-eu-south-0.grafana-ops.net/collect/bc03dd0f2a088059ae67a23bc296a26d:0
[76907730ms] [ERROR] WebSocket connection to 'wss://devfedb13.grafana.net/api/live/ws' failed: Error in connection establishment: net::ERR_INTERNET_DISCONNECTED @ https://grafana-assets.grafana.net/grafana/13.2.0-30616302309/public/build/3788-react19.93988d65f50992991cc7.js:291
[76907737ms] [ERROR] Failed to load resource: net::ERR_INTERNET_DISCONNECTED @ https://devfedb13.grafana.net/api/login/ping:0
[76907851ms] [ERROR] Failed to load resource: net::ERR_INTERNET_DISCONNECTED @ https://faro-collector-ops-eu-south-0.grafana-ops.net/collect/2aaaae17b963ac219cd6e23a4850f00e:0
[76907854ms] [ERROR] Failed to load resource: net::ERR_INTERNET_DISCONNECTED @ https://faro-collector-ops-eu-south-0.grafana-ops.net/collect/2aaaae17b963ac219cd6e23a4850f00e:0
[76907854ms] [ERROR] Faro
 @grafana/faro-web-sdk:transport-fetch
 Failed sending payload to the receiver
 {meta: Object, events: Array(1)} TypeError: Failed to fetch
    at https://grafana-assets.grafana.net/grafana/13.2.0-30616302309/public/build/1849-react19.2ac26fdddffdb4cf8597.js:177:52559
    at window.fetch (https://plugins-cdn.grafana.net/grafana-kowalski-app/1.64.0/public/plugins/grafana-kowalski-app/463.js?_cache=1ed629a5641ef9c0de99:2:206687)
    at https://plugins-cdn.grafana.net/grafana-kowalski-app/1.64.0/public/plugins/grafana-kowalski-app/463.js?_cache=1ed629a5641ef9c0de99:2:336969
    at o.<computed>.o.<computed> (https://rsi.grafana.com/v1.1/js-integrations/Fullstory.min.js:1:5852)
    at Mr.<anonymous> (https://plugins-cdn.grafana.net/grafana-kowalski-app/1.64.0/public/plugins/grafana-kowalski-app/463.js?_cache=1ed629a5641ef9c0de99:2:268817)
    at Generator.throw (<anonymous>)
    at a (https://plugins-cdn.grafana.net/grafana-kowalski-app/1.64.0/public/plugins/grafana-kowalski-app/463.js?_cache=1ed629a5641ef9c0de99:2:264709) @ https://plugins-cdn.grafana.net/grafana-kowalski-app/1.64.0/public/plugins/grafana-kowalski-app/463.js?_cache=1ed629a5641ef9c0de99:1
[76909689ms] [ERROR] Failed to load resource: net::ERR_INTERNET_DISCONNECTED @ https://faro-collector-ops-eu-south-0.grafana-ops.net/collect/bc03dd0f2a088059ae67a23bc296a26d:0
[76909694ms] [ERROR] Failed to load resource: net::ERR_INTERNET_DISCONNECTED @ https://faro-collector-ops-eu-south-0.grafana-ops.net/collect/bc03dd0f2a088059ae67a23bc296a26d:0
[76923619ms] [ERROR] WebSocket connection to 'wss://devfedb13.grafana.net/api/live/ws' failed: Error in connection establishment: net::ERR_INTERNET_DISCONNECTED @ https://grafana-assets.grafana.net/grafana/13.2.0-30616302309/public/build/3788-react19.93988d65f50992991cc7.js:291
[76923627ms] [ERROR] Failed to load resource: net::ERR_INTERNET_DISCONNECTED @ https://devfedb13.grafana.net/api/login/ping:0
[76923696ms] [ERROR] Failed to load resource: net::ERR_INTERNET_DISCONNECTED @ https://faro-collector-ops-eu-south-0.grafana-ops.net/collect/bc03dd0f2a088059ae67a23bc296a26d:0
[76923701ms] [ERROR] Failed to load resource: net::ERR_INTERNET_DISCONNECTED @ https://faro-collector-ops-eu-south-0.grafana-ops.net/collect/bc03dd0f2a088059ae67a23bc296a26d:0
[76923853ms] [ERROR] Failed to load resource: net::ERR_INTERNET_DISCONNECTED @ https://faro-collector-ops-eu-south-0.grafana-ops.net/collect/2aaaae17b963ac219cd6e23a4850f00e:0
[76923857ms] [ERROR] Failed to load resource: net::ERR_INTERNET_DISCONNECTED @ https://faro-collector-ops-eu-south-0.grafana-ops.net/collect/2aaaae17b963ac219cd6e23a4850f00e:0
[76923857ms] [ERROR] Faro
 @grafana/faro-web-sdk:transport-fetch
 Failed sending payload to the receiver
 {meta: Object, events: Array(1)} TypeError: Failed to fetch
    at https://grafana-assets.grafana.net/grafana/13.2.0-30616302309/public/build/1849-react19.2ac26fdddffdb4cf8597.js:177:52559
    at window.fetch (https://plugins-cdn.grafana.net/grafana-kowalski-app/1.64.0/public/plugins/grafana-kowalski-app/463.js?_cache=1ed629a5641ef9c0de99:2:206687)
    at https://plugins-cdn.grafana.net/grafana-kowalski-app/1.64.0/public/plugins/grafana-kowalski-app/463.js?_cache=1ed629a5641ef9c0de99:2:336969
    at o.<computed>.o.<computed> (https://rsi.grafana.com/v1.1/js-integrations/Fullstory.min.js:1:5852)
    at Mr.<anonymous> (https://plugins-cdn.grafana.net/grafana-kowalski-app/1.64.0/public/plugins/grafana-kowalski-app/463.js?_cache=1ed629a5641ef9c0de99:2:268817)
    at Generator.throw (<anonymous>)
    at a (https://plugins-cdn.grafana.net/grafana-kowalski-app/1.64.0/public/plugins/grafana-kowalski-app/463.js?_cache=1ed629a5641ef9c0de99:2:264709) @ https://plugins-cdn.grafana.net/grafana-kowalski-app/1.64.0/public/plugins/grafana-kowalski-app/463.js?_cache=1ed629a5641ef9c0de99:1
[76924976ms] [ERROR] WebSocket connection to 'wss://devfedb13.grafana.net/api/live/ws' failed: Error in connection establishment: net::ERR_INTERNET_DISCONNECTED @ https://grafana-assets.grafana.net/grafana/13.2.0-30616302309/public/build/3788-react19.93988d65f50992991cc7.js:291
[76925689ms] [ERROR] Failed to load resource: net::ERR_INTERNET_DISCONNECTED @ https://faro-collector-ops-eu-south-0.grafana-ops.net/collect/bc03dd0f2a088059ae67a23bc296a26d:0
[76925692ms] [ERROR] Failed to load resource: net::ERR_INTERNET_DISCONNECTED @ https://faro-collector-ops-eu-south-0.grafana-ops.net/collect/bc03dd0f2a088059ae67a23bc296a26d:0
[76941160ms] [ERROR] WebSocket connection to 'wss://devfedb13.grafana.net/api/live/ws' failed: Error in connection establishment: net::ERR_INTERNET_DISCONNECTED @ https://grafana-assets.grafana.net/grafana/13.2.0-30616302309/public/build/3788-react19.93988d65f50992991cc7.js:291
[76941175ms] [ERROR] Failed to load resource: net::ERR_INTERNET_DISCONNECTED @ https://devfedb13.grafana.net/api/login/ping:0
[76941354ms] [ERROR] Failed to load resource: net::ERR_INTERNET_DISCONNECTED @ https://faro-collector-ops-eu-south-0.grafana-ops.net/collect/2aaaae17b963ac219cd6e23a4850f00e:0
[76941356ms] [ERROR] Failed to load resource: net::ERR_INTERNET_DISCONNECTED @ https://faro-collector-ops-eu-south-0.grafana-ops.net/collect/2aaaae17b963ac219cd6e23a4850f00e:0
[76941356ms] [ERROR] Faro
 @grafana/faro-web-sdk:transport-fetch
 Failed sending payload to the receiver
 {meta: Object, events: Array(1)} TypeError: Failed to fetch
    at https://grafana-assets.grafana.net/grafana/13.2.0-30616302309/public/build/1849-react19.2ac26fdddffdb4cf8597.js:177:52559
    at window.fetch (https://plugins-cdn.grafana.net/grafana-kowalski-app/1.64.0/public/plugins/grafana-kowalski-app/463.js?_cache=1ed629a5641ef9c0de99:2:206687)
    at https://plugins-cdn.grafana.net/grafana-kowalski-app/1.64.0/public/plugins/grafana-kowalski-app/463.js?_cache=1ed629a5641ef9c0de99:2:336969
    at o.<computed>.o.<computed> (https://rsi.grafana.com/v1.1/js-integrations/Fullstory.min.js:1:5852)
    at Mr.<anonymous> (https://plugins-cdn.grafana.net/grafana-kowalski-app/1.64.0/public/plugins/grafana-kowalski-app/463.js?_cache=1ed629a5641ef9c0de99:2:268817)
    at Generator.throw (<anonymous>)
    at a (https://plugins-cdn.grafana.net/grafana-kowalski-app/1.64.0/public/plugins/grafana-kowalski-app/463.js?_cache=1ed629a5641ef9c0de99:2:264709) @ https://plugins-cdn.grafana.net/grafana-kowalski-app/1.64.0/public/plugins/grafana-kowalski-app/463.js?_cache=1ed629a5641ef9c0de99:1
[76941690ms] [ERROR] Failed to load resource: net::ERR_INTERNET_DISCONNECTED @ https://faro-collector-ops-eu-south-0.grafana-ops.net/collect/bc03dd0f2a088059ae67a23bc296a26d:0
[76941694ms] [ERROR] Failed to load resource: net::ERR_INTERNET_DISCONNECTED @ https://faro-collector-ops-eu-south-0.grafana-ops.net/collect/bc03dd0f2a088059ae67a23bc296a26d:0
[76943690ms] [ERROR] Failed to load resource: net::ERR_INTERNET_DISCONNECTED @ https://faro-collector-ops-eu-south-0.grafana-ops.net/collect/bc03dd0f2a088059ae67a23bc296a26d:0
[76943695ms] [ERROR] Failed to load resource: net::ERR_INTERNET_DISCONNECTED @ https://faro-collector-ops-eu-south-0.grafana-ops.net/collect/bc03dd0f2a088059ae67a23bc296a26d:0
[76958056ms] [ERROR] WebSocket connection to 'wss://devfedb13.grafana.net/api/live/ws' failed: Error in connection establishment: net::ERR_INTERNET_DISCONNECTED @ https://grafana-assets.grafana.net/grafana/13.2.0-30616302309/public/build/3788-react19.93988d65f50992991cc7.js:291
[76958063ms] [ERROR] Failed to load resource: net::ERR_INTERNET_DISCONNECTED @ https://devfedb13.grafana.net/api/login/ping:0
[76958103ms] [ERROR] Failed to load resource: net::ERR_INTERNET_DISCONNECTED @ https://faro-collector-ops-eu-south-0.grafana-ops.net/collect/2aaaae17b963ac219cd6e23a4850f00e:0
[76958106ms] [ERROR] Failed to load resource: net::ERR_INTERNET_DISCONNECTED @ https://faro-collector-ops-eu-south-0.grafana-ops.net/collect/2aaaae17b963ac219cd6e23a4850f00e:0
[76958106ms] [ERROR] Faro
 @grafana/faro-web-sdk:transport-fetch
 Failed sending payload to the receiver
 {meta: Object, events: Array(1)} TypeError: Failed to fetch
    at https://grafana-assets.grafana.net/grafana/13.2.0-30616302309/public/build/1849-react19.2ac26fdddffdb4cf8597.js:177:52559
    at window.fetch (https://plugins-cdn.grafana.net/grafana-kowalski-app/1.64.0/public/plugins/grafana-kowalski-app/463.js?_cache=1ed629a5641ef9c0de99:2:206687)
    at https://plugins-cdn.grafana.net/grafana-kowalski-app/1.64.0/public/plugins/grafana-kowalski-app/463.js?_cache=1ed629a5641ef9c0de99:2:336969
    at o.<computed>.o.<computed> (https://rsi.grafana.com/v1.1/js-integrations/Fullstory.min.js:1:5852)
    at Mr.<anonymous> (https://plugins-cdn.grafana.net/grafana-kowalski-app/1.64.0/public/plugins/grafana-kowalski-app/463.js?_cache=1ed629a5641ef9c0de99:2:268817)
    at Generator.throw (<anonymous>)
    at a (https://plugins-cdn.grafana.net/grafana-kowalski-app/1.64.0/public/plugins/grafana-kowalski-app/463.js?_cache=1ed629a5641ef9c0de99:2:264709) @ https://plugins-cdn.grafana.net/grafana-kowalski-app/1.64.0/public/plugins/grafana-kowalski-app/463.js?_cache=1ed629a5641ef9c0de99:1
[76959686ms] [ERROR] Failed to load resource: net::ERR_INTERNET_DISCONNECTED @ https://faro-collector-ops-eu-south-0.grafana-ops.net/collect/bc03dd0f2a088059ae67a23bc296a26d:0
[76959688ms] [ERROR] Failed to load resource: net::ERR_INTERNET_DISCONNECTED @ https://faro-collector-ops-eu-south-0.grafana-ops.net/collect/bc03dd0f2a088059ae67a23bc296a26d:0
[76965700ms] [ERROR] WebSocket connection to 'wss://devfedb13.grafana.net/api/live/ws' failed: Error in connection establishment: net::ERR_INTERNET_DISCONNECTED @ https://grafana-assets.grafana.net/grafana/13.2.0-30616302309/public/build/3788-react19.93988d65f50992991cc7.js:291
[76965704ms] [ERROR] Failed to load resource: net::ERR_INTERNET_DISCONNECTED @ https://devfedb13.grafana.net/api/login/ping:0
[76965852ms] [ERROR] Failed to load resource: net::ERR_INTERNET_DISCONNECTED @ https://faro-collector-ops-eu-south-0.grafana-ops.net/collect/2aaaae17b963ac219cd6e23a4850f00e:0
[76965854ms] [ERROR] Failed to load resource: net::ERR_INTERNET_DISCONNECTED @ https://faro-collector-ops-eu-south-0.grafana-ops.net/collect/2aaaae17b963ac219cd6e23a4850f00e:0
[76965854ms] [ERROR] Faro
 @grafana/faro-web-sdk:transport-fetch
 Failed sending payload to the receiver
 {meta: Object, events: Array(1)} TypeError: Failed to fetch
    at https://grafana-assets.grafana.net/grafana/13.2.0-30616302309/public/build/1849-react19.2ac26fdddffdb4cf8597.js:177:52559
    at window.fetch (https://plugins-cdn.grafana.net/grafana-kowalski-app/1.64.0/public/plugins/grafana-kowalski-app/463.js?_cache=1ed629a5641ef9c0de99:2:206687)
    at https://plugins-cdn.grafana.net/grafana-kowalski-app/1.64.0/public/plugins/grafana-kowalski-app/463.js?_cache=1ed629a5641ef9c0de99:2:336969
    at o.<computed>.o.<computed> (https://rsi.grafana.com/v1.1/js-integrations/Fullstory.min.js:1:5852)
    at Mr.<anonymous> (https://plugins-cdn.grafana.net/grafana-kowalski-app/1.64.0/public/plugins/grafana-kowalski-app/463.js?_cache=1ed629a5641ef9c0de99:2:268817)
    at Generator.throw (<anonymous>)
    at a (https://plugins-cdn.grafana.net/grafana-kowalski-app/1.64.0/public/plugins/grafana-kowalski-app/463.js?_cache=1ed629a5641ef9c0de99:2:264709) @ https://plugins-cdn.grafana.net/grafana-kowalski-app/1.64.0/public/plugins/grafana-kowalski-app/463.js?_cache=1ed629a5641ef9c0de99:1
[76967690ms] [ERROR] Failed to load resource: net::ERR_INTERNET_DISCONNECTED @ https://faro-collector-ops-eu-south-0.grafana-ops.net/collect/bc03dd0f2a088059ae67a23bc296a26d:0
[76967695ms] [ERROR] Failed to load resource: net::ERR_INTERNET_DISCONNECTED @ https://faro-collector-ops-eu-south-0.grafana-ops.net/collect/bc03dd0f2a088059ae67a23bc296a26d:0
[76982969ms] [ERROR] WebSocket connection to 'wss://devfedb13.grafana.net/api/live/ws' failed: Error in connection establishment: net::ERR_INTERNET_DISCONNECTED @ https://grafana-assets.grafana.net/grafana/13.2.0-30616302309/public/build/3788-react19.93988d65f50992991cc7.js:291
[76982977ms] [ERROR] Failed to load resource: net::ERR_INTERNET_DISCONNECTED @ https://devfedb13.grafana.net/api/login/ping:0
[76983104ms] [ERROR] Failed to load resource: net::ERR_INTERNET_DISCONNECTED @ https://faro-collector-ops-eu-south-0.grafana-ops.net/collect/2aaaae17b963ac219cd6e23a4850f00e:0
[76983107ms] [ERROR] Failed to load resource: net::ERR_INTERNET_DISCONNECTED @ https://faro-collector-ops-eu-south-0.grafana-ops.net/collect/2aaaae17b963ac219cd6e23a4850f00e:0
[76983108ms] [ERROR] Faro
 @grafana/faro-web-sdk:transport-fetch
 Failed sending payload to the receiver
 {meta: Object, events: Array(1)} TypeError: Failed to fetch
    at https://grafana-assets.grafana.net/grafana/13.2.0-30616302309/public/build/1849-react19.2ac26fdddffdb4cf8597.js:177:52559
    at window.fetch (https://plugins-cdn.grafana.net/grafana-kowalski-app/1.64.0/public/plugins/grafana-kowalski-app/463.js?_cache=1ed629a5641ef9c0de99:2:206687)
    at https://plugins-cdn.grafana.net/grafana-kowalski-app/1.64.0/public/plugins/grafana-kowalski-app/463.js?_cache=1ed629a5641ef9c0de99:2:336969
    at o.<computed>.o.<computed> (https://rsi.grafana.com/v1.1/js-integrations/Fullstory.min.js:1:5852)
    at Mr.<anonymous> (https://plugins-cdn.grafana.net/grafana-kowalski-app/1.64.0/public/plugins/grafana-kowalski-app/463.js?_cache=1ed629a5641ef9c0de99:2:268817)
    at Generator.throw (<anonymous>)
    at a (https://plugins-cdn.grafana.net/grafana-kowalski-app/1.64.0/public/plugins/grafana-kowalski-app/463.js?_cache=1ed629a5641ef9c0de99:2:264709) @ https://plugins-cdn.grafana.net/grafana-kowalski-app/1.64.0/public/plugins/grafana-kowalski-app/463.js?_cache=1ed629a5641ef9c0de99:1
[76983688ms] [ERROR] Failed to load resource: net::ERR_INTERNET_DISCONNECTED @ https://faro-collector-ops-eu-south-0.grafana-ops.net/collect/bc03dd0f2a088059ae67a23bc296a26d:0
[76983693ms] [ERROR] Failed to load resource: net::ERR_INTERNET_DISCONNECTED @ https://faro-collector-ops-eu-south-0.grafana-ops.net/collect/bc03dd0f2a088059ae67a23bc296a26d:0
[76985687ms] [ERROR] Failed to load resource: net::ERR_INTERNET_DISCONNECTED @ https://faro-collector-ops-eu-south-0.grafana-ops.net/collect/bc03dd0f2a088059ae67a23bc296a26d:0
[76985691ms] [ERROR] Failed to load resource: net::ERR_INTERNET_DISCONNECTED @ https://faro-collector-ops-eu-south-0.grafana-ops.net/collect/bc03dd0f2a088059ae67a23bc296a26d:0
[76993551ms] [ERROR] WebSocket connection to 'wss://devfedb13.grafana.net/api/live/ws' failed: Error in connection establishment: net::ERR_INTERNET_DISCONNECTED @ https://grafana-assets.grafana.net/grafana/13.2.0-30616302309/public/build/3788-react19.93988d65f50992991cc7.js:291
[76993558ms] [ERROR] Failed to load resource: net::ERR_INTERNET_DISCONNECTED @ https://devfedb13.grafana.net/api/login/ping:0
[76993605ms] [ERROR] Failed to load resource: net::ERR_INTERNET_DISCONNECTED @ https://faro-collector-ops-eu-south-0.grafana-ops.net/collect/2aaaae17b963ac219cd6e23a4850f00e:0
[76993608ms] [ERROR] Failed to load resource: net::ERR_INTERNET_DISCONNECTED @ https://faro-collector-ops-eu-south-0.grafana-ops.net/collect/2aaaae17b963ac219cd6e23a4850f00e:0
[76993609ms] [ERROR] Faro
 @grafana/faro-web-sdk:transport-fetch
 Failed sending payload to the receiver
 {meta: Object, events: Array(1)} TypeError: Failed to fetch
    at https://grafana-assets.grafana.net/grafana/13.2.0-30616302309/public/build/1849-react19.2ac26fdddffdb4cf8597.js:177:52559
    at window.fetch (https://plugins-cdn.grafana.net/grafana-kowalski-app/1.64.0/public/plugins/grafana-kowalski-app/463.js?_cache=1ed629a5641ef9c0de99:2:206687)
    at https://plugins-cdn.grafana.net/grafana-kowalski-app/1.64.0/public/plugins/grafana-kowalski-app/463.js?_cache=1ed629a5641ef9c0de99:2:336969
    at o.<computed>.o.<computed> (https://rsi.grafana.com/v1.1/js-integrations/Fullstory.min.js:1:5852)
    at Mr.<anonymous> (https://plugins-cdn.grafana.net/grafana-kowalski-app/1.64.0/public/plugins/grafana-kowalski-app/463.js?_cache=1ed629a5641ef9c0de99:2:268817)
    at Generator.throw (<anonymous>)
    at a (https://plugins-cdn.grafana.net/grafana-kowalski-app/1.64.0/public/plugins/grafana-kowalski-app/463.js?_cache=1ed629a5641ef9c0de99:2:264709) @ https://plugins-cdn.grafana.net/grafana-kowalski-app/1.64.0/public/plugins/grafana-kowalski-app/463.js?_cache=1ed629a5641ef9c0de99:1
[76993685ms] [ERROR] Failed to load resource: net::ERR_INTERNET_DISCONNECTED @ https://faro-collector-ops-eu-south-0.grafana-ops.net/collect/bc03dd0f2a088059ae67a23bc296a26d:0
[76993686ms] [ERROR] Failed to load resource: net::ERR_INTERNET_DISCONNECTED @ https://faro-collector-ops-eu-south-0.grafana-ops.net/collect/bc03dd0f2a088059ae67a23bc296a26d:0
[76995697ms] [ERROR] Failed to load resource: net::ERR_INTERNET_DISCONNECTED @ https://faro-collector-ops-eu-south-0.grafana-ops.net/collect/bc03dd0f2a088059ae67a23bc296a26d:0
[76995702ms] [ERROR] Failed to load resource: net::ERR_INTERNET_DISCONNECTED @ https://faro-collector-ops-eu-south-0.grafana-ops.net/collect/bc03dd0f2a088059ae67a23bc296a26d:0
[77011822ms] [ERROR] WebSocket connection to 'wss://devfedb13.grafana.net/api/live/ws' failed: Error in connection establishment: net::ERR_INTERNET_DISCONNECTED @ https://grafana-assets.grafana.net/grafana/13.2.0-30616302309/public/build/3788-react19.93988d65f50992991cc7.js:291
[77011831ms] [ERROR] Failed to load resource: net::ERR_INTERNET_DISCONNECTED @ https://devfedb13.grafana.net/api/login/ping:0
[77011855ms] [ERROR] Failed to load resource: net::ERR_INTERNET_DISCONNECTED @ https://faro-collector-ops-eu-south-0.grafana-ops.net/collect/2aaaae17b963ac219cd6e23a4850f00e:0
[77011859ms] [ERROR] Failed to load resource: net::ERR_INTERNET_DISCONNECTED @ https://faro-collector-ops-eu-south-0.grafana-ops.net/collect/2aaaae17b963ac219cd6e23a4850f00e:0
[77011859ms] [ERROR] Faro
 @grafana/faro-web-sdk:transport-fetch
 Failed sending payload to the receiver
 {meta: Object, events: Array(1)} TypeError: Failed to fetch
    at https://grafana-assets.grafana.net/grafana/13.2.0-30616302309/public/build/1849-react19.2ac26fdddffdb4cf8597.js:177:52559
    at window.fetch (https://plugins-cdn.grafana.net/grafana-kowalski-app/1.64.0/public/plugins/grafana-kowalski-app/463.js?_cache=1ed629a5641ef9c0de99:2:206687)
    at https://plugins-cdn.grafana.net/grafana-kowalski-app/1.64.0/public/plugins/grafana-kowalski-app/463.js?_cache=1ed629a5641ef9c0de99:2:336969
    at o.<computed>.o.<computed> (https://rsi.grafana.com/v1.1/js-integrations/Fullstory.min.js:1:5852)
    at Mr.<anonymous> (https://plugins-cdn.grafana.net/grafana-kowalski-app/1.64.0/public/plugins/grafana-kowalski-app/463.js?_cache=1ed629a5641ef9c0de99:2:268817)
    at Generator.throw (<anonymous>)
    at a (https://plugins-cdn.grafana.net/grafana-kowalski-app/1.64.0/public/plugins/grafana-kowalski-app/463.js?_cache=1ed629a5641ef9c0de99:2:264709) @ https://plugins-cdn.grafana.net/grafana-kowalski-app/1.64.0/public/plugins/grafana-kowalski-app/463.js?_cache=1ed629a5641ef9c0de99:1
[77013685ms] [ERROR] Failed to load resource: net::ERR_INTERNET_DISCONNECTED @ https://faro-collector-ops-eu-south-0.grafana-ops.net/collect/bc03dd0f2a088059ae67a23bc296a26d:0
[77013687ms] [ERROR] Failed to load resource: net::ERR_INTERNET_DISCONNECTED @ https://faro-collector-ops-eu-south-0.grafana-ops.net/collect/bc03dd0f2a088059ae67a23bc296a26d:0
[77015148ms] [ERROR] WebSocket connection to 'wss://devfedb13.grafana.net/api/live/ws' failed: Error in connection establishment: net::ERR_INTERNET_DISCONNECTED @ https://grafana-assets.grafana.net/grafana/13.2.0-30616302309/public/build/3788-react19.93988d65f50992991cc7.js:291
[77030319ms] [ERROR] WebSocket connection to 'wss://devfedb13.grafana.net/api/live/ws' failed: Error in connection establishment: net::ERR_INTERNET_DISCONNECTED @ https://grafana-assets.grafana.net/grafana/13.2.0-30616302309/public/build/3788-react19.93988d65f50992991cc7.js:291
[77030322ms] [ERROR] Failed to load resource: net::ERR_INTERNET_DISCONNECTED @ https://devfedb13.grafana.net/api/login/ping:0
[77030351ms] [ERROR] Failed to load resource: net::ERR_INTERNET_DISCONNECTED @ https://faro-collector-ops-eu-south-0.grafana-ops.net/collect/2aaaae17b963ac219cd6e23a4850f00e:0
[77030353ms] [ERROR] Failed to load resource: net::ERR_INTERNET_DISCONNECTED @ https://faro-collector-ops-eu-south-0.grafana-ops.net/collect/2aaaae17b963ac219cd6e23a4850f00e:0
[77030353ms] [ERROR] Faro
 @grafana/faro-web-sdk:transport-fetch
 Failed sending payload to the receiver
 {meta: Object, events: Array(1)} TypeError: Failed to fetch
    at https://grafana-assets.grafana.net/grafana/13.2.0-30616302309/public/build/1849-react19.2ac26fdddffdb4cf8597.js:177:52559
    at window.fetch (https://plugins-cdn.grafana.net/grafana-kowalski-app/1.64.0/public/plugins/grafana-kowalski-app/463.js?_cache=1ed629a5641ef9c0de99:2:206687)
    at https://plugins-cdn.grafana.net/grafana-kowalski-app/1.64.0/public/plugins/grafana-kowalski-app/463.js?_cache=1ed629a5641ef9c0de99:2:336969
    at o.<computed>.o.<computed> (https://rsi.grafana.com/v1.1/js-integrations/Fullstory.min.js:1:5852)
    at Mr.<anonymous> (https://plugins-cdn.grafana.net/grafana-kowalski-app/1.64.0/public/plugins/grafana-kowalski-app/463.js?_cache=1ed629a5641ef9c0de99:2:268817)
    at Generator.throw (<anonymous>)
    at a (https://plugins-cdn.grafana.net/grafana-kowalski-app/1.64.0/public/plugins/grafana-kowalski-app/463.js?_cache=1ed629a5641ef9c0de99:2:264709) @ https://plugins-cdn.grafana.net/grafana-kowalski-app/1.64.0/public/plugins/grafana-kowalski-app/463.js?_cache=1ed629a5641ef9c0de99:1
[77031690ms] [ERROR] Failed to load resource: net::ERR_INTERNET_DISCONNECTED @ https://faro-collector-ops-eu-south-0.grafana-ops.net/collect/bc03dd0f2a088059ae67a23bc296a26d:0
[77031694ms] [ERROR] Failed to load resource: net::ERR_INTERNET_DISCONNECTED @ https://faro-collector-ops-eu-south-0.grafana-ops.net/collect/bc03dd0f2a088059ae67a23bc296a26d:0
[77034728ms] [ERROR] WebSocket connection to 'wss://devfedb13.grafana.net/api/live/ws' failed: Error in connection establishment: net::ERR_INTERNET_DISCONNECTED @ https://grafana-assets.grafana.net/grafana/13.2.0-30616302309/public/build/3788-react19.93988d65f50992991cc7.js:291
[77050330ms] [ERROR] WebSocket connection to 'wss://devfedb13.grafana.net/api/live/ws' failed: Error in connection establishment: net::ERR_INTERNET_DISCONNECTED @ https://grafana-assets.grafana.net/grafana/13.2.0-30616302309/public/build/3788-react19.93988d65f50992991cc7.js:291
[77050333ms] [ERROR] Failed to load resource: net::ERR_INTERNET_DISCONNECTED @ https://devfedb13.grafana.net/api/login/ping:0
[77050350ms] [ERROR] Failed to load resource: net::ERR_INTERNET_DISCONNECTED @ https://faro-collector-ops-eu-south-0.grafana-ops.net/collect/2aaaae17b963ac219cd6e23a4850f00e:0
[77050352ms] [ERROR] Failed to load resource: net::ERR_INTERNET_DISCONNECTED @ https://faro-collector-ops-eu-south-0.grafana-ops.net/collect/2aaaae17b963ac219cd6e23a4850f00e:0
[77050352ms] [ERROR] Faro
 @grafana/faro-web-sdk:transport-fetch
 Failed sending payload to the receiver
 {meta: Object, events: Array(1)} TypeError: Failed to fetch
    at https://grafana-assets.grafana.net/grafana/13.2.0-30616302309/public/build/1849-react19.2ac26fdddffdb4cf8597.js:177:52559
    at window.fetch (https://plugins-cdn.grafana.net/grafana-kowalski-app/1.64.0/public/plugins/grafana-kowalski-app/463.js?_cache=1ed629a5641ef9c0de99:2:206687)
    at https://plugins-cdn.grafana.net/grafana-kowalski-app/1.64.0/public/plugins/grafana-kowalski-app/463.js?_cache=1ed629a5641ef9c0de99:2:336969
    at o.<computed>.o.<computed> (https://rsi.grafana.com/v1.1/js-integrations/Fullstory.min.js:1:5852)
    at Mr.<anonymous> (https://plugins-cdn.grafana.net/grafana-kowalski-app/1.64.0/public/plugins/grafana-kowalski-app/463.js?_cache=1ed629a5641ef9c0de99:2:268817)
    at Generator.throw (<anonymous>)
    at a (https://plugins-cdn.grafana.net/grafana-kowalski-app/1.64.0/public/plugins/grafana-kowalski-app/463.js?_cache=1ed629a5641ef9c0de99:2:264709) @ https://plugins-cdn.grafana.net/grafana-kowalski-app/1.64.0/public/plugins/grafana-kowalski-app/463.js?_cache=1ed629a5641ef9c0de99:1
[77051690ms] [ERROR] Failed to load resource: net::ERR_INTERNET_DISCONNECTED @ https://faro-collector-ops-eu-south-0.grafana-ops.net/collect/bc03dd0f2a088059ae67a23bc296a26d:0
[77051695ms] [ERROR] Failed to load resource: net::ERR_INTERNET_DISCONNECTED @ https://faro-collector-ops-eu-south-0.grafana-ops.net/collect/bc03dd0f2a088059ae67a23bc296a26d:0
[77070175ms] [ERROR] WebSocket connection to 'wss://devfedb13.grafana.net/api/live/ws' failed: Error in connection establishment: net::ERR_INTERNET_DISCONNECTED @ https://grafana-assets.grafana.net/grafana/13.2.0-30616302309/public/build/3788-react19.93988d65f50992991cc7.js:291
[77070189ms] [ERROR] Failed to load resource: net::ERR_INTERNET_DISCONNECTED @ https://devfedb13.grafana.net/api/login/ping:0
[77070353ms] [ERROR] Failed to load resource: net::ERR_INTERNET_DISCONNECTED @ https://faro-collector-ops-eu-south-0.grafana-ops.net/collect/2aaaae17b963ac219cd6e23a4850f00e:0
[77070355ms] [ERROR] Failed to load resource: net::ERR_INTERNET_DISCONNECTED @ https://faro-collector-ops-eu-south-0.grafana-ops.net/collect/2aaaae17b963ac219cd6e23a4850f00e:0
[77070355ms] [ERROR] Faro
 @grafana/faro-web-sdk:transport-fetch
 Failed sending payload to the receiver
 {meta: Object, events: Array(1)} TypeError: Failed to fetch
    at https://grafana-assets.grafana.net/grafana/13.2.0-30616302309/public/build/1849-react19.2ac26fdddffdb4cf8597.js:177:52559
    at window.fetch (https://plugins-cdn.grafana.net/grafana-kowalski-app/1.64.0/public/plugins/grafana-kowalski-app/463.js?_cache=1ed629a5641ef9c0de99:2:206687)
    at https://plugins-cdn.grafana.net/grafana-kowalski-app/1.64.0/public/plugins/grafana-kowalski-app/463.js?_cache=1ed629a5641ef9c0de99:2:336969
    at o.<computed>.o.<computed> (https://rsi.grafana.com/v1.1/js-integrations/Fullstory.min.js:1:5852)
    at Mr.<anonymous> (https://plugins-cdn.grafana.net/grafana-kowalski-app/1.64.0/public/plugins/grafana-kowalski-app/463.js?_cache=1ed629a5641ef9c0de99:2:268817)
    at Generator.throw (<anonymous>)
    at a (https://plugins-cdn.grafana.net/grafana-kowalski-app/1.64.0/public/plugins/grafana-kowalski-app/463.js?_cache=1ed629a5641ef9c0de99:2:264709) @ https://plugins-cdn.grafana.net/grafana-kowalski-app/1.64.0/public/plugins/grafana-kowalski-app/463.js?_cache=1ed629a5641ef9c0de99:1
[77071700ms] [ERROR] Failed to load resource: net::ERR_INTERNET_DISCONNECTED @ https://faro-collector-ops-eu-south-0.grafana-ops.net/collect/bc03dd0f2a088059ae67a23bc296a26d:0
[77071704ms] [ERROR] Failed to load resource: net::ERR_INTERNET_DISCONNECTED @ https://faro-collector-ops-eu-south-0.grafana-ops.net/collect/bc03dd0f2a088059ae67a23bc296a26d:0
[77072392ms] [ERROR] WebSocket connection to 'wss://devfedb13.grafana.net/api/live/ws' failed: Error in connection establishment: net::ERR_INTERNET_DISCONNECTED @ https://grafana-assets.grafana.net/grafana/13.2.0-30616302309/public/build/3788-react19.93988d65f50992991cc7.js:291
[77091501ms] [ERROR] WebSocket connection to 'wss://devfedb13.grafana.net/api/live/ws' failed: Error in connection establishment: net::ERR_INTERNET_DISCONNECTED @ https://grafana-assets.grafana.net/grafana/13.2.0-30616302309/public/build/3788-react19.93988d65f50992991cc7.js:291
[77091506ms] [ERROR] Failed to load resource: net::ERR_INTERNET_DISCONNECTED @ https://devfedb13.grafana.net/api/login/ping:0
[77091603ms] [ERROR] Failed to load resource: net::ERR_INTERNET_DISCONNECTED @ https://faro-collector-ops-eu-south-0.grafana-ops.net/collect/2aaaae17b963ac219cd6e23a4850f00e:0
[77091607ms] [ERROR] Failed to load resource: net::ERR_INTERNET_DISCONNECTED @ https://faro-collector-ops-eu-south-0.grafana-ops.net/collect/2aaaae17b963ac219cd6e23a4850f00e:0
[77091607ms] [ERROR] Faro
 @grafana/faro-web-sdk:transport-fetch
 Failed sending payload to the receiver
 {meta: Object, events: Array(1)} TypeError: Failed to fetch
    at https://grafana-assets.grafana.net/grafana/13.2.0-30616302309/public/build/1849-react19.2ac26fdddffdb4cf8597.js:177:52559
    at window.fetch (https://plugins-cdn.grafana.net/grafana-kowalski-app/1.64.0/public/plugins/grafana-kowalski-app/463.js?_cache=1ed629a5641ef9c0de99:2:206687)
    at https://plugins-cdn.grafana.net/grafana-kowalski-app/1.64.0/public/plugins/grafana-kowalski-app/463.js?_cache=1ed629a5641ef9c0de99:2:336969
    at o.<computed>.o.<computed> (https://rsi.grafana.com/v1.1/js-integrations/Fullstory.min.js:1:5852)
    at Mr.<anonymous> (https://plugins-cdn.grafana.net/grafana-kowalski-app/1.64.0/public/plugins/grafana-kowalski-app/463.js?_cache=1ed629a5641ef9c0de99:2:268817)
    at Generator.throw (<anonymous>)
    at a (https://plugins-cdn.grafana.net/grafana-kowalski-app/1.64.0/public/plugins/grafana-kowalski-app/463.js?_cache=1ed629a5641ef9c0de99:2:264709) @ https://plugins-cdn.grafana.net/grafana-kowalski-app/1.64.0/public/plugins/grafana-kowalski-app/463.js?_cache=1ed629a5641ef9c0de99:1
[77091687ms] [ERROR] Failed to load resource: net::ERR_INTERNET_DISCONNECTED @ https://faro-collector-ops-eu-south-0.grafana-ops.net/collect/bc03dd0f2a088059ae67a23bc296a26d:0
[77091691ms] [ERROR] Failed to load resource: net::ERR_INTERNET_DISCONNECTED @ https://faro-collector-ops-eu-south-0.grafana-ops.net/collect/bc03dd0f2a088059ae67a23bc296a26d:0
[77093691ms] [ERROR] Failed to load resource: net::ERR_INTERNET_DISCONNECTED @ https://faro-collector-ops-eu-south-0.grafana-ops.net/collect/bc03dd0f2a088059ae67a23bc296a26d:0
[77093695ms] [ERROR] Failed to load resource: net::ERR_INTERNET_DISCONNECTED @ https://faro-collector-ops-eu-south-0.grafana-ops.net/collect/bc03dd0f2a088059ae67a23bc296a26d:0
[77099192ms] [ERROR] WebSocket connection to 'wss://devfedb13.grafana.net/api/live/ws' failed: Error in connection establishment: net::ERR_INTERNET_DISCONNECTED @ https://grafana-assets.grafana.net/grafana/13.2.0-30616302309/public/build/3788-react19.93988d65f50992991cc7.js:291
[77099194ms] [ERROR] Failed to load resource: net::ERR_INTERNET_DISCONNECTED @ https://devfedb13.grafana.net/api/login/ping:0
[77099354ms] [ERROR] Failed to load resource: net::ERR_INTERNET_DISCONNECTED @ https://faro-collector-ops-eu-south-0.grafana-ops.net/collect/2aaaae17b963ac219cd6e23a4850f00e:0
[77099358ms] [ERROR] Failed to load resource: net::ERR_INTERNET_DISCONNECTED @ https://faro-collector-ops-eu-south-0.grafana-ops.net/collect/2aaaae17b963ac219cd6e23a4850f00e:0
[77099358ms] [ERROR] Faro
 @grafana/faro-web-sdk:transport-fetch
 Failed sending payload to the receiver
 {meta: Object, events: Array(1)} TypeError: Failed to fetch
    at https://grafana-assets.grafana.net/grafana/13.2.0-30616302309/public/build/1849-react19.2ac26fdddffdb4cf8597.js:177:52559
    at window.fetch (https://plugins-cdn.grafana.net/grafana-kowalski-app/1.64.0/public/plugins/grafana-kowalski-app/463.js?_cache=1ed629a5641ef9c0de99:2:206687)
    at https://plugins-cdn.grafana.net/grafana-kowalski-app/1.64.0/public/plugins/grafana-kowalski-app/463.js?_cache=1ed629a5641ef9c0de99:2:336969
    at o.<computed>.o.<computed> (https://rsi.grafana.com/v1.1/js-integrations/Fullstory.min.js:1:5852)
    at Mr.<anonymous> (https://plugins-cdn.grafana.net/grafana-kowalski-app/1.64.0/public/plugins/grafana-kowalski-app/463.js?_cache=1ed629a5641ef9c0de99:2:268817)
    at Generator.throw (<anonymous>)
    at a (https://plugins-cdn.grafana.net/grafana-kowalski-app/1.64.0/public/plugins/grafana-kowalski-app/463.js?_cache=1ed629a5641ef9c0de99:2:264709) @ https://plugins-cdn.grafana.net/grafana-kowalski-app/1.64.0/public/plugins/grafana-kowalski-app/463.js?_cache=1ed629a5641ef9c0de99:1
[77099689ms] [ERROR] Failed to load resource: net::ERR_INTERNET_DISCONNECTED @ https://faro-collector-ops-eu-south-0.grafana-ops.net/collect/bc03dd0f2a088059ae67a23bc296a26d:0
[77099694ms] [ERROR] Failed to load resource: net::ERR_INTERNET_DISCONNECTED @ https://faro-collector-ops-eu-south-0.grafana-ops.net/collect/bc03dd0f2a088059ae67a23bc296a26d:0
[77101515ms] [ERROR] WebSocket connection to 'wss://devfedb13.grafana.net/api/live/ws' failed: Error in connection establishment: net::ERR_INTERNET_DISCONNECTED @ https://grafana-assets.grafana.net/grafana/13.2.0-30616302309/public/build/3788-react19.93988d65f50992991cc7.js:291
[77101690ms] [ERROR] Failed to load resource: net::ERR_INTERNET_DISCONNECTED @ https://faro-collector-ops-eu-south-0.grafana-ops.net/collect/bc03dd0f2a088059ae67a23bc296a26d:0
[77101695ms] [ERROR] Failed to load resource: net::ERR_INTERNET_DISCONNECTED @ https://faro-collector-ops-eu-south-0.grafana-ops.net/collect/bc03dd0f2a088059ae67a23bc296a26d:0
[77117604ms] [ERROR] WebSocket connection to 'wss://devfedb13.grafana.net/api/live/ws' failed: Error in connection establishment: net::ERR_INTERNET_DISCONNECTED @ https://grafana-assets.grafana.net/grafana/13.2.0-30616302309/public/build/3788-react19.93988d65f50992991cc7.js:291
[77117612ms] [ERROR] Failed to load resource: net::ERR_INTERNET_DISCONNECTED @ https://devfedb13.grafana.net/api/login/ping:0
[77117706ms] [ERROR] Failed to load resource: net::ERR_INTERNET_DISCONNECTED @ https://faro-collector-ops-eu-south-0.grafana-ops.net/collect/bc03dd0f2a088059ae67a23bc296a26d:0
[77117717ms] [ERROR] Failed to load resource: net::ERR_INTERNET_DISCONNECTED @ https://faro-collector-ops-eu-south-0.grafana-ops.net/collect/bc03dd0f2a088059ae67a23bc296a26d:0
[77117854ms] [ERROR] Failed to load resource: net::ERR_INTERNET_DISCONNECTED @ https://faro-collector-ops-eu-south-0.grafana-ops.net/collect/2aaaae17b963ac219cd6e23a4850f00e:0
[77117859ms] [ERROR] Failed to load resource: net::ERR_INTERNET_DISCONNECTED @ https://faro-collector-ops-eu-south-0.grafana-ops.net/collect/2aaaae17b963ac219cd6e23a4850f00e:0
[77117859ms] [ERROR] Faro
 @grafana/faro-web-sdk:transport-fetch
 Failed sending payload to the receiver
 {meta: Object, events: Array(1)} TypeError: Failed to fetch
    at https://grafana-assets.grafana.net/grafana/13.2.0-30616302309/public/build/1849-react19.2ac26fdddffdb4cf8597.js:177:52559
    at window.fetch (https://plugins-cdn.grafana.net/grafana-kowalski-app/1.64.0/public/plugins/grafana-kowalski-app/463.js?_cache=1ed629a5641ef9c0de99:2:206687)
    at https://plugins-cdn.grafana.net/grafana-kowalski-app/1.64.0/public/plugins/grafana-kowalski-app/463.js?_cache=1ed629a5641ef9c0de99:2:336969
    at o.<computed>.o.<computed> (https://rsi.grafana.com/v1.1/js-integrations/Fullstory.min.js:1:5852)
    at Mr.<anonymous> (https://plugins-cdn.grafana.net/grafana-kowalski-app/1.64.0/public/plugins/grafana-kowalski-app/463.js?_cache=1ed629a5641ef9c0de99:2:268817)
    at Generator.throw (<anonymous>)
    at a (https://plugins-cdn.grafana.net/grafana-kowalski-app/1.64.0/public/plugins/grafana-kowalski-app/463.js?_cache=1ed629a5641ef9c0de99:2:264709) @ https://plugins-cdn.grafana.net/grafana-kowalski-app/1.64.0/public/plugins/grafana-kowalski-app/463.js?_cache=1ed629a5641ef9c0de99:1
[77119691ms] [ERROR] Failed to load resource: net::ERR_INTERNET_DISCONNECTED @ https://faro-collector-ops-eu-south-0.grafana-ops.net/collect/bc03dd0f2a088059ae67a23bc296a26d:0
[77119696ms] [ERROR] Failed to load resource: net::ERR_INTERNET_DISCONNECTED @ https://faro-collector-ops-eu-south-0.grafana-ops.net/collect/bc03dd0f2a088059ae67a23bc296a26d:0
[77135451ms] [ERROR] WebSocket connection to 'wss://devfedb13.grafana.net/api/live/ws' failed: Error in connection establishment: net::ERR_INTERNET_DISCONNECTED @ https://grafana-assets.grafana.net/grafana/13.2.0-30616302309/public/build/3788-react19.93988d65f50992991cc7.js:291
[77135464ms] [ERROR] Failed to load resource: net::ERR_INTERNET_DISCONNECTED @ https://devfedb13.grafana.net/api/login/ping:0
[77135605ms] [ERROR] Failed to load resource: net::ERR_INTERNET_DISCONNECTED @ https://faro-collector-ops-eu-south-0.grafana-ops.net/collect/2aaaae17b963ac219cd6e23a4850f00e:0
[77135607ms] [ERROR] Failed to load resource: net::ERR_INTERNET_DISCONNECTED @ https://faro-collector-ops-eu-south-0.grafana-ops.net/collect/2aaaae17b963ac219cd6e23a4850f00e:0
[77135607ms] [ERROR] Faro
 @grafana/faro-web-sdk:transport-fetch
 Failed sending payload to the receiver
 {meta: Object, events: Array(1)} TypeError: Failed to fetch
    at https://grafana-assets.grafana.net/grafana/13.2.0-30616302309/public/build/1849-react19.2ac26fdddffdb4cf8597.js:177:52559
    at window.fetch (https://plugins-cdn.grafana.net/grafana-kowalski-app/1.64.0/public/plugins/grafana-kowalski-app/463.js?_cache=1ed629a5641ef9c0de99:2:206687)
    at https://plugins-cdn.grafana.net/grafana-kowalski-app/1.64.0/public/plugins/grafana-kowalski-app/463.js?_cache=1ed629a5641ef9c0de99:2:336969
    at o.<computed>.o.<computed> (https://rsi.grafana.com/v1.1/js-integrations/Fullstory.min.js:1:5852)
    at Mr.<anonymous> (https://plugins-cdn.grafana.net/grafana-kowalski-app/1.64.0/public/plugins/grafana-kowalski-app/463.js?_cache=1ed629a5641ef9c0de99:2:268817)
    at Generator.throw (<anonymous>)
    at a (https://plugins-cdn.grafana.net/grafana-kowalski-app/1.64.0/public/plugins/grafana-kowalski-app/463.js?_cache=1ed629a5641ef9c0de99:2:264709) @ https://plugins-cdn.grafana.net/grafana-kowalski-app/1.64.0/public/plugins/grafana-kowalski-app/463.js?_cache=1ed629a5641ef9c0de99:1
[77135687ms] [ERROR] Failed to load resource: net::ERR_INTERNET_DISCONNECTED @ https://faro-collector-ops-eu-south-0.grafana-ops.net/collect/bc03dd0f2a088059ae67a23bc296a26d:0
[77135690ms] [ERROR] Failed to load resource: net::ERR_INTERNET_DISCONNECTED @ https://faro-collector-ops-eu-south-0.grafana-ops.net/collect/bc03dd0f2a088059ae67a23bc296a26d:0
[77137687ms] [ERROR] Failed to load resource: net::ERR_INTERNET_DISCONNECTED @ https://faro-collector-ops-eu-south-0.grafana-ops.net/collect/bc03dd0f2a088059ae67a23bc296a26d:0
[77137690ms] [ERROR] Failed to load resource: net::ERR_INTERNET_DISCONNECTED @ https://faro-collector-ops-eu-south-0.grafana-ops.net/collect/bc03dd0f2a088059ae67a23bc296a26d:0
[77153738ms] [ERROR] WebSocket connection to 'wss://devfedb13.grafana.net/api/live/ws' failed: Error in connection establishment: net::ERR_INTERNET_DISCONNECTED @ https://grafana-assets.grafana.net/grafana/13.2.0-30616302309/public/build/3788-react19.93988d65f50992991cc7.js:291
[77153744ms] [ERROR] Failed to load resource: net::ERR_INTERNET_DISCONNECTED @ https://devfedb13.grafana.net/api/login/ping:0
[77153852ms] [ERROR] Failed to load resource: net::ERR_INTERNET_DISCONNECTED @ https://faro-collector-ops-eu-south-0.grafana-ops.net/collect/2aaaae17b963ac219cd6e23a4850f00e:0
[77153855ms] [ERROR] Failed to load resource: net::ERR_INTERNET_DISCONNECTED @ https://faro-collector-ops-eu-south-0.grafana-ops.net/collect/2aaaae17b963ac219cd6e23a4850f00e:0
[77153855ms] [ERROR] Faro
 @grafana/faro-web-sdk:transport-fetch
 Failed sending payload to the receiver
 {meta: Object, events: Array(1)} TypeError: Failed to fetch
    at https://grafana-assets.grafana.net/grafana/13.2.0-30616302309/public/build/1849-react19.2ac26fdddffdb4cf8597.js:177:52559
    at window.fetch (https://plugins-cdn.grafana.net/grafana-kowalski-app/1.64.0/public/plugins/grafana-kowalski-app/463.js?_cache=1ed629a5641ef9c0de99:2:206687)
    at https://plugins-cdn.grafana.net/grafana-kowalski-app/1.64.0/public/plugins/grafana-kowalski-app/463.js?_cache=1ed629a5641ef9c0de99:2:336969
    at o.<computed>.o.<computed> (https://rsi.grafana.com/v1.1/js-integrations/Fullstory.min.js:1:5852)
    at Mr.<anonymous> (https://plugins-cdn.grafana.net/grafana-kowalski-app/1.64.0/public/plugins/grafana-kowalski-app/463.js?_cache=1ed629a5641ef9c0de99:2:268817)
    at Generator.throw (<anonymous>)
    at a (https://plugins-cdn.grafana.net/grafana-kowalski-app/1.64.0/public/plugins/grafana-kowalski-app/463.js?_cache=1ed629a5641ef9c0de99:2:264709) @ https://plugins-cdn.grafana.net/grafana-kowalski-app/1.64.0/public/plugins/grafana-kowalski-app/463.js?_cache=1ed629a5641ef9c0de99:1
[77155690ms] [ERROR] Failed to load resource: net::ERR_INTERNET_DISCONNECTED @ https://faro-collector-ops-eu-south-0.grafana-ops.net/collect/bc03dd0f2a088059ae67a23bc296a26d:0
[77155696ms] [ERROR] Failed to load resource: net::ERR_INTERNET_DISCONNECTED @ https://faro-collector-ops-eu-south-0.grafana-ops.net/collect/bc03dd0f2a088059ae67a23bc296a26d:0
[77172940ms] [ERROR] WebSocket connection to 'wss://devfedb13.grafana.net/api/live/ws' failed: Error in connection establishment: net::ERR_INTERNET_DISCONNECTED @ https://grafana-assets.grafana.net/grafana/13.2.0-30616302309/public/build/3788-react19.93988d65f50992991cc7.js:291
[77172947ms] [ERROR] Failed to load resource: net::ERR_INTERNET_DISCONNECTED @ https://devfedb13.grafana.net/api/login/ping:0
[77173104ms] [ERROR] Failed to load resource: net::ERR_INTERNET_DISCONNECTED @ https://faro-collector-ops-eu-south-0.grafana-ops.net/collect/2aaaae17b963ac219cd6e23a4850f00e:0
[77173109ms] [ERROR] Failed to load resource: net::ERR_INTERNET_DISCONNECTED @ https://faro-collector-ops-eu-south-0.grafana-ops.net/collect/2aaaae17b963ac219cd6e23a4850f00e:0
[77173109ms] [ERROR] Faro
 @grafana/faro-web-sdk:transport-fetch
 Failed sending payload to the receiver
 {meta: Object, events: Array(1)} TypeError: Failed to fetch
    at https://grafana-assets.grafana.net/grafana/13.2.0-30616302309/public/build/1849-react19.2ac26fdddffdb4cf8597.js:177:52559
    at window.fetch (https://plugins-cdn.grafana.net/grafana-kowalski-app/1.64.0/public/plugins/grafana-kowalski-app/463.js?_cache=1ed629a5641ef9c0de99:2:206687)
    at https://plugins-cdn.grafana.net/grafana-kowalski-app/1.64.0/public/plugins/grafana-kowalski-app/463.js?_cache=1ed629a5641ef9c0de99:2:336969
    at o.<computed>.o.<computed> (https://rsi.grafana.com/v1.1/js-integrations/Fullstory.min.js:1:5852)
    at Mr.<anonymous> (https://plugins-cdn.grafana.net/grafana-kowalski-app/1.64.0/public/plugins/grafana-kowalski-app/463.js?_cache=1ed629a5641ef9c0de99:2:268817)
    at Generator.throw (<anonymous>)
    at a (https://plugins-cdn.grafana.net/grafana-kowalski-app/1.64.0/public/plugins/grafana-kowalski-app/463.js?_cache=1ed629a5641ef9c0de99:2:264709) @ https://plugins-cdn.grafana.net/grafana-kowalski-app/1.64.0/public/plugins/grafana-kowalski-app/463.js?_cache=1ed629a5641ef9c0de99:1
[77173690ms] [ERROR] Failed to load resource: net::ERR_INTERNET_DISCONNECTED @ https://faro-collector-ops-eu-south-0.grafana-ops.net/collect/bc03dd0f2a088059ae67a23bc296a26d:0
[77173694ms] [ERROR] Failed to load resource: net::ERR_INTERNET_DISCONNECTED @ https://faro-collector-ops-eu-south-0.grafana-ops.net/collect/bc03dd0f2a088059ae67a23bc296a26d:0
[77175690ms] [ERROR] Failed to load resource: net::ERR_INTERNET_DISCONNECTED @ https://faro-collector-ops-eu-south-0.grafana-ops.net/collect/bc03dd0f2a088059ae67a23bc296a26d:0
[77175694ms] [ERROR] Failed to load resource: net::ERR_INTERNET_DISCONNECTED @ https://faro-collector-ops-eu-south-0.grafana-ops.net/collect/bc03dd0f2a088059ae67a23bc296a26d:0
[77176919ms] [ERROR] WebSocket connection to 'wss://devfedb13.grafana.net/api/live/ws' failed: Error in connection establishment: net::ERR_INTERNET_DISCONNECTED @ https://grafana-assets.grafana.net/grafana/13.2.0-30616302309/public/build/3788-react19.93988d65f50992991cc7.js:291
[77181181ms] [ERROR] WebSocket connection to 'wss://devfedb13.grafana.net/api/live/ws' failed: Error in connection establishment: net::ERR_INTERNET_DISCONNECTED @ https://grafana-assets.grafana.net/grafana/13.2.0-30616302309/public/build/3788-react19.93988d65f50992991cc7.js:291
[77181186ms] [ERROR] Failed to load resource: net::ERR_INTERNET_DISCONNECTED @ https://devfedb13.grafana.net/api/login/ping:0
[77181354ms] [ERROR] Failed to load resource: net::ERR_INTERNET_DISCONNECTED @ https://faro-collector-ops-eu-south-0.grafana-ops.net/collect/2aaaae17b963ac219cd6e23a4850f00e:0
[77181357ms] [ERROR] Failed to load resource: net::ERR_INTERNET_DISCONNECTED @ https://faro-collector-ops-eu-south-0.grafana-ops.net/collect/2aaaae17b963ac219cd6e23a4850f00e:0
[77181358ms] [ERROR] Faro
 @grafana/faro-web-sdk:transport-fetch
 Failed sending payload to the receiver
 {meta: Object, events: Array(1)} TypeError: Failed to fetch
    at https://grafana-assets.grafana.net/grafana/13.2.0-30616302309/public/build/1849-react19.2ac26fdddffdb4cf8597.js:177:52559
    at window.fetch (https://plugins-cdn.grafana.net/grafana-kowalski-app/1.64.0/public/plugins/grafana-kowalski-app/463.js?_cache=1ed629a5641ef9c0de99:2:206687)
    at https://plugins-cdn.grafana.net/grafana-kowalski-app/1.64.0/public/plugins/grafana-kowalski-app/463.js?_cache=1ed629a5641ef9c0de99:2:336969
    at o.<computed>.o.<computed> (https://rsi.grafana.com/v1.1/js-integrations/Fullstory.min.js:1:5852)
    at Mr.<anonymous> (https://plugins-cdn.grafana.net/grafana-kowalski-app/1.64.0/public/plugins/grafana-kowalski-app/463.js?_cache=1ed629a5641ef9c0de99:2:268817)
    at Generator.throw (<anonymous>)
    at a (https://plugins-cdn.grafana.net/grafana-kowalski-app/1.64.0/public/plugins/grafana-kowalski-app/463.js?_cache=1ed629a5641ef9c0de99:2:264709) @ https://plugins-cdn.grafana.net/grafana-kowalski-app/1.64.0/public/plugins/grafana-kowalski-app/463.js?_cache=1ed629a5641ef9c0de99:1
[77181689ms] [ERROR] Failed to load resource: net::ERR_INTERNET_DISCONNECTED @ https://faro-collector-ops-eu-south-0.grafana-ops.net/collect/bc03dd0f2a088059ae67a23bc296a26d:0
[77181694ms] [ERROR] Failed to load resource: net::ERR_INTERNET_DISCONNECTED @ https://faro-collector-ops-eu-south-0.grafana-ops.net/collect/bc03dd0f2a088059ae67a23bc296a26d:0
[77183693ms] [ERROR] Failed to load resource: net::ERR_INTERNET_DISCONNECTED @ https://faro-collector-ops-eu-south-0.grafana-ops.net/collect/bc03dd0f2a088059ae67a23bc296a26d:0
[77183698ms] [ERROR] Failed to load resource: net::ERR_INTERNET_DISCONNECTED @ https://faro-collector-ops-eu-south-0.grafana-ops.net/collect/bc03dd0f2a088059ae67a23bc296a26d:0
[77188577ms] [ERROR] WebSocket connection to 'wss://devfedb13.grafana.net/api/live/ws' failed: Error in connection establishment: net::ERR_INTERNET_DISCONNECTED @ https://grafana-assets.grafana.net/grafana/13.2.0-30616302309/public/build/3788-react19.93988d65f50992991cc7.js:291
[77188584ms] [ERROR] Failed to load resource: net::ERR_INTERNET_DISCONNECTED @ https://devfedb13.grafana.net/api/login/ping:0
[77188605ms] [ERROR] Failed to load resource: net::ERR_INTERNET_DISCONNECTED @ https://faro-collector-ops-eu-south-0.grafana-ops.net/collect/2aaaae17b963ac219cd6e23a4850f00e:0
[77188610ms] [ERROR] Failed to load resource: net::ERR_INTERNET_DISCONNECTED @ https://faro-collector-ops-eu-south-0.grafana-ops.net/collect/2aaaae17b963ac219cd6e23a4850f00e:0
[77188610ms] [ERROR] Faro
 @grafana/faro-web-sdk:transport-fetch
 Failed sending payload to the receiver
 {meta: Object, events: Array(1)} TypeError: Failed to fetch
    at https://grafana-assets.grafana.net/grafana/13.2.0-30616302309/public/build/1849-react19.2ac26fdddffdb4cf8597.js:177:52559
    at window.fetch (https://plugins-cdn.grafana.net/grafana-kowalski-app/1.64.0/public/plugins/grafana-kowalski-app/463.js?_cache=1ed629a5641ef9c0de99:2:206687)
    at https://plugins-cdn.grafana.net/grafana-kowalski-app/1.64.0/public/plugins/grafana-kowalski-app/463.js?_cache=1ed629a5641ef9c0de99:2:336969
    at o.<computed>.o.<computed> (https://rsi.grafana.com/v1.1/js-integrations/Fullstory.min.js:1:5852)
    at Mr.<anonymous> (https://plugins-cdn.grafana.net/grafana-kowalski-app/1.64.0/public/plugins/grafana-kowalski-app/463.js?_cache=1ed629a5641ef9c0de99:2:268817)
    at Generator.throw (<anonymous>)
    at a (https://plugins-cdn.grafana.net/grafana-kowalski-app/1.64.0/public/plugins/grafana-kowalski-app/463.js?_cache=1ed629a5641ef9c0de99:2:264709) @ https://plugins-cdn.grafana.net/grafana-kowalski-app/1.64.0/public/plugins/grafana-kowalski-app/463.js?_cache=1ed629a5641ef9c0de99:1
[77189689ms] [ERROR] Failed to load resource: net::ERR_INTERNET_DISCONNECTED @ https://faro-collector-ops-eu-south-0.grafana-ops.net/collect/bc03dd0f2a088059ae67a23bc296a26d:0
[77189694ms] [ERROR] Failed to load resource: net::ERR_INTERNET_DISCONNECTED @ https://faro-collector-ops-eu-south-0.grafana-ops.net/collect/bc03dd0f2a088059ae67a23bc296a26d:0
[77191686ms] [ERROR] Failed to load resource: net::ERR_INTERNET_DISCONNECTED @ https://faro-collector-ops-eu-south-0.grafana-ops.net/collect/bc03dd0f2a088059ae67a23bc296a26d:0
[77191688ms] [ERROR] Failed to load resource: net::ERR_INTERNET_DISCONNECTED @ https://faro-collector-ops-eu-south-0.grafana-ops.net/collect/bc03dd0f2a088059ae67a23bc296a26d:0
[77203377ms] [ERROR] WebSocket connection to 'wss://devfedb13.grafana.net/api/live/ws' failed: Error in connection establishment: net::ERR_INTERNET_DISCONNECTED @ https://grafana-assets.grafana.net/grafana/13.2.0-30616302309/public/build/3788-react19.93988d65f50992991cc7.js:291
[77203390ms] [ERROR] Failed to load resource: net::ERR_INTERNET_DISCONNECTED @ https://devfedb13.grafana.net/api/login/ping:0
[77203607ms] [ERROR] Failed to load resource: net::ERR_INTERNET_DISCONNECTED @ https://faro-collector-ops-eu-south-0.grafana-ops.net/collect/2aaaae17b963ac219cd6e23a4850f00e:0
[77203610ms] [ERROR] Failed to load resource: net::ERR_INTERNET_DISCONNECTED @ https://faro-collector-ops-eu-south-0.grafana-ops.net/collect/2aaaae17b963ac219cd6e23a4850f00e:0
[77203610ms] [ERROR] Faro
 @grafana/faro-web-sdk:transport-fetch
 Failed sending payload to the receiver
 {meta: Object, events: Array(1)} TypeError: Failed to fetch
    at https://grafana-assets.grafana.net/grafana/13.2.0-30616302309/public/build/1849-react19.2ac26fdddffdb4cf8597.js:177:52559
    at window.fetch (https://plugins-cdn.grafana.net/grafana-kowalski-app/1.64.0/public/plugins/grafana-kowalski-app/463.js?_cache=1ed629a5641ef9c0de99:2:206687)
    at https://plugins-cdn.grafana.net/grafana-kowalski-app/1.64.0/public/plugins/grafana-kowalski-app/463.js?_cache=1ed629a5641ef9c0de99:2:336969
    at o.<computed>.o.<computed> (https://rsi.grafana.com/v1.1/js-integrations/Fullstory.min.js:1:5852)
    at Mr.<anonymous> (https://plugins-cdn.grafana.net/grafana-kowalski-app/1.64.0/public/plugins/grafana-kowalski-app/463.js?_cache=1ed629a5641ef9c0de99:2:268817)
    at Generator.throw (<anonymous>)
    at a (https://plugins-cdn.grafana.net/grafana-kowalski-app/1.64.0/public/plugins/grafana-kowalski-app/463.js?_cache=1ed629a5641ef9c0de99:2:264709) @ https://plugins-cdn.grafana.net/grafana-kowalski-app/1.64.0/public/plugins/grafana-kowalski-app/463.js?_cache=1ed629a5641ef9c0de99:1
[77203691ms] [ERROR] Failed to load resource: net::ERR_INTERNET_DISCONNECTED @ https://faro-collector-ops-eu-south-0.grafana-ops.net/collect/bc03dd0f2a088059ae67a23bc296a26d:0
[77203697ms] [ERROR] Failed to load resource: net::ERR_INTERNET_DISCONNECTED @ https://faro-collector-ops-eu-south-0.grafana-ops.net/collect/bc03dd0f2a088059ae67a23bc296a26d:0
[77204031ms] [ERROR] WebSocket connection to 'wss://devfedb13.grafana.net/api/live/ws' failed: Error in connection establishment: net::ERR_INTERNET_DISCONNECTED @ https://grafana-assets.grafana.net/grafana/13.2.0-30616302309/public/build/3788-react19.93988d65f50992991cc7.js:291
[77205691ms] [ERROR] Failed to load resource: net::ERR_INTERNET_DISCONNECTED @ https://faro-collector-ops-eu-south-0.grafana-ops.net/collect/bc03dd0f2a088059ae67a23bc296a26d:0
[77205695ms] [ERROR] Failed to load resource: net::ERR_INTERNET_DISCONNECTED @ https://faro-collector-ops-eu-south-0.grafana-ops.net/collect/bc03dd0f2a088059ae67a23bc296a26d:0
[77215434ms] [ERROR] WebSocket connection to 'wss://devfedb13.grafana.net/api/live/ws' failed: Error in connection establishment: net::ERR_INTERNET_DISCONNECTED @ https://grafana-assets.grafana.net/grafana/13.2.0-30616302309/public/build/3788-react19.93988d65f50992991cc7.js:291
[77215441ms] [ERROR] Failed to load resource: net::ERR_INTERNET_DISCONNECTED @ https://devfedb13.grafana.net/api/login/ping:0
[77215606ms] [ERROR] Failed to load resource: net::ERR_INTERNET_DISCONNECTED @ https://faro-collector-ops-eu-south-0.grafana-ops.net/collect/2aaaae17b963ac219cd6e23a4850f00e:0
[77215611ms] [ERROR] Failed to load resource: net::ERR_INTERNET_DISCONNECTED @ https://faro-collector-ops-eu-south-0.grafana-ops.net/collect/2aaaae17b963ac219cd6e23a4850f00e:0
[77215611ms] [ERROR] Faro
 @grafana/faro-web-sdk:transport-fetch
 Failed sending payload to the receiver
 {meta: Object, events: Array(1)} TypeError: Failed to fetch
    at https://grafana-assets.grafana.net/grafana/13.2.0-30616302309/public/build/1849-react19.2ac26fdddffdb4cf8597.js:177:52559
    at window.fetch (https://plugins-cdn.grafana.net/grafana-kowalski-app/1.64.0/public/plugins/grafana-kowalski-app/463.js?_cache=1ed629a5641ef9c0de99:2:206687)
    at https://plugins-cdn.grafana.net/grafana-kowalski-app/1.64.0/public/plugins/grafana-kowalski-app/463.js?_cache=1ed629a5641ef9c0de99:2:336969
    at o.<computed>.o.<computed> (https://rsi.grafana.com/v1.1/js-integrations/Fullstory.min.js:1:5852)
    at Mr.<anonymous> (https://plugins-cdn.grafana.net/grafana-kowalski-app/1.64.0/public/plugins/grafana-kowalski-app/463.js?_cache=1ed629a5641ef9c0de99:2:268817)
    at Generator.throw (<anonymous>)
    at a (https://plugins-cdn.grafana.net/grafana-kowalski-app/1.64.0/public/plugins/grafana-kowalski-app/463.js?_cache=1ed629a5641ef9c0de99:2:264709) @ https://plugins-cdn.grafana.net/grafana-kowalski-app/1.64.0/public/plugins/grafana-kowalski-app/463.js?_cache=1ed629a5641ef9c0de99:1
[77215689ms] [ERROR] Failed to load resource: net::ERR_INTERNET_DISCONNECTED @ https://faro-collector-ops-eu-south-0.grafana-ops.net/collect/bc03dd0f2a088059ae67a23bc296a26d:0
[77215692ms] [ERROR] Failed to load resource: net::ERR_INTERNET_DISCONNECTED @ https://faro-collector-ops-eu-south-0.grafana-ops.net/collect/bc03dd0f2a088059ae67a23bc296a26d:0
[77216596ms] [ERROR] WebSocket connection to 'wss://devfedb13.grafana.net/api/live/ws' failed: Error in connection establishment: net::ERR_INTERNET_DISCONNECTED @ https://grafana-assets.grafana.net/grafana/13.2.0-30616302309/public/build/3788-react19.93988d65f50992991cc7.js:291
[77217685ms] [ERROR] Failed to load resource: net::ERR_INTERNET_DISCONNECTED @ https://faro-collector-ops-eu-south-0.grafana-ops.net/collect/bc03dd0f2a088059ae67a23bc296a26d:0
[77217686ms] [ERROR] Failed to load resource: net::ERR_INTERNET_DISCONNECTED @ https://faro-collector-ops-eu-south-0.grafana-ops.net/collect/bc03dd0f2a088059ae67a23bc296a26d:0
[77230423ms] [ERROR] WebSocket connection to 'wss://devfedb13.grafana.net/api/live/ws' failed: Error in connection establishment: net::ERR_INTERNET_DISCONNECTED @ https://grafana-assets.grafana.net/grafana/13.2.0-30616302309/public/build/3788-react19.93988d65f50992991cc7.js:291
[77230430ms] [ERROR] Failed to load resource: net::ERR_INTERNET_DISCONNECTED @ https://devfedb13.grafana.net/api/login/ping:0
[77230605ms] [ERROR] Failed to load resource: net::ERR_INTERNET_DISCONNECTED @ https://faro-collector-ops-eu-south-0.grafana-ops.net/collect/2aaaae17b963ac219cd6e23a4850f00e:0
[77230608ms] [ERROR] Failed to load resource: net::ERR_INTERNET_DISCONNECTED @ https://faro-collector-ops-eu-south-0.grafana-ops.net/collect/2aaaae17b963ac219cd6e23a4850f00e:0
[77230608ms] [ERROR] Faro
 @grafana/faro-web-sdk:transport-fetch
 Failed sending payload to the receiver
 {meta: Object, events: Array(1)} TypeError: Failed to fetch
    at https://grafana-assets.grafana.net/grafana/13.2.0-30616302309/public/build/1849-react19.2ac26fdddffdb4cf8597.js:177:52559
    at window.fetch (https://plugins-cdn.grafana.net/grafana-kowalski-app/1.64.0/public/plugins/grafana-kowalski-app/463.js?_cache=1ed629a5641ef9c0de99:2:206687)
    at https://plugins-cdn.grafana.net/grafana-kowalski-app/1.64.0/public/plugins/grafana-kowalski-app/463.js?_cache=1ed629a5641ef9c0de99:2:336969
    at o.<computed>.o.<computed> (https://rsi.grafana.com/v1.1/js-integrations/Fullstory.min.js:1:5852)
    at Mr.<anonymous> (https://plugins-cdn.grafana.net/grafana-kowalski-app/1.64.0/public/plugins/grafana-kowalski-app/463.js?_cache=1ed629a5641ef9c0de99:2:268817)
    at Generator.throw (<anonymous>)
    at a (https://plugins-cdn.grafana.net/grafana-kowalski-app/1.64.0/public/plugins/grafana-kowalski-app/463.js?_cache=1ed629a5641ef9c0de99:2:264709) @ https://plugins-cdn.grafana.net/grafana-kowalski-app/1.64.0/public/plugins/grafana-kowalski-app/463.js?_cache=1ed629a5641ef9c0de99:1
[77231686ms] [ERROR] Failed to load resource: net::ERR_INTERNET_DISCONNECTED @ https://faro-collector-ops-eu-south-0.grafana-ops.net/collect/bc03dd0f2a088059ae67a23bc296a26d:0
[77231687ms] [ERROR] Failed to load resource: net::ERR_INTERNET_DISCONNECTED @ https://faro-collector-ops-eu-south-0.grafana-ops.net/collect/bc03dd0f2a088059ae67a23bc296a26d:0
[77233347ms] [ERROR] WebSocket connection to 'wss://devfedb13.grafana.net/api/live/ws' failed: Error in connection establishment: net::ERR_INTERNET_DISCONNECTED @ https://grafana-assets.grafana.net/grafana/13.2.0-30616302309/public/build/3788-react19.93988d65f50992991cc7.js:291
[77233690ms] [ERROR] Failed to load resource: net::ERR_INTERNET_DISCONNECTED @ https://faro-collector-ops-eu-south-0.grafana-ops.net/collect/bc03dd0f2a088059ae67a23bc296a26d:0
[77233694ms] [ERROR] Failed to load resource: net::ERR_INTERNET_DISCONNECTED @ https://faro-collector-ops-eu-south-0.grafana-ops.net/collect/bc03dd0f2a088059ae67a23bc296a26d:0
[77236251ms] [ERROR] WebSocket connection to 'wss://devfedb13.grafana.net/api/live/ws' failed: Error in connection establishment: net::ERR_INTERNET_DISCONNECTED @ https://grafana-assets.grafana.net/grafana/13.2.0-30616302309/public/build/3788-react19.93988d65f50992991cc7.js:291
[77236260ms] [ERROR] Failed to load resource: net::ERR_INTERNET_DISCONNECTED @ https://devfedb13.grafana.net/api/login/ping:0
[77236355ms] [ERROR] Failed to load resource: net::ERR_INTERNET_DISCONNECTED @ https://faro-collector-ops-eu-south-0.grafana-ops.net/collect/2aaaae17b963ac219cd6e23a4850f00e:0
[77236358ms] [ERROR] Failed to load resource: net::ERR_INTERNET_DISCONNECTED @ https://faro-collector-ops-eu-south-0.grafana-ops.net/collect/2aaaae17b963ac219cd6e23a4850f00e:0
[77236358ms] [ERROR] Faro
 @grafana/faro-web-sdk:transport-fetch
 Failed sending payload to the receiver
 {meta: Object, events: Array(1)} TypeError: Failed to fetch
    at https://grafana-assets.grafana.net/grafana/13.2.0-30616302309/public/build/1849-react19.2ac26fdddffdb4cf8597.js:177:52559
    at window.fetch (https://plugins-cdn.grafana.net/grafana-kowalski-app/1.64.0/public/plugins/grafana-kowalski-app/463.js?_cache=1ed629a5641ef9c0de99:2:206687)
    at https://plugins-cdn.grafana.net/grafana-kowalski-app/1.64.0/public/plugins/grafana-kowalski-app/463.js?_cache=1ed629a5641ef9c0de99:2:336969
    at o.<computed>.o.<computed> (https://rsi.grafana.com/v1.1/js-integrations/Fullstory.min.js:1:5852)
    at Mr.<anonymous> (https://plugins-cdn.grafana.net/grafana-kowalski-app/1.64.0/public/plugins/grafana-kowalski-app/463.js?_cache=1ed629a5641ef9c0de99:2:268817)
    at Generator.throw (<anonymous>)
    at a (https://plugins-cdn.grafana.net/grafana-kowalski-app/1.64.0/public/plugins/grafana-kowalski-app/463.js?_cache=1ed629a5641ef9c0de99:2:264709) @ https://plugins-cdn.grafana.net/grafana-kowalski-app/1.64.0/public/plugins/grafana-kowalski-app/463.js?_cache=1ed629a5641ef9c0de99:1
[77237685ms] [ERROR] Failed to load resource: net::ERR_INTERNET_DISCONNECTED @ https://faro-collector-ops-eu-south-0.grafana-ops.net/collect/bc03dd0f2a088059ae67a23bc296a26d:0
[77237687ms] [ERROR] Failed to load resource: net::ERR_INTERNET_DISCONNECTED @ https://faro-collector-ops-eu-south-0.grafana-ops.net/collect/bc03dd0f2a088059ae67a23bc296a26d:0
[77243692ms] [ERROR] WebSocket connection to 'wss://devfedb13.grafana.net/api/live/ws' failed: Error in connection establishment: net::ERR_INTERNET_DISCONNECTED @ https://grafana-assets.grafana.net/grafana/13.2.0-30616302309/public/build/3788-react19.93988d65f50992991cc7.js:291
[77243704ms] [ERROR] Failed to load resource: net::ERR_INTERNET_DISCONNECTED @ https://devfedb13.grafana.net/api/login/ping:0
[77243853ms] [ERROR] Failed to load resource: net::ERR_INTERNET_DISCONNECTED @ https://faro-collector-ops-eu-south-0.grafana-ops.net/collect/2aaaae17b963ac219cd6e23a4850f00e:0
[77243854ms] [ERROR] Failed to load resource: net::ERR_INTERNET_DISCONNECTED @ https://faro-collector-ops-eu-south-0.grafana-ops.net/collect/2aaaae17b963ac219cd6e23a4850f00e:0
[77243854ms] [ERROR] Faro
 @grafana/faro-web-sdk:transport-fetch
 Failed sending payload to the receiver
 {meta: Object, events: Array(1)} TypeError: Failed to fetch
    at https://grafana-assets.grafana.net/grafana/13.2.0-30616302309/public/build/1849-react19.2ac26fdddffdb4cf8597.js:177:52559
    at window.fetch (https://plugins-cdn.grafana.net/grafana-kowalski-app/1.64.0/public/plugins/grafana-kowalski-app/463.js?_cache=1ed629a5641ef9c0de99:2:206687)
    at https://plugins-cdn.grafana.net/grafana-kowalski-app/1.64.0/public/plugins/grafana-kowalski-app/463.js?_cache=1ed629a5641ef9c0de99:2:336969
    at o.<computed>.o.<computed> (https://rsi.grafana.com/v1.1/js-integrations/Fullstory.min.js:1:5852)
    at Mr.<anonymous> (https://plugins-cdn.grafana.net/grafana-kowalski-app/1.64.0/public/plugins/grafana-kowalski-app/463.js?_cache=1ed629a5641ef9c0de99:2:268817)
    at Generator.throw (<anonymous>)
    at a (https://plugins-cdn.grafana.net/grafana-kowalski-app/1.64.0/public/plugins/grafana-kowalski-app/463.js?_cache=1ed629a5641ef9c0de99:2:264709) @ https://plugins-cdn.grafana.net/grafana-kowalski-app/1.64.0/public/plugins/grafana-kowalski-app/463.js?_cache=1ed629a5641ef9c0de99:1
[77245688ms] [ERROR] Failed to load resource: net::ERR_INTERNET_DISCONNECTED @ https://faro-collector-ops-eu-south-0.grafana-ops.net/collect/bc03dd0f2a088059ae67a23bc296a26d:0
[77245693ms] [ERROR] Failed to load resource: net::ERR_INTERNET_DISCONNECTED @ https://faro-collector-ops-eu-south-0.grafana-ops.net/collect/bc03dd0f2a088059ae67a23bc296a26d:0
[77254939ms] [ERROR] WebSocket connection to 'wss://devfedb13.grafana.net/api/live/ws' failed: Error in connection establishment: net::ERR_INTERNET_DISCONNECTED @ https://grafana-assets.grafana.net/grafana/13.2.0-30616302309/public/build/3788-react19.93988d65f50992991cc7.js:291
[77254947ms] [ERROR] Failed to load resource: net::ERR_INTERNET_DISCONNECTED @ https://devfedb13.grafana.net/api/login/ping:0
[77255102ms] [ERROR] Failed to load resource: net::ERR_INTERNET_DISCONNECTED @ https://faro-collector-ops-eu-south-0.grafana-ops.net/collect/2aaaae17b963ac219cd6e23a4850f00e:0
[77255104ms] [ERROR] Failed to load resource: net::ERR_INTERNET_DISCONNECTED @ https://faro-collector-ops-eu-south-0.grafana-ops.net/collect/2aaaae17b963ac219cd6e23a4850f00e:0
[77255104ms] [ERROR] Faro
 @grafana/faro-web-sdk:transport-fetch
 Failed sending payload to the receiver
 {meta: Object, events: Array(1)} TypeError: Failed to fetch
    at https://grafana-assets.grafana.net/grafana/13.2.0-30616302309/public/build/1849-react19.2ac26fdddffdb4cf8597.js:177:52559
    at window.fetch (https://plugins-cdn.grafana.net/grafana-kowalski-app/1.64.0/public/plugins/grafana-kowalski-app/463.js?_cache=1ed629a5641ef9c0de99:2:206687)
    at https://plugins-cdn.grafana.net/grafana-kowalski-app/1.64.0/public/plugins/grafana-kowalski-app/463.js?_cache=1ed629a5641ef9c0de99:2:336969
    at o.<computed>.o.<computed> (https://rsi.grafana.com/v1.1/js-integrations/Fullstory.min.js:1:5852)
    at Mr.<anonymous> (https://plugins-cdn.grafana.net/grafana-kowalski-app/1.64.0/public/plugins/grafana-kowalski-app/463.js?_cache=1ed629a5641ef9c0de99:2:268817)
    at Generator.throw (<anonymous>)
    at a (https://plugins-cdn.grafana.net/grafana-kowalski-app/1.64.0/public/plugins/grafana-kowalski-app/463.js?_cache=1ed629a5641ef9c0de99:2:264709) @ https://plugins-cdn.grafana.net/grafana-kowalski-app/1.64.0/public/plugins/grafana-kowalski-app/463.js?_cache=1ed629a5641ef9c0de99:1
[77255689ms] [ERROR] Failed to load resource: net::ERR_INTERNET_DISCONNECTED @ https://faro-collector-ops-eu-south-0.grafana-ops.net/collect/bc03dd0f2a088059ae67a23bc296a26d:0
[77255694ms] [ERROR] Failed to load resource: net::ERR_INTERNET_DISCONNECTED @ https://faro-collector-ops-eu-south-0.grafana-ops.net/collect/bc03dd0f2a088059ae67a23bc296a26d:0
[77257690ms] [ERROR] Failed to load resource: net::ERR_INTERNET_DISCONNECTED @ https://faro-collector-ops-eu-south-0.grafana-ops.net/collect/bc03dd0f2a088059ae67a23bc296a26d:0
[77257693ms] [ERROR] Failed to load resource: net::ERR_INTERNET_DISCONNECTED @ https://faro-collector-ops-eu-south-0.grafana-ops.net/collect/bc03dd0f2a088059ae67a23bc296a26d:0
[77262116ms] [ERROR] WebSocket connection to 'wss://devfedb13.grafana.net/api/live/ws' failed: Error in connection establishment: net::ERR_INTERNET_DISCONNECTED @ https://grafana-assets.grafana.net/grafana/13.2.0-30616302309/public/build/3788-react19.93988d65f50992991cc7.js:291
[77262119ms] [ERROR] Failed to load resource: net::ERR_INTERNET_DISCONNECTED @ https://devfedb13.grafana.net/api/login/ping:0
[77262354ms] [ERROR] Failed to load resource: net::ERR_INTERNET_DISCONNECTED @ https://faro-collector-ops-eu-south-0.grafana-ops.net/collect/2aaaae17b963ac219cd6e23a4850f00e:0
[77262357ms] [ERROR] Failed to load resource: net::ERR_INTERNET_DISCONNECTED @ https://faro-collector-ops-eu-south-0.grafana-ops.net/collect/2aaaae17b963ac219cd6e23a4850f00e:0
[77262357ms] [ERROR] Faro
 @grafana/faro-web-sdk:transport-fetch
 Failed sending payload to the receiver
 {meta: Object, events: Array(1)} TypeError: Failed to fetch
    at https://grafana-assets.grafana.net/grafana/13.2.0-30616302309/public/build/1849-react19.2ac26fdddffdb4cf8597.js:177:52559
    at window.fetch (https://plugins-cdn.grafana.net/grafana-kowalski-app/1.64.0/public/plugins/grafana-kowalski-app/463.js?_cache=1ed629a5641ef9c0de99:2:206687)
    at https://plugins-cdn.grafana.net/grafana-kowalski-app/1.64.0/public/plugins/grafana-kowalski-app/463.js?_cache=1ed629a5641ef9c0de99:2:336969
    at o.<computed>.o.<computed> (https://rsi.grafana.com/v1.1/js-integrations/Fullstory.min.js:1:5852)
    at Mr.<anonymous> (https://plugins-cdn.grafana.net/grafana-kowalski-app/1.64.0/public/plugins/grafana-kowalski-app/463.js?_cache=1ed629a5641ef9c0de99:2:268817)
    at Generator.throw (<anonymous>)
    at a (https://plugins-cdn.grafana.net/grafana-kowalski-app/1.64.0/public/plugins/grafana-kowalski-app/463.js?_cache=1ed629a5641ef9c0de99:2:264709) @ https://plugins-cdn.grafana.net/grafana-kowalski-app/1.64.0/public/plugins/grafana-kowalski-app/463.js?_cache=1ed629a5641ef9c0de99:1
[77263692ms] [ERROR] Failed to load resource: net::ERR_INTERNET_DISCONNECTED @ https://faro-collector-ops-eu-south-0.grafana-ops.net/collect/bc03dd0f2a088059ae67a23bc296a26d:0
[77263697ms] [ERROR] Failed to load resource: net::ERR_INTERNET_DISCONNECTED @ https://faro-collector-ops-eu-south-0.grafana-ops.net/collect/bc03dd0f2a088059ae67a23bc296a26d:0
[77274514ms] [ERROR] WebSocket connection to 'wss://devfedb13.grafana.net/api/live/ws' failed: Error in connection establishment: net::ERR_INTERNET_DISCONNECTED @ https://grafana-assets.grafana.net/grafana/13.2.0-30616302309/public/build/3788-react19.93988d65f50992991cc7.js:291
[77274520ms] [ERROR] Failed to load resource: net::ERR_INTERNET_DISCONNECTED @ https://devfedb13.grafana.net/api/login/ping:0
[77274607ms] [ERROR] Failed to load resource: net::ERR_INTERNET_DISCONNECTED @ https://faro-collector-ops-eu-south-0.grafana-ops.net/collect/2aaaae17b963ac219cd6e23a4850f00e:0
[77274610ms] [ERROR] Failed to load resource: net::ERR_INTERNET_DISCONNECTED @ https://faro-collector-ops-eu-south-0.grafana-ops.net/collect/2aaaae17b963ac219cd6e23a4850f00e:0
[77274610ms] [ERROR] Faro
 @grafana/faro-web-sdk:transport-fetch
 Failed sending payload to the receiver
 {meta: Object, events: Array(1)} TypeError: Failed to fetch
    at https://grafana-assets.grafana.net/grafana/13.2.0-30616302309/public/build/1849-react19.2ac26fdddffdb4cf8597.js:177:52559
    at window.fetch (https://plugins-cdn.grafana.net/grafana-kowalski-app/1.64.0/public/plugins/grafana-kowalski-app/463.js?_cache=1ed629a5641ef9c0de99:2:206687)
    at https://plugins-cdn.grafana.net/grafana-kowalski-app/1.64.0/public/plugins/grafana-kowalski-app/463.js?_cache=1ed629a5641ef9c0de99:2:336969
    at o.<computed>.o.<computed> (https://rsi.grafana.com/v1.1/js-integrations/Fullstory.min.js:1:5852)
    at Mr.<anonymous> (https://plugins-cdn.grafana.net/grafana-kowalski-app/1.64.0/public/plugins/grafana-kowalski-app/463.js?_cache=1ed629a5641ef9c0de99:2:268817)
    at Generator.throw (<anonymous>)
    at a (https://plugins-cdn.grafana.net/grafana-kowalski-app/1.64.0/public/plugins/grafana-kowalski-app/463.js?_cache=1ed629a5641ef9c0de99:2:264709) @ https://plugins-cdn.grafana.net/grafana-kowalski-app/1.64.0/public/plugins/grafana-kowalski-app/463.js?_cache=1ed629a5641ef9c0de99:1
[77275688ms] [ERROR] Failed to load resource: net::ERR_INTERNET_DISCONNECTED @ https://faro-collector-ops-eu-south-0.grafana-ops.net/collect/bc03dd0f2a088059ae67a23bc296a26d:0
[77275690ms] [ERROR] Failed to load resource: net::ERR_INTERNET_DISCONNECTED @ https://faro-collector-ops-eu-south-0.grafana-ops.net/collect/bc03dd0f2a088059ae67a23bc296a26d:0
[77277692ms] [ERROR] Failed to load resource: net::ERR_INTERNET_DISCONNECTED @ https://faro-collector-ops-eu-south-0.grafana-ops.net/collect/bc03dd0f2a088059ae67a23bc296a26d:0
[77277699ms] [ERROR] Failed to load resource: net::ERR_INTERNET_DISCONNECTED @ https://faro-collector-ops-eu-south-0.grafana-ops.net/collect/bc03dd0f2a088059ae67a23bc296a26d:0
[77291721ms] [ERROR] WebSocket connection to 'wss://devfedb13.grafana.net/api/live/ws' failed: Error in connection establishment: net::ERR_INTERNET_DISCONNECTED @ https://grafana-assets.grafana.net/grafana/13.2.0-30616302309/public/build/3788-react19.93988d65f50992991cc7.js:291
[77291724ms] [ERROR] Failed to load resource: net::ERR_INTERNET_DISCONNECTED @ https://devfedb13.grafana.net/api/login/ping:0
[77291855ms] [ERROR] Failed to load resource: net::ERR_INTERNET_DISCONNECTED @ https://faro-collector-ops-eu-south-0.grafana-ops.net/collect/2aaaae17b963ac219cd6e23a4850f00e:0
[77291857ms] [ERROR] Failed to load resource: net::ERR_INTERNET_DISCONNECTED @ https://faro-collector-ops-eu-south-0.grafana-ops.net/collect/2aaaae17b963ac219cd6e23a4850f00e:0
[77291857ms] [ERROR] Faro
 @grafana/faro-web-sdk:transport-fetch
 Failed sending payload to the receiver
 {meta: Object, events: Array(1)} TypeError: Failed to fetch
    at https://grafana-assets.grafana.net/grafana/13.2.0-30616302309/public/build/1849-react19.2ac26fdddffdb4cf8597.js:177:52559
    at window.fetch (https://plugins-cdn.grafana.net/grafana-kowalski-app/1.64.0/public/plugins/grafana-kowalski-app/463.js?_cache=1ed629a5641ef9c0de99:2:206687)
    at https://plugins-cdn.grafana.net/grafana-kowalski-app/1.64.0/public/plugins/grafana-kowalski-app/463.js?_cache=1ed629a5641ef9c0de99:2:336969
    at o.<computed>.o.<computed> (https://rsi.grafana.com/v1.1/js-integrations/Fullstory.min.js:1:5852)
    at Mr.<anonymous> (https://plugins-cdn.grafana.net/grafana-kowalski-app/1.64.0/public/plugins/grafana-kowalski-app/463.js?_cache=1ed629a5641ef9c0de99:2:268817)
    at Generator.throw (<anonymous>)
    at a (https://plugins-cdn.grafana.net/grafana-kowalski-app/1.64.0/public/plugins/grafana-kowalski-app/463.js?_cache=1ed629a5641ef9c0de99:2:264709) @ https://plugins-cdn.grafana.net/grafana-kowalski-app/1.64.0/public/plugins/grafana-kowalski-app/463.js?_cache=1ed629a5641ef9c0de99:1
[77293691ms] [ERROR] Failed to load resource: net::ERR_INTERNET_DISCONNECTED @ https://faro-collector-ops-eu-south-0.grafana-ops.net/collect/bc03dd0f2a088059ae67a23bc296a26d:0
[77293696ms] [ERROR] Failed to load resource: net::ERR_INTERNET_DISCONNECTED @ https://faro-collector-ops-eu-south-0.grafana-ops.net/collect/bc03dd0f2a088059ae67a23bc296a26d:0
[77305219ms] [ERROR] WebSocket connection to 'wss://devfedb13.grafana.net/api/live/ws' failed: Error in connection establishment: net::ERR_INTERNET_DISCONNECTED @ https://grafana-assets.grafana.net/grafana/13.2.0-30616302309/public/build/3788-react19.93988d65f50992991cc7.js:291
[77305227ms] [ERROR] Failed to load resource: net::ERR_INTERNET_DISCONNECTED @ https://devfedb13.grafana.net/api/login/ping:0
[77305355ms] [ERROR] Failed to load resource: net::ERR_INTERNET_DISCONNECTED @ https://faro-collector-ops-eu-south-0.grafana-ops.net/collect/2aaaae17b963ac219cd6e23a4850f00e:0
[77305357ms] [ERROR] Failed to load resource: net::ERR_INTERNET_DISCONNECTED @ https://faro-collector-ops-eu-south-0.grafana-ops.net/collect/2aaaae17b963ac219cd6e23a4850f00e:0
[77305357ms] [ERROR] Faro
 @grafana/faro-web-sdk:transport-fetch
 Failed sending payload to the receiver
 {meta: Object, events: Array(1)} TypeError: Failed to fetch
    at https://grafana-assets.grafana.net/grafana/13.2.0-30616302309/public/build/1849-react19.2ac26fdddffdb4cf8597.js:177:52559
    at window.fetch (https://plugins-cdn.grafana.net/grafana-kowalski-app/1.64.0/public/plugins/grafana-kowalski-app/463.js?_cache=1ed629a5641ef9c0de99:2:206687)
    at https://plugins-cdn.grafana.net/grafana-kowalski-app/1.64.0/public/plugins/grafana-kowalski-app/463.js?_cache=1ed629a5641ef9c0de99:2:336969
    at o.<computed>.o.<computed> (https://rsi.grafana.com/v1.1/js-integrations/Fullstory.min.js:1:5852)
    at Mr.<anonymous> (https://plugins-cdn.grafana.net/grafana-kowalski-app/1.64.0/public/plugins/grafana-kowalski-app/463.js?_cache=1ed629a5641ef9c0de99:2:268817)
    at Generator.throw (<anonymous>)
    at a (https://plugins-cdn.grafana.net/grafana-kowalski-app/1.64.0/public/plugins/grafana-kowalski-app/463.js?_cache=1ed629a5641ef9c0de99:2:264709) @ https://plugins-cdn.grafana.net/grafana-kowalski-app/1.64.0/public/plugins/grafana-kowalski-app/463.js?_cache=1ed629a5641ef9c0de99:1
[77305687ms] [ERROR] Failed to load resource: net::ERR_INTERNET_DISCONNECTED @ https://faro-collector-ops-eu-south-0.grafana-ops.net/collect/bc03dd0f2a088059ae67a23bc296a26d:0
[77305689ms] [ERROR] Failed to load resource: net::ERR_INTERNET_DISCONNECTED @ https://faro-collector-ops-eu-south-0.grafana-ops.net/collect/bc03dd0f2a088059ae67a23bc296a26d:0
[77307694ms] [ERROR] Failed to load resource: net::ERR_INTERNET_DISCONNECTED @ https://faro-collector-ops-eu-south-0.grafana-ops.net/collect/bc03dd0f2a088059ae67a23bc296a26d:0
[77307700ms] [ERROR] Failed to load resource: net::ERR_INTERNET_DISCONNECTED @ https://faro-collector-ops-eu-south-0.grafana-ops.net/collect/bc03dd0f2a088059ae67a23bc296a26d:0
[77320124ms] [ERROR] WebSocket connection to 'wss://devfedb13.grafana.net/api/live/ws' failed: Error in connection establishment: net::ERR_INTERNET_DISCONNECTED @ https://grafana-assets.grafana.net/grafana/13.2.0-30616302309/public/build/3788-react19.93988d65f50992991cc7.js:291
[77320137ms] [ERROR] Failed to load resource: net::ERR_INTERNET_DISCONNECTED @ https://devfedb13.grafana.net/api/login/ping:0
[77320360ms] [ERROR] Failed to load resource: net::ERR_INTERNET_DISCONNECTED @ https://faro-collector-ops-eu-south-0.grafana-ops.net/collect/2aaaae17b963ac219cd6e23a4850f00e:0
[77320364ms] [ERROR] Failed to load resource: net::ERR_INTERNET_DISCONNECTED @ https://faro-collector-ops-eu-south-0.grafana-ops.net/collect/2aaaae17b963ac219cd6e23a4850f00e:0
[77320364ms] [ERROR] Faro
 @grafana/faro-web-sdk:transport-fetch
 Failed sending payload to the receiver
 {meta: Object, events: Array(1)} TypeError: Failed to fetch
    at https://grafana-assets.grafana.net/grafana/13.2.0-30616302309/public/build/1849-react19.2ac26fdddffdb4cf8597.js:177:52559
    at window.fetch (https://plugins-cdn.grafana.net/grafana-kowalski-app/1.64.0/public/plugins/grafana-kowalski-app/463.js?_cache=1ed629a5641ef9c0de99:2:206687)
    at https://plugins-cdn.grafana.net/grafana-kowalski-app/1.64.0/public/plugins/grafana-kowalski-app/463.js?_cache=1ed629a5641ef9c0de99:2:336969
    at o.<computed>.o.<computed> (https://rsi.grafana.com/v1.1/js-integrations/Fullstory.min.js:1:5852)
    at Mr.<anonymous> (https://plugins-cdn.grafana.net/grafana-kowalski-app/1.64.0/public/plugins/grafana-kowalski-app/463.js?_cache=1ed629a5641ef9c0de99:2:268817)
    at Generator.throw (<anonymous>)
    at a (https://plugins-cdn.grafana.net/grafana-kowalski-app/1.64.0/public/plugins/grafana-kowalski-app/463.js?_cache=1ed629a5641ef9c0de99:2:264709) @ https://plugins-cdn.grafana.net/grafana-kowalski-app/1.64.0/public/plugins/grafana-kowalski-app/463.js?_cache=1ed629a5641ef9c0de99:1
[77321693ms] [ERROR] Failed to load resource: net::ERR_INTERNET_DISCONNECTED @ https://faro-collector-ops-eu-south-0.grafana-ops.net/collect/bc03dd0f2a088059ae67a23bc296a26d:0
[77321697ms] [ERROR] Failed to load resource: net::ERR_INTERNET_DISCONNECTED @ https://faro-collector-ops-eu-south-0.grafana-ops.net/collect/bc03dd0f2a088059ae67a23bc296a26d:0
[77334178ms] [ERROR] WebSocket connection to 'wss://devfedb13.grafana.net/api/live/ws' failed: Error in connection establishment: net::ERR_INTERNET_DISCONNECTED @ https://grafana-assets.grafana.net/grafana/13.2.0-30616302309/public/build/3788-react19.93988d65f50992991cc7.js:291
[77334187ms] [ERROR] Failed to load resource: net::ERR_INTERNET_DISCONNECTED @ https://devfedb13.grafana.net/api/login/ping:0
[77334353ms] [ERROR] Failed to load resource: net::ERR_INTERNET_DISCONNECTED @ https://faro-collector-ops-eu-south-0.grafana-ops.net/collect/2aaaae17b963ac219cd6e23a4850f00e:0
[77334354ms] [ERROR] Failed to load resource: net::ERR_INTERNET_DISCONNECTED @ https://faro-collector-ops-eu-south-0.grafana-ops.net/collect/2aaaae17b963ac219cd6e23a4850f00e:0
[77334354ms] [ERROR] Faro
 @grafana/faro-web-sdk:transport-fetch
 Failed sending payload to the receiver
 {meta: Object, events: Array(1)} TypeError: Failed to fetch
    at https://grafana-assets.grafana.net/grafana/13.2.0-30616302309/public/build/1849-react19.2ac26fdddffdb4cf8597.js:177:52559
    at window.fetch (https://plugins-cdn.grafana.net/grafana-kowalski-app/1.64.0/public/plugins/grafana-kowalski-app/463.js?_cache=1ed629a5641ef9c0de99:2:206687)
    at https://plugins-cdn.grafana.net/grafana-kowalski-app/1.64.0/public/plugins/grafana-kowalski-app/463.js?_cache=1ed629a5641ef9c0de99:2:336969
    at o.<computed>.o.<computed> (https://rsi.grafana.com/v1.1/js-integrations/Fullstory.min.js:1:5852)
    at Mr.<anonymous> (https://plugins-cdn.grafana.net/grafana-kowalski-app/1.64.0/public/plugins/grafana-kowalski-app/463.js?_cache=1ed629a5641ef9c0de99:2:268817)
    at Generator.throw (<anonymous>)
    at a (https://plugins-cdn.grafana.net/grafana-kowalski-app/1.64.0/public/plugins/grafana-kowalski-app/463.js?_cache=1ed629a5641ef9c0de99:2:264709) @ https://plugins-cdn.grafana.net/grafana-kowalski-app/1.64.0/public/plugins/grafana-kowalski-app/463.js?_cache=1ed629a5641ef9c0de99:1
[77335693ms] [ERROR] Failed to load resource: net::ERR_INTERNET_DISCONNECTED @ https://faro-collector-ops-eu-south-0.grafana-ops.net/collect/bc03dd0f2a088059ae67a23bc296a26d:0
[77335698ms] [ERROR] Failed to load resource: net::ERR_INTERNET_DISCONNECTED @ https://faro-collector-ops-eu-south-0.grafana-ops.net/collect/bc03dd0f2a088059ae67a23bc296a26d:0
[77346163ms] [ERROR] WebSocket connection to 'wss://devfedb13.grafana.net/api/live/ws' failed: Error in connection establishment: net::ERR_INTERNET_DISCONNECTED @ https://grafana-assets.grafana.net/grafana/13.2.0-30616302309/public/build/3788-react19.93988d65f50992991cc7.js:291
[77346174ms] [ERROR] Failed to load resource: net::ERR_INTERNET_DISCONNECTED @ https://devfedb13.grafana.net/api/login/ping:0
[77346357ms] [ERROR] Failed to load resource: net::ERR_INTERNET_DISCONNECTED @ https://faro-collector-ops-eu-south-0.grafana-ops.net/collect/2aaaae17b963ac219cd6e23a4850f00e:0
[77346360ms] [ERROR] Failed to load resource: net::ERR_INTERNET_DISCONNECTED @ https://faro-collector-ops-eu-south-0.grafana-ops.net/collect/2aaaae17b963ac219cd6e23a4850f00e:0
[77346360ms] [ERROR] Faro
 @grafana/faro-web-sdk:transport-fetch
 Failed sending payload to the receiver
 {meta: Object, events: Array(1)} TypeError: Failed to fetch
    at https://grafana-assets.grafana.net/grafana/13.2.0-30616302309/public/build/1849-react19.2ac26fdddffdb4cf8597.js:177:52559
    at window.fetch (https://plugins-cdn.grafana.net/grafana-kowalski-app/1.64.0/public/plugins/grafana-kowalski-app/463.js?_cache=1ed629a5641ef9c0de99:2:206687)
    at https://plugins-cdn.grafana.net/grafana-kowalski-app/1.64.0/public/plugins/grafana-kowalski-app/463.js?_cache=1ed629a5641ef9c0de99:2:336969
    at o.<computed>.o.<computed> (https://rsi.grafana.com/v1.1/js-integrations/Fullstory.min.js:1:5852)
    at Mr.<anonymous> (https://plugins-cdn.grafana.net/grafana-kowalski-app/1.64.0/public/plugins/grafana-kowalski-app/463.js?_cache=1ed629a5641ef9c0de99:2:268817)
    at Generator.throw (<anonymous>)
    at a (https://plugins-cdn.grafana.net/grafana-kowalski-app/1.64.0/public/plugins/grafana-kowalski-app/463.js?_cache=1ed629a5641ef9c0de99:2:264709) @ https://plugins-cdn.grafana.net/grafana-kowalski-app/1.64.0/public/plugins/grafana-kowalski-app/463.js?_cache=1ed629a5641ef9c0de99:1
[77347691ms] [ERROR] Failed to load resource: net::ERR_INTERNET_DISCONNECTED @ https://faro-collector-ops-eu-south-0.grafana-ops.net/collect/bc03dd0f2a088059ae67a23bc296a26d:0
[77347695ms] [ERROR] Failed to load resource: net::ERR_INTERNET_DISCONNECTED @ https://faro-collector-ops-eu-south-0.grafana-ops.net/collect/bc03dd0f2a088059ae67a23bc296a26d:0
[77355602ms] [ERROR] WebSocket connection to 'wss://devfedb13.grafana.net/api/live/ws' failed: Error in connection establishment: net::ERR_INTERNET_DISCONNECTED @ https://grafana-assets.grafana.net/grafana/13.2.0-30616302309/public/build/3788-react19.93988d65f50992991cc7.js:291
[77355610ms] [ERROR] Failed to load resource: net::ERR_INTERNET_DISCONNECTED @ https://devfedb13.grafana.net/api/login/ping:0
[77355690ms] [ERROR] Failed to load resource: net::ERR_INTERNET_DISCONNECTED @ https://faro-collector-ops-eu-south-0.grafana-ops.net/collect/bc03dd0f2a088059ae67a23bc296a26d:0
[77355692ms] [ERROR] Failed to load resource: net::ERR_INTERNET_DISCONNECTED @ https://faro-collector-ops-eu-south-0.grafana-ops.net/collect/bc03dd0f2a088059ae67a23bc296a26d:0
[77355859ms] [ERROR] Failed to load resource: net::ERR_INTERNET_DISCONNECTED @ https://faro-collector-ops-eu-south-0.grafana-ops.net/collect/2aaaae17b963ac219cd6e23a4850f00e:0
[77355861ms] [ERROR] Failed to load resource: net::ERR_INTERNET_DISCONNECTED @ https://faro-collector-ops-eu-south-0.grafana-ops.net/collect/2aaaae17b963ac219cd6e23a4850f00e:0
[77355861ms] [ERROR] Faro
 @grafana/faro-web-sdk:transport-fetch
 Failed sending payload to the receiver
 {meta: Object, events: Array(1)} TypeError: Failed to fetch
    at https://grafana-assets.grafana.net/grafana/13.2.0-30616302309/public/build/1849-react19.2ac26fdddffdb4cf8597.js:177:52559
    at window.fetch (https://plugins-cdn.grafana.net/grafana-kowalski-app/1.64.0/public/plugins/grafana-kowalski-app/463.js?_cache=1ed629a5641ef9c0de99:2:206687)
    at https://plugins-cdn.grafana.net/grafana-kowalski-app/1.64.0/public/plugins/grafana-kowalski-app/463.js?_cache=1ed629a5641ef9c0de99:2:336969
    at o.<computed>.o.<computed> (https://rsi.grafana.com/v1.1/js-integrations/Fullstory.min.js:1:5852)
    at Mr.<anonymous> (https://plugins-cdn.grafana.net/grafana-kowalski-app/1.64.0/public/plugins/grafana-kowalski-app/463.js?_cache=1ed629a5641ef9c0de99:2:268817)
    at Generator.throw (<anonymous>)
    at a (https://plugins-cdn.grafana.net/grafana-kowalski-app/1.64.0/public/plugins/grafana-kowalski-app/463.js?_cache=1ed629a5641ef9c0de99:2:264709) @ https://plugins-cdn.grafana.net/grafana-kowalski-app/1.64.0/public/plugins/grafana-kowalski-app/463.js?_cache=1ed629a5641ef9c0de99:1
[77357691ms] [ERROR] Failed to load resource: net::ERR_INTERNET_DISCONNECTED @ https://faro-collector-ops-eu-south-0.grafana-ops.net/collect/bc03dd0f2a088059ae67a23bc296a26d:0
[77357695ms] [ERROR] Failed to load resource: net::ERR_INTERNET_DISCONNECTED @ https://faro-collector-ops-eu-south-0.grafana-ops.net/collect/bc03dd0f2a088059ae67a23bc296a26d:0
[77368519ms] [ERROR] WebSocket connection to 'wss://devfedb13.grafana.net/api/live/ws' failed: Error in connection establishment: net::ERR_INTERNET_DISCONNECTED @ https://grafana-assets.grafana.net/grafana/13.2.0-30616302309/public/build/3788-react19.93988d65f50992991cc7.js:291
[77368535ms] [ERROR] Failed to load resource: net::ERR_INTERNET_DISCONNECTED @ https://devfedb13.grafana.net/api/login/ping:0
[77368614ms] [ERROR] Failed to load resource: net::ERR_INTERNET_DISCONNECTED @ https://faro-collector-ops-eu-south-0.grafana-ops.net/collect/2aaaae17b963ac219cd6e23a4850f00e:0
[77368617ms] [ERROR] Failed to load resource: net::ERR_INTERNET_DISCONNECTED @ https://faro-collector-ops-eu-south-0.grafana-ops.net/collect/2aaaae17b963ac219cd6e23a4850f00e:0
[77368618ms] [ERROR] Faro
 @grafana/faro-web-sdk:transport-fetch
 Failed sending payload to the receiver
 {meta: Object, events: Array(1)} TypeError: Failed to fetch
    at https://grafana-assets.grafana.net/grafana/13.2.0-30616302309/public/build/1849-react19.2ac26fdddffdb4cf8597.js:177:52559
    at window.fetch (https://plugins-cdn.grafana.net/grafana-kowalski-app/1.64.0/public/plugins/grafana-kowalski-app/463.js?_cache=1ed629a5641ef9c0de99:2:206687)
    at https://plugins-cdn.grafana.net/grafana-kowalski-app/1.64.0/public/plugins/grafana-kowalski-app/463.js?_cache=1ed629a5641ef9c0de99:2:336969
    at o.<computed>.o.<computed> (https://rsi.grafana.com/v1.1/js-integrations/Fullstory.min.js:1:5852)
    at Mr.<anonymous> (https://plugins-cdn.grafana.net/grafana-kowalski-app/1.64.0/public/plugins/grafana-kowalski-app/463.js?_cache=1ed629a5641ef9c0de99:2:268817)
    at Generator.throw (<anonymous>)
    at a (https://plugins-cdn.grafana.net/grafana-kowalski-app/1.64.0/public/plugins/grafana-kowalski-app/463.js?_cache=1ed629a5641ef9c0de99:2:264709) @ https://plugins-cdn.grafana.net/grafana-kowalski-app/1.64.0/public/plugins/grafana-kowalski-app/463.js?_cache=1ed629a5641ef9c0de99:1
[77369693ms] [ERROR] Failed to load resource: net::ERR_INTERNET_DISCONNECTED @ https://faro-collector-ops-eu-south-0.grafana-ops.net/collect/bc03dd0f2a088059ae67a23bc296a26d:0
[77369696ms] [ERROR] Failed to load resource: net::ERR_INTERNET_DISCONNECTED @ https://faro-collector-ops-eu-south-0.grafana-ops.net/collect/bc03dd0f2a088059ae67a23bc296a26d:0
[77370089ms] [ERROR] WebSocket connection to 'wss://devfedb13.grafana.net/api/live/ws' failed: Error in connection establishment: net::ERR_INTERNET_DISCONNECTED @ https://grafana-assets.grafana.net/grafana/13.2.0-30616302309/public/build/3788-react19.93988d65f50992991cc7.js:291
[77371694ms] [ERROR] Failed to load resource: net::ERR_INTERNET_DISCONNECTED @ https://faro-collector-ops-eu-south-0.grafana-ops.net/collect/bc03dd0f2a088059ae67a23bc296a26d:0
[77371700ms] [ERROR] Failed to load resource: net::ERR_INTERNET_DISCONNECTED @ https://faro-collector-ops-eu-south-0.grafana-ops.net/collect/bc03dd0f2a088059ae67a23bc296a26d:0
[77377413ms] [ERROR] WebSocket connection to 'wss://devfedb13.grafana.net/api/live/ws' failed: Error in connection establishment: net::ERR_INTERNET_DISCONNECTED @ https://grafana-assets.grafana.net/grafana/13.2.0-30616302309/public/build/3788-react19.93988d65f50992991cc7.js:291
[77377424ms] [ERROR] Failed to load resource: net::ERR_INTERNET_DISCONNECTED @ https://devfedb13.grafana.net/api/login/ping:0
[77377607ms] [ERROR] Failed to load resource: net::ERR_INTERNET_DISCONNECTED @ https://faro-collector-ops-eu-south-0.grafana-ops.net/collect/2aaaae17b963ac219cd6e23a4850f00e:0
[77377610ms] [ERROR] Failed to load resource: net::ERR_INTERNET_DISCONNECTED @ https://faro-collector-ops-eu-south-0.grafana-ops.net/collect/2aaaae17b963ac219cd6e23a4850f00e:0
[77377610ms] [ERROR] Faro
 @grafana/faro-web-sdk:transport-fetch
 Failed sending payload to the receiver
 {meta: Object, events: Array(1)} TypeError: Failed to fetch
    at https://grafana-assets.grafana.net/grafana/13.2.0-30616302309/public/build/1849-react19.2ac26fdddffdb4cf8597.js:177:52559
    at window.fetch (https://plugins-cdn.grafana.net/grafana-kowalski-app/1.64.0/public/plugins/grafana-kowalski-app/463.js?_cache=1ed629a5641ef9c0de99:2:206687)
    at https://plugins-cdn.grafana.net/grafana-kowalski-app/1.64.0/public/plugins/grafana-kowalski-app/463.js?_cache=1ed629a5641ef9c0de99:2:336969
    at o.<computed>.o.<computed> (https://rsi.grafana.com/v1.1/js-integrations/Fullstory.min.js:1:5852)
    at Mr.<anonymous> (https://plugins-cdn.grafana.net/grafana-kowalski-app/1.64.0/public/plugins/grafana-kowalski-app/463.js?_cache=1ed629a5641ef9c0de99:2:268817)
    at Generator.throw (<anonymous>)
    at a (https://plugins-cdn.grafana.net/grafana-kowalski-app/1.64.0/public/plugins/grafana-kowalski-app/463.js?_cache=1ed629a5641ef9c0de99:2:264709) @ https://plugins-cdn.grafana.net/grafana-kowalski-app/1.64.0/public/plugins/grafana-kowalski-app/463.js?_cache=1ed629a5641ef9c0de99:1
[77377687ms] [ERROR] Failed to load resource: net::ERR_INTERNET_DISCONNECTED @ https://faro-collector-ops-eu-south-0.grafana-ops.net/collect/bc03dd0f2a088059ae67a23bc296a26d:0
[77377691ms] [ERROR] Failed to load resource: net::ERR_INTERNET_DISCONNECTED @ https://faro-collector-ops-eu-south-0.grafana-ops.net/collect/bc03dd0f2a088059ae67a23bc296a26d:0
[77379688ms] [ERROR] Failed to load resource: net::ERR_INTERNET_DISCONNECTED @ https://faro-collector-ops-eu-south-0.grafana-ops.net/collect/bc03dd0f2a088059ae67a23bc296a26d:0
[77379690ms] [ERROR] Failed to load resource: net::ERR_INTERNET_DISCONNECTED @ https://faro-collector-ops-eu-south-0.grafana-ops.net/collect/bc03dd0f2a088059ae67a23bc296a26d:0
[77384027ms] [ERROR] WebSocket connection to 'wss://devfedb13.grafana.net/api/live/ws' failed: Error in connection establishment: net::ERR_INTERNET_DISCONNECTED @ https://grafana-assets.grafana.net/grafana/13.2.0-30616302309/public/build/3788-react19.93988d65f50992991cc7.js:291
[77384030ms] [ERROR] Failed to load resource: net::ERR_INTERNET_DISCONNECTED @ https://devfedb13.grafana.net/api/login/ping:0
[77384104ms] [ERROR] Failed to load resource: net::ERR_INTERNET_DISCONNECTED @ https://faro-collector-ops-eu-south-0.grafana-ops.net/collect/2aaaae17b963ac219cd6e23a4850f00e:0
[77384107ms] [ERROR] Failed to load resource: net::ERR_INTERNET_DISCONNECTED @ https://faro-collector-ops-eu-south-0.grafana-ops.net/collect/2aaaae17b963ac219cd6e23a4850f00e:0
[77384107ms] [ERROR] Faro
 @grafana/faro-web-sdk:transport-fetch
 Failed sending payload to the receiver
 {meta: Object, events: Array(1)} TypeError: Failed to fetch
    at https://grafana-assets.grafana.net/grafana/13.2.0-30616302309/public/build/1849-react19.2ac26fdddffdb4cf8597.js:177:52559
    at window.fetch (https://plugins-cdn.grafana.net/grafana-kowalski-app/1.64.0/public/plugins/grafana-kowalski-app/463.js?_cache=1ed629a5641ef9c0de99:2:206687)
    at https://plugins-cdn.grafana.net/grafana-kowalski-app/1.64.0/public/plugins/grafana-kowalski-app/463.js?_cache=1ed629a5641ef9c0de99:2:336969
    at o.<computed>.o.<computed> (https://rsi.grafana.com/v1.1/js-integrations/Fullstory.min.js:1:5852)
    at Mr.<anonymous> (https://plugins-cdn.grafana.net/grafana-kowalski-app/1.64.0/public/plugins/grafana-kowalski-app/463.js?_cache=1ed629a5641ef9c0de99:2:268817)
    at Generator.throw (<anonymous>)
    at a (https://plugins-cdn.grafana.net/grafana-kowalski-app/1.64.0/public/plugins/grafana-kowalski-app/463.js?_cache=1ed629a5641ef9c0de99:2:264709) @ https://plugins-cdn.grafana.net/grafana-kowalski-app/1.64.0/public/plugins/grafana-kowalski-app/463.js?_cache=1ed629a5641ef9c0de99:1
[77385688ms] [ERROR] Failed to load resource: net::ERR_INTERNET_DISCONNECTED @ https://faro-collector-ops-eu-south-0.grafana-ops.net/collect/bc03dd0f2a088059ae67a23bc296a26d:0
[77385690ms] [ERROR] Failed to load resource: net::ERR_INTERNET_DISCONNECTED @ https://faro-collector-ops-eu-south-0.grafana-ops.net/collect/bc03dd0f2a088059ae67a23bc296a26d:0
[77394780ms] [ERROR] WebSocket connection to 'wss://devfedb13.grafana.net/api/live/ws' failed: Error in connection establishment: net::ERR_INTERNET_DISCONNECTED @ https://grafana-assets.grafana.net/grafana/13.2.0-30616302309/public/build/3788-react19.93988d65f50992991cc7.js:291
[77394788ms] [ERROR] Failed to load resource: net::ERR_INTERNET_DISCONNECTED @ https://devfedb13.grafana.net/api/login/ping:0
[77394858ms] [ERROR] Failed to load resource: net::ERR_INTERNET_DISCONNECTED @ https://faro-collector-ops-eu-south-0.grafana-ops.net/collect/2aaaae17b963ac219cd6e23a4850f00e:0
[77394862ms] [ERROR] Failed to load resource: net::ERR_INTERNET_DISCONNECTED @ https://faro-collector-ops-eu-south-0.grafana-ops.net/collect/2aaaae17b963ac219cd6e23a4850f00e:0
[77394862ms] [ERROR] Faro
 @grafana/faro-web-sdk:transport-fetch
 Failed sending payload to the receiver
 {meta: Object, events: Array(1)} TypeError: Failed to fetch
    at https://grafana-assets.grafana.net/grafana/13.2.0-30616302309/public/build/1849-react19.2ac26fdddffdb4cf8597.js:177:52559
    at window.fetch (https://plugins-cdn.grafana.net/grafana-kowalski-app/1.64.0/public/plugins/grafana-kowalski-app/463.js?_cache=1ed629a5641ef9c0de99:2:206687)
    at https://plugins-cdn.grafana.net/grafana-kowalski-app/1.64.0/public/plugins/grafana-kowalski-app/463.js?_cache=1ed629a5641ef9c0de99:2:336969
    at o.<computed>.o.<computed> (https://rsi.grafana.com/v1.1/js-integrations/Fullstory.min.js:1:5852)
    at Mr.<anonymous> (https://plugins-cdn.grafana.net/grafana-kowalski-app/1.64.0/public/plugins/grafana-kowalski-app/463.js?_cache=1ed629a5641ef9c0de99:2:268817)
    at Generator.throw (<anonymous>)
    at a (https://plugins-cdn.grafana.net/grafana-kowalski-app/1.64.0/public/plugins/grafana-kowalski-app/463.js?_cache=1ed629a5641ef9c0de99:2:264709) @ https://plugins-cdn.grafana.net/grafana-kowalski-app/1.64.0/public/plugins/grafana-kowalski-app/463.js?_cache=1ed629a5641ef9c0de99:1
[77395688ms] [ERROR] Failed to load resource: net::ERR_INTERNET_DISCONNECTED @ https://faro-collector-ops-eu-south-0.grafana-ops.net/collect/bc03dd0f2a088059ae67a23bc296a26d:0
[77395692ms] [ERROR] Failed to load resource: net::ERR_INTERNET_DISCONNECTED @ https://faro-collector-ops-eu-south-0.grafana-ops.net/collect/bc03dd0f2a088059ae67a23bc296a26d:0
[77397692ms] [ERROR] Failed to load resource: net::ERR_INTERNET_DISCONNECTED @ https://faro-collector-ops-eu-south-0.grafana-ops.net/collect/bc03dd0f2a088059ae67a23bc296a26d:0
[77397697ms] [ERROR] Failed to load resource: net::ERR_INTERNET_DISCONNECTED @ https://faro-collector-ops-eu-south-0.grafana-ops.net/collect/bc03dd0f2a088059ae67a23bc296a26d:0
[77409365ms] [ERROR] WebSocket connection to 'wss://devfedb13.grafana.net/api/live/ws' failed: Error in connection establishment: net::ERR_INTERNET_DISCONNECTED @ https://grafana-assets.grafana.net/grafana/13.2.0-30616302309/public/build/3788-react19.93988d65f50992991cc7.js:291
[77409370ms] [ERROR] Failed to load resource: net::ERR_INTERNET_DISCONNECTED @ https://devfedb13.grafana.net/api/login/ping:0
[77409608ms] [ERROR] Failed to load resource: net::ERR_INTERNET_DISCONNECTED @ https://faro-collector-ops-eu-south-0.grafana-ops.net/collect/2aaaae17b963ac219cd6e23a4850f00e:0
[77409614ms] [ERROR] Failed to load resource: net::ERR_INTERNET_DISCONNECTED @ https://faro-collector-ops-eu-south-0.grafana-ops.net/collect/2aaaae17b963ac219cd6e23a4850f00e:0
[77409614ms] [ERROR] Faro
 @grafana/faro-web-sdk:transport-fetch
 Failed sending payload to the receiver
 {meta: Object, events: Array(1)} TypeError: Failed to fetch
    at https://grafana-assets.grafana.net/grafana/13.2.0-30616302309/public/build/1849-react19.2ac26fdddffdb4cf8597.js:177:52559
    at window.fetch (https://plugins-cdn.grafana.net/grafana-kowalski-app/1.64.0/public/plugins/grafana-kowalski-app/463.js?_cache=1ed629a5641ef9c0de99:2:206687)
    at https://plugins-cdn.grafana.net/grafana-kowalski-app/1.64.0/public/plugins/grafana-kowalski-app/463.js?_cache=1ed629a5641ef9c0de99:2:336969
    at o.<computed>.o.<computed> (https://rsi.grafana.com/v1.1/js-integrations/Fullstory.min.js:1:5852)
    at Mr.<anonymous> (https://plugins-cdn.grafana.net/grafana-kowalski-app/1.64.0/public/plugins/grafana-kowalski-app/463.js?_cache=1ed629a5641ef9c0de99:2:268817)
    at Generator.throw (<anonymous>)
    at a (https://plugins-cdn.grafana.net/grafana-kowalski-app/1.64.0/public/plugins/grafana-kowalski-app/463.js?_cache=1ed629a5641ef9c0de99:2:264709) @ https://plugins-cdn.grafana.net/grafana-kowalski-app/1.64.0/public/plugins/grafana-kowalski-app/463.js?_cache=1ed629a5641ef9c0de99:1
[77409691ms] [ERROR] Failed to load resource: net::ERR_INTERNET_DISCONNECTED @ https://faro-collector-ops-eu-south-0.grafana-ops.net/collect/bc03dd0f2a088059ae67a23bc296a26d:0
[77409696ms] [ERROR] Failed to load resource: net::ERR_INTERNET_DISCONNECTED @ https://faro-collector-ops-eu-south-0.grafana-ops.net/collect/bc03dd0f2a088059ae67a23bc296a26d:0
[77411693ms] [ERROR] Failed to load resource: net::ERR_INTERNET_DISCONNECTED @ https://faro-collector-ops-eu-south-0.grafana-ops.net/collect/bc03dd0f2a088059ae67a23bc296a26d:0
[77411698ms] [ERROR] Failed to load resource: net::ERR_INTERNET_DISCONNECTED @ https://faro-collector-ops-eu-south-0.grafana-ops.net/collect/bc03dd0f2a088059ae67a23bc296a26d:0
[77425144ms] [ERROR] WebSocket connection to 'wss://devfedb13.grafana.net/api/live/ws' failed: Error in connection establishment: net::ERR_INTERNET_DISCONNECTED @ https://grafana-assets.grafana.net/grafana/13.2.0-30616302309/public/build/3788-react19.93988d65f50992991cc7.js:291
[77425152ms] [ERROR] Failed to load resource: net::ERR_INTERNET_DISCONNECTED @ https://devfedb13.grafana.net/api/login/ping:0
[77425358ms] [ERROR] Failed to load resource: net::ERR_INTERNET_DISCONNECTED @ https://faro-collector-ops-eu-south-0.grafana-ops.net/collect/2aaaae17b963ac219cd6e23a4850f00e:0
[77425362ms] [ERROR] Failed to load resource: net::ERR_INTERNET_DISCONNECTED @ https://faro-collector-ops-eu-south-0.grafana-ops.net/collect/2aaaae17b963ac219cd6e23a4850f00e:0
[77425362ms] [ERROR] Faro
 @grafana/faro-web-sdk:transport-fetch
 Failed sending payload to the receiver
 {meta: Object, events: Array(1)} TypeError: Failed to fetch
    at https://grafana-assets.grafana.net/grafana/13.2.0-30616302309/public/build/1849-react19.2ac26fdddffdb4cf8597.js:177:52559
    at window.fetch (https://plugins-cdn.grafana.net/grafana-kowalski-app/1.64.0/public/plugins/grafana-kowalski-app/463.js?_cache=1ed629a5641ef9c0de99:2:206687)
    at https://plugins-cdn.grafana.net/grafana-kowalski-app/1.64.0/public/plugins/grafana-kowalski-app/463.js?_cache=1ed629a5641ef9c0de99:2:336969
    at o.<computed>.o.<computed> (https://rsi.grafana.com/v1.1/js-integrations/Fullstory.min.js:1:5852)
    at Mr.<anonymous> (https://plugins-cdn.grafana.net/grafana-kowalski-app/1.64.0/public/plugins/grafana-kowalski-app/463.js?_cache=1ed629a5641ef9c0de99:2:268817)
    at Generator.throw (<anonymous>)
    at a (https://plugins-cdn.grafana.net/grafana-kowalski-app/1.64.0/public/plugins/grafana-kowalski-app/463.js?_cache=1ed629a5641ef9c0de99:2:264709) @ https://plugins-cdn.grafana.net/grafana-kowalski-app/1.64.0/public/plugins/grafana-kowalski-app/463.js?_cache=1ed629a5641ef9c0de99:1
[77425691ms] [ERROR] Failed to load resource: net::ERR_INTERNET_DISCONNECTED @ https://faro-collector-ops-eu-south-0.grafana-ops.net/collect/bc03dd0f2a088059ae67a23bc296a26d:0
[77425695ms] [ERROR] Failed to load resource: net::ERR_INTERNET_DISCONNECTED @ https://faro-collector-ops-eu-south-0.grafana-ops.net/collect/bc03dd0f2a088059ae67a23bc296a26d:0
[77427691ms] [ERROR] Failed to load resource: net::ERR_INTERNET_DISCONNECTED @ https://faro-collector-ops-eu-south-0.grafana-ops.net/collect/bc03dd0f2a088059ae67a23bc296a26d:0
[77427696ms] [ERROR] Failed to load resource: net::ERR_INTERNET_DISCONNECTED @ https://faro-collector-ops-eu-south-0.grafana-ops.net/collect/bc03dd0f2a088059ae67a23bc296a26d:0
[77433794ms] [ERROR] WebSocket connection to 'wss://devfedb13.grafana.net/api/live/ws' failed: Error in connection establishment: net::ERR_INTERNET_DISCONNECTED @ https://grafana-assets.grafana.net/grafana/13.2.0-30616302309/public/build/3788-react19.93988d65f50992991cc7.js:291
[77433804ms] [ERROR] Failed to load resource: net::ERR_INTERNET_DISCONNECTED @ https://devfedb13.grafana.net/api/login/ping:0
[77433863ms] [ERROR] Failed to load resource: net::ERR_INTERNET_DISCONNECTED @ https://faro-collector-ops-eu-south-0.grafana-ops.net/collect/2aaaae17b963ac219cd6e23a4850f00e:0
[77433869ms] [ERROR] Failed to load resource: net::ERR_INTERNET_DISCONNECTED @ https://faro-collector-ops-eu-south-0.grafana-ops.net/collect/2aaaae17b963ac219cd6e23a4850f00e:0
[77433869ms] [ERROR] Faro
 @grafana/faro-web-sdk:transport-fetch
 Failed sending payload to the receiver
 {meta: Object, events: Array(1)} TypeError: Failed to fetch
    at https://grafana-assets.grafana.net/grafana/13.2.0-30616302309/public/build/1849-react19.2ac26fdddffdb4cf8597.js:177:52559
    at window.fetch (https://plugins-cdn.grafana.net/grafana-kowalski-app/1.64.0/public/plugins/grafana-kowalski-app/463.js?_cache=1ed629a5641ef9c0de99:2:206687)
    at https://plugins-cdn.grafana.net/grafana-kowalski-app/1.64.0/public/plugins/grafana-kowalski-app/463.js?_cache=1ed629a5641ef9c0de99:2:336969
    at o.<computed>.o.<computed> (https://rsi.grafana.com/v1.1/js-integrations/Fullstory.min.js:1:5852)
    at Mr.<anonymous> (https://plugins-cdn.grafana.net/grafana-kowalski-app/1.64.0/public/plugins/grafana-kowalski-app/463.js?_cache=1ed629a5641ef9c0de99:2:268817)
    at Generator.throw (<anonymous>)
    at a (https://plugins-cdn.grafana.net/grafana-kowalski-app/1.64.0/public/plugins/grafana-kowalski-app/463.js?_cache=1ed629a5641ef9c0de99:2:264709) @ https://plugins-cdn.grafana.net/grafana-kowalski-app/1.64.0/public/plugins/grafana-kowalski-app/463.js?_cache=1ed629a5641ef9c0de99:1
[77435693ms] [ERROR] Failed to load resource: net::ERR_INTERNET_DISCONNECTED @ https://faro-collector-ops-eu-south-0.grafana-ops.net/collect/bc03dd0f2a088059ae67a23bc296a26d:0
[77435698ms] [ERROR] Failed to load resource: net::ERR_INTERNET_DISCONNECTED @ https://faro-collector-ops-eu-south-0.grafana-ops.net/collect/bc03dd0f2a088059ae67a23bc296a26d:0
[77451146ms] [ERROR] WebSocket connection to 'wss://devfedb13.grafana.net/api/live/ws' failed: Error in connection establishment: net::ERR_INTERNET_DISCONNECTED @ https://grafana-assets.grafana.net/grafana/13.2.0-30616302309/public/build/3788-react19.93988d65f50992991cc7.js:291
[77451153ms] [ERROR] Failed to load resource: net::ERR_INTERNET_DISCONNECTED @ https://devfedb13.grafana.net/api/login/ping:0
[77451357ms] [ERROR] Failed to load resource: net::ERR_INTERNET_DISCONNECTED @ https://faro-collector-ops-eu-south-0.grafana-ops.net/collect/2aaaae17b963ac219cd6e23a4850f00e:0
[77451359ms] [ERROR] Failed to load resource: net::ERR_INTERNET_DISCONNECTED @ https://faro-collector-ops-eu-south-0.grafana-ops.net/collect/2aaaae17b963ac219cd6e23a4850f00e:0
[77451359ms] [ERROR] Faro
 @grafana/faro-web-sdk:transport-fetch
 Failed sending payload to the receiver
 {meta: Object, events: Array(1)} TypeError: Failed to fetch
    at https://grafana-assets.grafana.net/grafana/13.2.0-30616302309/public/build/1849-react19.2ac26fdddffdb4cf8597.js:177:52559
    at window.fetch (https://plugins-cdn.grafana.net/grafana-kowalski-app/1.64.0/public/plugins/grafana-kowalski-app/463.js?_cache=1ed629a5641ef9c0de99:2:206687)
    at https://plugins-cdn.grafana.net/grafana-kowalski-app/1.64.0/public/plugins/grafana-kowalski-app/463.js?_cache=1ed629a5641ef9c0de99:2:336969
    at o.<computed>.o.<computed> (https://rsi.grafana.com/v1.1/js-integrations/Fullstory.min.js:1:5852)
    at Mr.<anonymous> (https://plugins-cdn.grafana.net/grafana-kowalski-app/1.64.0/public/plugins/grafana-kowalski-app/463.js?_cache=1ed629a5641ef9c0de99:2:268817)
    at Generator.throw (<anonymous>)
    at a (https://plugins-cdn.grafana.net/grafana-kowalski-app/1.64.0/public/plugins/grafana-kowalski-app/463.js?_cache=1ed629a5641ef9c0de99:2:264709) @ https://plugins-cdn.grafana.net/grafana-kowalski-app/1.64.0/public/plugins/grafana-kowalski-app/463.js?_cache=1ed629a5641ef9c0de99:1
[77451692ms] [ERROR] Failed to load resource: net::ERR_INTERNET_DISCONNECTED @ https://faro-collector-ops-eu-south-0.grafana-ops.net/collect/bc03dd0f2a088059ae67a23bc296a26d:0
[77451696ms] [ERROR] Failed to load resource: net::ERR_INTERNET_DISCONNECTED @ https://faro-collector-ops-eu-south-0.grafana-ops.net/collect/bc03dd0f2a088059ae67a23bc296a26d:0
[77453688ms] [ERROR] Failed to load resource: net::ERR_INTERNET_DISCONNECTED @ https://faro-collector-ops-eu-south-0.grafana-ops.net/collect/bc03dd0f2a088059ae67a23bc296a26d:0
[77453690ms] [ERROR] Failed to load resource: net::ERR_INTERNET_DISCONNECTED @ https://faro-collector-ops-eu-south-0.grafana-ops.net/collect/bc03dd0f2a088059ae67a23bc296a26d:0
[77470571ms] [ERROR] WebSocket connection to 'wss://devfedb13.grafana.net/api/live/ws' failed: Error in connection establishment: net::ERR_INTERNET_DISCONNECTED @ https://grafana-assets.grafana.net/grafana/13.2.0-30616302309/public/build/3788-react19.93988d65f50992991cc7.js:291
[77470579ms] [ERROR] Failed to load resource: net::ERR_INTERNET_DISCONNECTED @ https://devfedb13.grafana.net/api/login/ping:0
[77470607ms] [ERROR] Failed to load resource: net::ERR_INTERNET_DISCONNECTED @ https://faro-collector-ops-eu-south-0.grafana-ops.net/collect/2aaaae17b963ac219cd6e23a4850f00e:0
[77470611ms] [ERROR] Failed to load resource: net::ERR_INTERNET_DISCONNECTED @ https://faro-collector-ops-eu-south-0.grafana-ops.net/collect/2aaaae17b963ac219cd6e23a4850f00e:0
[77470611ms] [ERROR] Faro
 @grafana/faro-web-sdk:transport-fetch
 Failed sending payload to the receiver
 {meta: Object, events: Array(1)} TypeError: Failed to fetch
    at https://grafana-assets.grafana.net/grafana/13.2.0-30616302309/public/build/1849-react19.2ac26fdddffdb4cf8597.js:177:52559
    at window.fetch (https://plugins-cdn.grafana.net/grafana-kowalski-app/1.64.0/public/plugins/grafana-kowalski-app/463.js?_cache=1ed629a5641ef9c0de99:2:206687)
    at https://plugins-cdn.grafana.net/grafana-kowalski-app/1.64.0/public/plugins/grafana-kowalski-app/463.js?_cache=1ed629a5641ef9c0de99:2:336969
    at o.<computed>.o.<computed> (https://rsi.grafana.com/v1.1/js-integrations/Fullstory.min.js:1:5852)
    at Mr.<anonymous> (https://plugins-cdn.grafana.net/grafana-kowalski-app/1.64.0/public/plugins/grafana-kowalski-app/463.js?_cache=1ed629a5641ef9c0de99:2:268817)
    at Generator.throw (<anonymous>)
    at a (https://plugins-cdn.grafana.net/grafana-kowalski-app/1.64.0/public/plugins/grafana-kowalski-app/463.js?_cache=1ed629a5641ef9c0de99:2:264709) @ https://plugins-cdn.grafana.net/grafana-kowalski-app/1.64.0/public/plugins/grafana-kowalski-app/463.js?_cache=1ed629a5641ef9c0de99:1
[77471692ms] [ERROR] Failed to load resource: net::ERR_INTERNET_DISCONNECTED @ https://faro-collector-ops-eu-south-0.grafana-ops.net/collect/bc03dd0f2a088059ae67a23bc296a26d:0
[77471697ms] [ERROR] Failed to load resource: net::ERR_INTERNET_DISCONNECTED @ https://faro-collector-ops-eu-south-0.grafana-ops.net/collect/bc03dd0f2a088059ae67a23bc296a26d:0
[77473687ms] [ERROR] Failed to load resource: net::ERR_INTERNET_DISCONNECTED @ https://faro-collector-ops-eu-south-0.grafana-ops.net/collect/bc03dd0f2a088059ae67a23bc296a26d:0
[77473688ms] [ERROR] Failed to load resource: net::ERR_INTERNET_DISCONNECTED @ https://faro-collector-ops-eu-south-0.grafana-ops.net/collect/bc03dd0f2a088059ae67a23bc296a26d:0
[77479133ms] [ERROR] WebSocket connection to 'wss://devfedb13.grafana.net/api/live/ws' failed: Error in connection establishment: net::ERR_INTERNET_DISCONNECTED @ https://grafana-assets.grafana.net/grafana/13.2.0-30616302309/public/build/3788-react19.93988d65f50992991cc7.js:291
[77479140ms] [ERROR] Failed to load resource: net::ERR_INTERNET_DISCONNECTED @ https://devfedb13.grafana.net/api/login/ping:0
[77479358ms] [ERROR] Failed to load resource: net::ERR_INTERNET_DISCONNECTED @ https://faro-collector-ops-eu-south-0.grafana-ops.net/collect/2aaaae17b963ac219cd6e23a4850f00e:0
[77479361ms] [ERROR] Failed to load resource: net::ERR_INTERNET_DISCONNECTED @ https://faro-collector-ops-eu-south-0.grafana-ops.net/collect/2aaaae17b963ac219cd6e23a4850f00e:0
[77479361ms] [ERROR] Faro
 @grafana/faro-web-sdk:transport-fetch
 Failed sending payload to the receiver
 {meta: Object, events: Array(1)} TypeError: Failed to fetch
    at https://grafana-assets.grafana.net/grafana/13.2.0-30616302309/public/build/1849-react19.2ac26fdddffdb4cf8597.js:177:52559
    at window.fetch (https://plugins-cdn.grafana.net/grafana-kowalski-app/1.64.0/public/plugins/grafana-kowalski-app/463.js?_cache=1ed629a5641ef9c0de99:2:206687)
    at https://plugins-cdn.grafana.net/grafana-kowalski-app/1.64.0/public/plugins/grafana-kowalski-app/463.js?_cache=1ed629a5641ef9c0de99:2:336969
    at o.<computed>.o.<computed> (https://rsi.grafana.com/v1.1/js-integrations/Fullstory.min.js:1:5852)
    at Mr.<anonymous> (https://plugins-cdn.grafana.net/grafana-kowalski-app/1.64.0/public/plugins/grafana-kowalski-app/463.js?_cache=1ed629a5641ef9c0de99:2:268817)
    at Generator.throw (<anonymous>)
    at a (https://plugins-cdn.grafana.net/grafana-kowalski-app/1.64.0/public/plugins/grafana-kowalski-app/463.js?_cache=1ed629a5641ef9c0de99:2:264709) @ https://plugins-cdn.grafana.net/grafana-kowalski-app/1.64.0/public/plugins/grafana-kowalski-app/463.js?_cache=1ed629a5641ef9c0de99:1
[77479690ms] [ERROR] Failed to load resource: net::ERR_INTERNET_DISCONNECTED @ https://faro-collector-ops-eu-south-0.grafana-ops.net/collect/bc03dd0f2a088059ae67a23bc296a26d:0
[77479695ms] [ERROR] Failed to load resource: net::ERR_INTERNET_DISCONNECTED @ https://faro-collector-ops-eu-south-0.grafana-ops.net/collect/bc03dd0f2a088059ae67a23bc296a26d:0
[77481695ms] [ERROR] Failed to load resource: net::ERR_INTERNET_DISCONNECTED @ https://faro-collector-ops-eu-south-0.grafana-ops.net/collect/bc03dd0f2a088059ae67a23bc296a26d:0
[77481700ms] [ERROR] Failed to load resource: net::ERR_INTERNET_DISCONNECTED @ https://faro-collector-ops-eu-south-0.grafana-ops.net/collect/bc03dd0f2a088059ae67a23bc296a26d:0
[77495375ms] [ERROR] WebSocket connection to 'wss://devfedb13.grafana.net/api/live/ws' failed: Error in connection establishment: net::ERR_INTERNET_DISCONNECTED @ https://grafana-assets.grafana.net/grafana/13.2.0-30616302309/public/build/3788-react19.93988d65f50992991cc7.js:291
[77495386ms] [ERROR] Failed to load resource: net::ERR_INTERNET_DISCONNECTED @ https://devfedb13.grafana.net/api/login/ping:0
[77495607ms] [ERROR] Failed to load resource: net::ERR_INTERNET_DISCONNECTED @ https://faro-collector-ops-eu-south-0.grafana-ops.net/collect/2aaaae17b963ac219cd6e23a4850f00e:0
[77495610ms] [ERROR] Failed to load resource: net::ERR_INTERNET_DISCONNECTED @ https://faro-collector-ops-eu-south-0.grafana-ops.net/collect/2aaaae17b963ac219cd6e23a4850f00e:0
[77495610ms] [ERROR] Faro
 @grafana/faro-web-sdk:transport-fetch
 Failed sending payload to the receiver
 {meta: Object, events: Array(1)} TypeError: Failed to fetch
    at https://grafana-assets.grafana.net/grafana/13.2.0-30616302309/public/build/1849-react19.2ac26fdddffdb4cf8597.js:177:52559
    at window.fetch (https://plugins-cdn.grafana.net/grafana-kowalski-app/1.64.0/public/plugins/grafana-kowalski-app/463.js?_cache=1ed629a5641ef9c0de99:2:206687)
    at https://plugins-cdn.grafana.net/grafana-kowalski-app/1.64.0/public/plugins/grafana-kowalski-app/463.js?_cache=1ed629a5641ef9c0de99:2:336969
    at o.<computed>.o.<computed> (https://rsi.grafana.com/v1.1/js-integrations/Fullstory.min.js:1:5852)
    at Mr.<anonymous> (https://plugins-cdn.grafana.net/grafana-kowalski-app/1.64.0/public/plugins/grafana-kowalski-app/463.js?_cache=1ed629a5641ef9c0de99:2:268817)
    at Generator.throw (<anonymous>)
    at a (https://plugins-cdn.grafana.net/grafana-kowalski-app/1.64.0/public/plugins/grafana-kowalski-app/463.js?_cache=1ed629a5641ef9c0de99:2:264709) @ https://plugins-cdn.grafana.net/grafana-kowalski-app/1.64.0/public/plugins/grafana-kowalski-app/463.js?_cache=1ed629a5641ef9c0de99:1
[77495691ms] [ERROR] Failed to load resource: net::ERR_INTERNET_DISCONNECTED @ https://faro-collector-ops-eu-south-0.grafana-ops.net/collect/bc03dd0f2a088059ae67a23bc296a26d:0
[77495694ms] [ERROR] Failed to load resource: net::ERR_INTERNET_DISCONNECTED @ https://faro-collector-ops-eu-south-0.grafana-ops.net/collect/bc03dd0f2a088059ae67a23bc296a26d:0
[77497693ms] [ERROR] Failed to load resource: net::ERR_INTERNET_DISCONNECTED @ https://faro-collector-ops-eu-south-0.grafana-ops.net/collect/bc03dd0f2a088059ae67a23bc296a26d:0
[77497696ms] [ERROR] Failed to load resource: net::ERR_INTERNET_DISCONNECTED @ https://faro-collector-ops-eu-south-0.grafana-ops.net/collect/bc03dd0f2a088059ae67a23bc296a26d:0
[77513212ms] [ERROR] WebSocket connection to 'wss://devfedb13.grafana.net/api/live/ws' failed: Error in connection establishment: net::ERR_INTERNET_DISCONNECTED @ https://grafana-assets.grafana.net/grafana/13.2.0-30616302309/public/build/3788-react19.93988d65f50992991cc7.js:291
[77513220ms] [ERROR] Failed to load resource: net::ERR_INTERNET_DISCONNECTED @ https://devfedb13.grafana.net/api/login/ping:0
[77513355ms] [ERROR] Failed to load resource: net::ERR_INTERNET_DISCONNECTED @ https://faro-collector-ops-eu-south-0.grafana-ops.net/collect/2aaaae17b963ac219cd6e23a4850f00e:0
[77513358ms] [ERROR] Failed to load resource: net::ERR_INTERNET_DISCONNECTED @ https://faro-collector-ops-eu-south-0.grafana-ops.net/collect/2aaaae17b963ac219cd6e23a4850f00e:0
[77513358ms] [ERROR] Faro
 @grafana/faro-web-sdk:transport-fetch
 Failed sending payload to the receiver
 {meta: Object, events: Array(1)} TypeError: Failed to fetch
    at https://grafana-assets.grafana.net/grafana/13.2.0-30616302309/public/build/1849-react19.2ac26fdddffdb4cf8597.js:177:52559
    at window.fetch (https://plugins-cdn.grafana.net/grafana-kowalski-app/1.64.0/public/plugins/grafana-kowalski-app/463.js?_cache=1ed629a5641ef9c0de99:2:206687)
    at https://plugins-cdn.grafana.net/grafana-kowalski-app/1.64.0/public/plugins/grafana-kowalski-app/463.js?_cache=1ed629a5641ef9c0de99:2:336969
    at o.<computed>.o.<computed> (https://rsi.grafana.com/v1.1/js-integrations/Fullstory.min.js:1:5852)
    at Mr.<anonymous> (https://plugins-cdn.grafana.net/grafana-kowalski-app/1.64.0/public/plugins/grafana-kowalski-app/463.js?_cache=1ed629a5641ef9c0de99:2:268817)
    at Generator.throw (<anonymous>)
    at a (https://plugins-cdn.grafana.net/grafana-kowalski-app/1.64.0/public/plugins/grafana-kowalski-app/463.js?_cache=1ed629a5641ef9c0de99:2:264709) @ https://plugins-cdn.grafana.net/grafana-kowalski-app/1.64.0/public/plugins/grafana-kowalski-app/463.js?_cache=1ed629a5641ef9c0de99:1
[77513689ms] [ERROR] Failed to load resource: net::ERR_INTERNET_DISCONNECTED @ https://faro-collector-ops-eu-south-0.grafana-ops.net/collect/bc03dd0f2a088059ae67a23bc296a26d:0
[77513691ms] [ERROR] Failed to load resource: net::ERR_INTERNET_DISCONNECTED @ https://faro-collector-ops-eu-south-0.grafana-ops.net/collect/bc03dd0f2a088059ae67a23bc296a26d:0
[77515693ms] [ERROR] Failed to load resource: net::ERR_INTERNET_DISCONNECTED @ https://faro-collector-ops-eu-south-0.grafana-ops.net/collect/bc03dd0f2a088059ae67a23bc296a26d:0
[77515698ms] [ERROR] Failed to load resource: net::ERR_INTERNET_DISCONNECTED @ https://faro-collector-ops-eu-south-0.grafana-ops.net/collect/bc03dd0f2a088059ae67a23bc296a26d:0
[77527817ms] [ERROR] WebSocket connection to 'wss://devfedb13.grafana.net/api/live/ws' failed: Error in connection establishment: net::ERR_INTERNET_DISCONNECTED @ https://grafana-assets.grafana.net/grafana/13.2.0-30616302309/public/build/3788-react19.93988d65f50992991cc7.js:291
[77527821ms] [ERROR] Failed to load resource: net::ERR_INTERNET_DISCONNECTED @ https://devfedb13.grafana.net/api/login/ping:0
[77527856ms] [ERROR] Failed to load resource: net::ERR_INTERNET_DISCONNECTED @ https://faro-collector-ops-eu-south-0.grafana-ops.net/collect/2aaaae17b963ac219cd6e23a4850f00e:0
[77527858ms] [ERROR] Failed to load resource: net::ERR_INTERNET_DISCONNECTED @ https://faro-collector-ops-eu-south-0.grafana-ops.net/collect/2aaaae17b963ac219cd6e23a4850f00e:0
[77527858ms] [ERROR] Faro
 @grafana/faro-web-sdk:transport-fetch
 Failed sending payload to the receiver
 {meta: Object, events: Array(1)} TypeError: Failed to fetch
    at https://grafana-assets.grafana.net/grafana/13.2.0-30616302309/public/build/1849-react19.2ac26fdddffdb4cf8597.js:177:52559
    at window.fetch (https://plugins-cdn.grafana.net/grafana-kowalski-app/1.64.0/public/plugins/grafana-kowalski-app/463.js?_cache=1ed629a5641ef9c0de99:2:206687)
    at https://plugins-cdn.grafana.net/grafana-kowalski-app/1.64.0/public/plugins/grafana-kowalski-app/463.js?_cache=1ed629a5641ef9c0de99:2:336969
    at o.<computed>.o.<computed> (https://rsi.grafana.com/v1.1/js-integrations/Fullstory.min.js:1:5852)
    at Mr.<anonymous> (https://plugins-cdn.grafana.net/grafana-kowalski-app/1.64.0/public/plugins/grafana-kowalski-app/463.js?_cache=1ed629a5641ef9c0de99:2:268817)
    at Generator.throw (<anonymous>)
    at a (https://plugins-cdn.grafana.net/grafana-kowalski-app/1.64.0/public/plugins/grafana-kowalski-app/463.js?_cache=1ed629a5641ef9c0de99:2:264709) @ https://plugins-cdn.grafana.net/grafana-kowalski-app/1.64.0/public/plugins/grafana-kowalski-app/463.js?_cache=1ed629a5641ef9c0de99:1
[77529691ms] [ERROR] Failed to load resource: net::ERR_INTERNET_DISCONNECTED @ https://faro-collector-ops-eu-south-0.grafana-ops.net/collect/bc03dd0f2a088059ae67a23bc296a26d:0
[77529696ms] [ERROR] Failed to load resource: net::ERR_INTERNET_DISCONNECTED @ https://faro-collector-ops-eu-south-0.grafana-ops.net/collect/bc03dd0f2a088059ae67a23bc296a26d:0
[77547475ms] [ERROR] WebSocket connection to 'wss://devfedb13.grafana.net/api/live/ws' failed: Error in connection establishment: net::ERR_INTERNET_DISCONNECTED @ https://grafana-assets.grafana.net/grafana/13.2.0-30616302309/public/build/3788-react19.93988d65f50992991cc7.js:291
[77547493ms] [ERROR] Failed to load resource: net::ERR_INTERNET_DISCONNECTED @ https://devfedb13.grafana.net/api/login/ping:0
[77547622ms] [ERROR] Failed to load resource: net::ERR_INTERNET_DISCONNECTED @ https://faro-collector-ops-eu-south-0.grafana-ops.net/collect/2aaaae17b963ac219cd6e23a4850f00e:0
[77547624ms] [ERROR] Failed to load resource: net::ERR_INTERNET_DISCONNECTED @ https://faro-collector-ops-eu-south-0.grafana-ops.net/collect/2aaaae17b963ac219cd6e23a4850f00e:0
[77547624ms] [ERROR] Faro
 @grafana/faro-web-sdk:transport-fetch
 Failed sending payload to the receiver
 {meta: Object, events: Array(1)} TypeError: Failed to fetch
    at https://grafana-assets.grafana.net/grafana/13.2.0-30616302309/public/build/1849-react19.2ac26fdddffdb4cf8597.js:177:52559
    at window.fetch (https://plugins-cdn.grafana.net/grafana-kowalski-app/1.64.0/public/plugins/grafana-kowalski-app/463.js?_cache=1ed629a5641ef9c0de99:2:206687)
    at https://plugins-cdn.grafana.net/grafana-kowalski-app/1.64.0/public/plugins/grafana-kowalski-app/463.js?_cache=1ed629a5641ef9c0de99:2:336969
    at o.<computed>.o.<computed> (https://rsi.grafana.com/v1.1/js-integrations/Fullstory.min.js:1:5852)
    at Mr.<anonymous> (https://plugins-cdn.grafana.net/grafana-kowalski-app/1.64.0/public/plugins/grafana-kowalski-app/463.js?_cache=1ed629a5641ef9c0de99:2:268817)
    at Generator.throw (<anonymous>)
    at a (https://plugins-cdn.grafana.net/grafana-kowalski-app/1.64.0/public/plugins/grafana-kowalski-app/463.js?_cache=1ed629a5641ef9c0de99:2:264709) @ https://plugins-cdn.grafana.net/grafana-kowalski-app/1.64.0/public/plugins/grafana-kowalski-app/463.js?_cache=1ed629a5641ef9c0de99:1
[77547686ms] [ERROR] Failed to load resource: net::ERR_INTERNET_DISCONNECTED @ https://faro-collector-ops-eu-south-0.grafana-ops.net/collect/bc03dd0f2a088059ae67a23bc296a26d:0
[77547687ms] [ERROR] Failed to load resource: net::ERR_INTERNET_DISCONNECTED @ https://faro-collector-ops-eu-south-0.grafana-ops.net/collect/bc03dd0f2a088059ae67a23bc296a26d:0
[77549692ms] [ERROR] Failed to load resource: net::ERR_INTERNET_DISCONNECTED @ https://faro-collector-ops-eu-south-0.grafana-ops.net/collect/bc03dd0f2a088059ae67a23bc296a26d:0
[77549697ms] [ERROR] Failed to load resource: net::ERR_INTERNET_DISCONNECTED @ https://faro-collector-ops-eu-south-0.grafana-ops.net/collect/bc03dd0f2a088059ae67a23bc296a26d:0
[77566641ms] [ERROR] WebSocket connection to 'wss://devfedb13.grafana.net/api/live/ws' failed: Error in connection establishment: net::ERR_INTERNET_DISCONNECTED @ https://grafana-assets.grafana.net/grafana/13.2.0-30616302309/public/build/3788-react19.93988d65f50992991cc7.js:291
[77566654ms] [ERROR] Failed to load resource: net::ERR_INTERNET_DISCONNECTED @ https://devfedb13.grafana.net/api/login/ping:0
[77566855ms] [ERROR] Failed to load resource: net::ERR_INTERNET_DISCONNECTED @ https://faro-collector-ops-eu-south-0.grafana-ops.net/collect/2aaaae17b963ac219cd6e23a4850f00e:0
[77566857ms] [ERROR] Failed to load resource: net::ERR_INTERNET_DISCONNECTED @ https://faro-collector-ops-eu-south-0.grafana-ops.net/collect/2aaaae17b963ac219cd6e23a4850f00e:0
[77566857ms] [ERROR] Faro
 @grafana/faro-web-sdk:transport-fetch
 Failed sending payload to the receiver
 {meta: Object, events: Array(1)} TypeError: Failed to fetch
    at https://grafana-assets.grafana.net/grafana/13.2.0-30616302309/public/build/1849-react19.2ac26fdddffdb4cf8597.js:177:52559
    at window.fetch (https://plugins-cdn.grafana.net/grafana-kowalski-app/1.64.0/public/plugins/grafana-kowalski-app/463.js?_cache=1ed629a5641ef9c0de99:2:206687)
    at https://plugins-cdn.grafana.net/grafana-kowalski-app/1.64.0/public/plugins/grafana-kowalski-app/463.js?_cache=1ed629a5641ef9c0de99:2:336969
    at o.<computed>.o.<computed> (https://rsi.grafana.com/v1.1/js-integrations/Fullstory.min.js:1:5852)
    at Mr.<anonymous> (https://plugins-cdn.grafana.net/grafana-kowalski-app/1.64.0/public/plugins/grafana-kowalski-app/463.js?_cache=1ed629a5641ef9c0de99:2:268817)
    at Generator.throw (<anonymous>)
    at a (https://plugins-cdn.grafana.net/grafana-kowalski-app/1.64.0/public/plugins/grafana-kowalski-app/463.js?_cache=1ed629a5641ef9c0de99:2:264709) @ https://plugins-cdn.grafana.net/grafana-kowalski-app/1.64.0/public/plugins/grafana-kowalski-app/463.js?_cache=1ed629a5641ef9c0de99:1
[77567687ms] [ERROR] Failed to load resource: net::ERR_INTERNET_DISCONNECTED @ https://faro-collector-ops-eu-south-0.grafana-ops.net/collect/bc03dd0f2a088059ae67a23bc296a26d:0
[77567688ms] [ERROR] Failed to load resource: net::ERR_INTERNET_DISCONNECTED @ https://faro-collector-ops-eu-south-0.grafana-ops.net/collect/bc03dd0f2a088059ae67a23bc296a26d:0
[77568253ms] [ERROR] WebSocket connection to 'wss://devfedb13.grafana.net/api/live/ws' failed: Error in connection establishment: net::ERR_INTERNET_DISCONNECTED @ https://grafana-assets.grafana.net/grafana/13.2.0-30616302309/public/build/3788-react19.93988d65f50992991cc7.js:291
[77569693ms] [ERROR] Failed to load resource: net::ERR_INTERNET_DISCONNECTED @ https://faro-collector-ops-eu-south-0.grafana-ops.net/collect/bc03dd0f2a088059ae67a23bc296a26d:0
[77569699ms] [ERROR] Failed to load resource: net::ERR_INTERNET_DISCONNECTED @ https://faro-collector-ops-eu-south-0.grafana-ops.net/collect/bc03dd0f2a088059ae67a23bc296a26d:0
[77580188ms] [ERROR] WebSocket connection to 'wss://devfedb13.grafana.net/api/live/ws' failed: Error in connection establishment: net::ERR_INTERNET_DISCONNECTED @ https://grafana-assets.grafana.net/grafana/13.2.0-30616302309/public/build/3788-react19.93988d65f50992991cc7.js:291
[77580194ms] [ERROR] Failed to load resource: net::ERR_INTERNET_DISCONNECTED @ https://devfedb13.grafana.net/api/login/ping:0
[77580361ms] [ERROR] Failed to load resource: net::ERR_INTERNET_DISCONNECTED @ https://faro-collector-ops-eu-south-0.grafana-ops.net/collect/2aaaae17b963ac219cd6e23a4850f00e:0
[77580365ms] [ERROR] Failed to load resource: net::ERR_INTERNET_DISCONNECTED @ https://faro-collector-ops-eu-south-0.grafana-ops.net/collect/2aaaae17b963ac219cd6e23a4850f00e:0
[77580365ms] [ERROR] Faro
 @grafana/faro-web-sdk:transport-fetch
 Failed sending payload to the receiver
 {meta: Object, events: Array(1)} TypeError: Failed to fetch
    at https://grafana-assets.grafana.net/grafana/13.2.0-30616302309/public/build/1849-react19.2ac26fdddffdb4cf8597.js:177:52559
    at window.fetch (https://plugins-cdn.grafana.net/grafana-kowalski-app/1.64.0/public/plugins/grafana-kowalski-app/463.js?_cache=1ed629a5641ef9c0de99:2:206687)
    at https://plugins-cdn.grafana.net/grafana-kowalski-app/1.64.0/public/plugins/grafana-kowalski-app/463.js?_cache=1ed629a5641ef9c0de99:2:336969
    at o.<computed>.o.<computed> (https://rsi.grafana.com/v1.1/js-integrations/Fullstory.min.js:1:5852)
    at Mr.<anonymous> (https://plugins-cdn.grafana.net/grafana-kowalski-app/1.64.0/public/plugins/grafana-kowalski-app/463.js?_cache=1ed629a5641ef9c0de99:2:268817)
    at Generator.throw (<anonymous>)
    at a (https://plugins-cdn.grafana.net/grafana-kowalski-app/1.64.0/public/plugins/grafana-kowalski-app/463.js?_cache=1ed629a5641ef9c0de99:2:264709) @ https://plugins-cdn.grafana.net/grafana-kowalski-app/1.64.0/public/plugins/grafana-kowalski-app/463.js?_cache=1ed629a5641ef9c0de99:1
[77581688ms] [ERROR] Failed to load resource: net::ERR_INTERNET_DISCONNECTED @ https://faro-collector-ops-eu-south-0.grafana-ops.net/collect/bc03dd0f2a088059ae67a23bc296a26d:0
[77581690ms] [ERROR] Failed to load resource: net::ERR_INTERNET_DISCONNECTED @ https://faro-collector-ops-eu-south-0.grafana-ops.net/collect/bc03dd0f2a088059ae67a23bc296a26d:0
[77591227ms] [ERROR] WebSocket connection to 'wss://devfedb13.grafana.net/api/live/ws' failed: Error in connection establishment: net::ERR_INTERNET_DISCONNECTED @ https://grafana-assets.grafana.net/grafana/13.2.0-30616302309/public/build/3788-react19.93988d65f50992991cc7.js:291
[77591230ms] [ERROR] Failed to load resource: net::ERR_INTERNET_DISCONNECTED @ https://devfedb13.grafana.net/api/login/ping:0
[77591354ms] [ERROR] Failed to load resource: net::ERR_INTERNET_DISCONNECTED @ https://faro-collector-ops-eu-south-0.grafana-ops.net/collect/2aaaae17b963ac219cd6e23a4850f00e:0
[77591357ms] [ERROR] Failed to load resource: net::ERR_INTERNET_DISCONNECTED @ https://faro-collector-ops-eu-south-0.grafana-ops.net/collect/2aaaae17b963ac219cd6e23a4850f00e:0
[77591357ms] [ERROR] Faro
 @grafana/faro-web-sdk:transport-fetch
 Failed sending payload to the receiver
 {meta: Object, events: Array(1)} TypeError: Failed to fetch
    at https://grafana-assets.grafana.net/grafana/13.2.0-30616302309/public/build/1849-react19.2ac26fdddffdb4cf8597.js:177:52559
    at window.fetch (https://plugins-cdn.grafana.net/grafana-kowalski-app/1.64.0/public/plugins/grafana-kowalski-app/463.js?_cache=1ed629a5641ef9c0de99:2:206687)
    at https://plugins-cdn.grafana.net/grafana-kowalski-app/1.64.0/public/plugins/grafana-kowalski-app/463.js?_cache=1ed629a5641ef9c0de99:2:336969
    at o.<computed>.o.<computed> (https://rsi.grafana.com/v1.1/js-integrations/Fullstory.min.js:1:5852)
    at Mr.<anonymous> (https://plugins-cdn.grafana.net/grafana-kowalski-app/1.64.0/public/plugins/grafana-kowalski-app/463.js?_cache=1ed629a5641ef9c0de99:2:268817)
    at Generator.throw (<anonymous>)
    at a (https://plugins-cdn.grafana.net/grafana-kowalski-app/1.64.0/public/plugins/grafana-kowalski-app/463.js?_cache=1ed629a5641ef9c0de99:2:264709) @ https://plugins-cdn.grafana.net/grafana-kowalski-app/1.64.0/public/plugins/grafana-kowalski-app/463.js?_cache=1ed629a5641ef9c0de99:1
[77591692ms] [ERROR] Failed to load resource: net::ERR_INTERNET_DISCONNECTED @ https://faro-collector-ops-eu-south-0.grafana-ops.net/collect/bc03dd0f2a088059ae67a23bc296a26d:0
[77591696ms] [ERROR] Failed to load resource: net::ERR_INTERNET_DISCONNECTED @ https://faro-collector-ops-eu-south-0.grafana-ops.net/collect/bc03dd0f2a088059ae67a23bc296a26d:0
[77593690ms] [ERROR] Failed to load resource: net::ERR_INTERNET_DISCONNECTED @ https://faro-collector-ops-eu-south-0.grafana-ops.net/collect/bc03dd0f2a088059ae67a23bc296a26d:0
[77593695ms] [ERROR] Failed to load resource: net::ERR_INTERNET_DISCONNECTED @ https://faro-collector-ops-eu-south-0.grafana-ops.net/collect/bc03dd0f2a088059ae67a23bc296a26d:0
[77595555ms] [ERROR] WebSocket connection to 'wss://devfedb13.grafana.net/api/live/ws' failed: Error in connection establishment: net::ERR_INTERNET_DISCONNECTED @ https://grafana-assets.grafana.net/grafana/13.2.0-30616302309/public/build/3788-react19.93988d65f50992991cc7.js:291
[77608735ms] [ERROR] WebSocket connection to 'wss://devfedb13.grafana.net/api/live/ws' failed: Error in connection establishment: net::ERR_INTERNET_DISCONNECTED @ https://grafana-assets.grafana.net/grafana/13.2.0-30616302309/public/build/3788-react19.93988d65f50992991cc7.js:291
[77608746ms] [ERROR] Failed to load resource: net::ERR_INTERNET_DISCONNECTED @ https://devfedb13.grafana.net/api/login/ping:0
[77608856ms] [ERROR] Failed to load resource: net::ERR_INTERNET_DISCONNECTED @ https://faro-collector-ops-eu-south-0.grafana-ops.net/collect/2aaaae17b963ac219cd6e23a4850f00e:0
[77608859ms] [ERROR] Failed to load resource: net::ERR_INTERNET_DISCONNECTED @ https://faro-collector-ops-eu-south-0.grafana-ops.net/collect/2aaaae17b963ac219cd6e23a4850f00e:0
[77608859ms] [ERROR] Faro
 @grafana/faro-web-sdk:transport-fetch
 Failed sending payload to the receiver
 {meta: Object, events: Array(1)} TypeError: Failed to fetch
    at https://grafana-assets.grafana.net/grafana/13.2.0-30616302309/public/build/1849-react19.2ac26fdddffdb4cf8597.js:177:52559
    at window.fetch (https://plugins-cdn.grafana.net/grafana-kowalski-app/1.64.0/public/plugins/grafana-kowalski-app/463.js?_cache=1ed629a5641ef9c0de99:2:206687)
    at https://plugins-cdn.grafana.net/grafana-kowalski-app/1.64.0/public/plugins/grafana-kowalski-app/463.js?_cache=1ed629a5641ef9c0de99:2:336969
    at o.<computed>.o.<computed> (https://rsi.grafana.com/v1.1/js-integrations/Fullstory.min.js:1:5852)
    at Mr.<anonymous> (https://plugins-cdn.grafana.net/grafana-kowalski-app/1.64.0/public/plugins/grafana-kowalski-app/463.js?_cache=1ed629a5641ef9c0de99:2:268817)
    at Generator.throw (<anonymous>)
    at a (https://plugins-cdn.grafana.net/grafana-kowalski-app/1.64.0/public/plugins/grafana-kowalski-app/463.js?_cache=1ed629a5641ef9c0de99:2:264709) @ https://plugins-cdn.grafana.net/grafana-kowalski-app/1.64.0/public/plugins/grafana-kowalski-app/463.js?_cache=1ed629a5641ef9c0de99:1
[77609693ms] [ERROR] Failed to load resource: net::ERR_INTERNET_DISCONNECTED @ https://faro-collector-ops-eu-south-0.grafana-ops.net/collect/bc03dd0f2a088059ae67a23bc296a26d:0
[77609699ms] [ERROR] Failed to load resource: net::ERR_INTERNET_DISCONNECTED @ https://faro-collector-ops-eu-south-0.grafana-ops.net/collect/bc03dd0f2a088059ae67a23bc296a26d:0
[77611692ms] [ERROR] Failed to load resource: net::ERR_INTERNET_DISCONNECTED @ https://faro-collector-ops-eu-south-0.grafana-ops.net/collect/bc03dd0f2a088059ae67a23bc296a26d:0
[77611697ms] [ERROR] Failed to load resource: net::ERR_INTERNET_DISCONNECTED @ https://faro-collector-ops-eu-south-0.grafana-ops.net/collect/bc03dd0f2a088059ae67a23bc296a26d:0
[77623810ms] [ERROR] WebSocket connection to 'wss://devfedb13.grafana.net/api/live/ws' failed: Error in connection establishment: net::ERR_INTERNET_DISCONNECTED @ https://grafana-assets.grafana.net/grafana/13.2.0-30616302309/public/build/3788-react19.93988d65f50992991cc7.js:291
[77623816ms] [ERROR] Failed to load resource: net::ERR_INTERNET_DISCONNECTED @ https://devfedb13.grafana.net/api/login/ping:0
[77623857ms] [ERROR] Failed to load resource: net::ERR_INTERNET_DISCONNECTED @ https://faro-collector-ops-eu-south-0.grafana-ops.net/collect/2aaaae17b963ac219cd6e23a4850f00e:0
[77623861ms] [ERROR] Failed to load resource: net::ERR_INTERNET_DISCONNECTED @ https://faro-collector-ops-eu-south-0.grafana-ops.net/collect/2aaaae17b963ac219cd6e23a4850f00e:0
[77623861ms] [ERROR] Faro
 @grafana/faro-web-sdk:transport-fetch
 Failed sending payload to the receiver
 {meta: Object, events: Array(1)} TypeError: Failed to fetch
    at https://grafana-assets.grafana.net/grafana/13.2.0-30616302309/public/build/1849-react19.2ac26fdddffdb4cf8597.js:177:52559
    at window.fetch (https://plugins-cdn.grafana.net/grafana-kowalski-app/1.64.0/public/plugins/grafana-kowalski-app/463.js?_cache=1ed629a5641ef9c0de99:2:206687)
    at https://plugins-cdn.grafana.net/grafana-kowalski-app/1.64.0/public/plugins/grafana-kowalski-app/463.js?_cache=1ed629a5641ef9c0de99:2:336969
    at o.<computed>.o.<computed> (https://rsi.grafana.com/v1.1/js-integrations/Fullstory.min.js:1:5852)
    at Mr.<anonymous> (https://plugins-cdn.grafana.net/grafana-kowalski-app/1.64.0/public/plugins/grafana-kowalski-app/463.js?_cache=1ed629a5641ef9c0de99:2:268817)
    at Generator.throw (<anonymous>)
    at a (https://plugins-cdn.grafana.net/grafana-kowalski-app/1.64.0/public/plugins/grafana-kowalski-app/463.js?_cache=1ed629a5641ef9c0de99:2:264709) @ https://plugins-cdn.grafana.net/grafana-kowalski-app/1.64.0/public/plugins/grafana-kowalski-app/463.js?_cache=1ed629a5641ef9c0de99:1
[77625693ms] [ERROR] Failed to load resource: net::ERR_INTERNET_DISCONNECTED @ https://faro-collector-ops-eu-south-0.grafana-ops.net/collect/bc03dd0f2a088059ae67a23bc296a26d:0
[77625698ms] [ERROR] Failed to load resource: net::ERR_INTERNET_DISCONNECTED @ https://faro-collector-ops-eu-south-0.grafana-ops.net/collect/bc03dd0f2a088059ae67a23bc296a26d:0
[77630673ms] [ERROR] WebSocket connection to 'wss://devfedb13.grafana.net/api/live/ws' failed: Error in connection establishment: net::ERR_INTERNET_DISCONNECTED @ https://grafana-assets.grafana.net/grafana/13.2.0-30616302309/public/build/3788-react19.93988d65f50992991cc7.js:291
[77630681ms] [ERROR] Failed to load resource: net::ERR_INTERNET_DISCONNECTED @ https://devfedb13.grafana.net/api/login/ping:0
[77630858ms] [ERROR] Failed to load resource: net::ERR_INTERNET_DISCONNECTED @ https://faro-collector-ops-eu-south-0.grafana-ops.net/collect/2aaaae17b963ac219cd6e23a4850f00e:0
[77630863ms] [ERROR] Failed to load resource: net::ERR_INTERNET_DISCONNECTED @ https://faro-collector-ops-eu-south-0.grafana-ops.net/collect/2aaaae17b963ac219cd6e23a4850f00e:0
[77630864ms] [ERROR] Faro
 @grafana/faro-web-sdk:transport-fetch
 Failed sending payload to the receiver
 {meta: Object, events: Array(1)} TypeError: Failed to fetch
    at https://grafana-assets.grafana.net/grafana/13.2.0-30616302309/public/build/1849-react19.2ac26fdddffdb4cf8597.js:177:52559
    at window.fetch (https://plugins-cdn.grafana.net/grafana-kowalski-app/1.64.0/public/plugins/grafana-kowalski-app/463.js?_cache=1ed629a5641ef9c0de99:2:206687)
    at https://plugins-cdn.grafana.net/grafana-kowalski-app/1.64.0/public/plugins/grafana-kowalski-app/463.js?_cache=1ed629a5641ef9c0de99:2:336969
    at o.<computed>.o.<computed> (https://rsi.grafana.com/v1.1/js-integrations/Fullstory.min.js:1:5852)
    at Mr.<anonymous> (https://plugins-cdn.grafana.net/grafana-kowalski-app/1.64.0/public/plugins/grafana-kowalski-app/463.js?_cache=1ed629a5641ef9c0de99:2:268817)
    at Generator.throw (<anonymous>)
    at a (https://plugins-cdn.grafana.net/grafana-kowalski-app/1.64.0/public/plugins/grafana-kowalski-app/463.js?_cache=1ed629a5641ef9c0de99:2:264709) @ https://plugins-cdn.grafana.net/grafana-kowalski-app/1.64.0/public/plugins/grafana-kowalski-app/463.js?_cache=1ed629a5641ef9c0de99:1
[77631693ms] [ERROR] Failed to load resource: net::ERR_INTERNET_DISCONNECTED @ https://faro-collector-ops-eu-south-0.grafana-ops.net/collect/bc03dd0f2a088059ae67a23bc296a26d:0
[77631699ms] [ERROR] Failed to load resource: net::ERR_INTERNET_DISCONNECTED @ https://faro-collector-ops-eu-south-0.grafana-ops.net/collect/bc03dd0f2a088059ae67a23bc296a26d:0
[77633692ms] [ERROR] Failed to load resource: net::ERR_INTERNET_DISCONNECTED @ https://faro-collector-ops-eu-south-0.grafana-ops.net/collect/bc03dd0f2a088059ae67a23bc296a26d:0
[77633696ms] [ERROR] Failed to load resource: net::ERR_INTERNET_DISCONNECTED @ https://faro-collector-ops-eu-south-0.grafana-ops.net/collect/bc03dd0f2a088059ae67a23bc296a26d:0
[77646446ms] [ERROR] WebSocket connection to 'wss://devfedb13.grafana.net/api/live/ws' failed: Error in connection establishment: net::ERR_INTERNET_DISCONNECTED @ https://grafana-assets.grafana.net/grafana/13.2.0-30616302309/public/build/3788-react19.93988d65f50992991cc7.js:291
[77646453ms] [ERROR] Failed to load resource: net::ERR_INTERNET_DISCONNECTED @ https://devfedb13.grafana.net/api/login/ping:0
[77646608ms] [ERROR] Failed to load resource: net::ERR_INTERNET_DISCONNECTED @ https://faro-collector-ops-eu-south-0.grafana-ops.net/collect/2aaaae17b963ac219cd6e23a4850f00e:0
[77646614ms] [ERROR] Failed to load resource: net::ERR_INTERNET_DISCONNECTED @ https://faro-collector-ops-eu-south-0.grafana-ops.net/collect/2aaaae17b963ac219cd6e23a4850f00e:0
[77646614ms] [ERROR] Faro
 @grafana/faro-web-sdk:transport-fetch
 Failed sending payload to the receiver
 {meta: Object, events: Array(1)} TypeError: Failed to fetch
    at https://grafana-assets.grafana.net/grafana/13.2.0-30616302309/public/build/1849-react19.2ac26fdddffdb4cf8597.js:177:52559
    at window.fetch (https://plugins-cdn.grafana.net/grafana-kowalski-app/1.64.0/public/plugins/grafana-kowalski-app/463.js?_cache=1ed629a5641ef9c0de99:2:206687)
    at https://plugins-cdn.grafana.net/grafana-kowalski-app/1.64.0/public/plugins/grafana-kowalski-app/463.js?_cache=1ed629a5641ef9c0de99:2:336969
    at o.<computed>.o.<computed> (https://rsi.grafana.com/v1.1/js-integrations/Fullstory.min.js:1:5852)
    at Mr.<anonymous> (https://plugins-cdn.grafana.net/grafana-kowalski-app/1.64.0/public/plugins/grafana-kowalski-app/463.js?_cache=1ed629a5641ef9c0de99:2:268817)
    at Generator.throw (<anonymous>)
    at a (https://plugins-cdn.grafana.net/grafana-kowalski-app/1.64.0/public/plugins/grafana-kowalski-app/463.js?_cache=1ed629a5641ef9c0de99:2:264709) @ https://plugins-cdn.grafana.net/grafana-kowalski-app/1.64.0/public/plugins/grafana-kowalski-app/463.js?_cache=1ed629a5641ef9c0de99:1
[77647692ms] [ERROR] Failed to load resource: net::ERR_INTERNET_DISCONNECTED @ https://faro-collector-ops-eu-south-0.grafana-ops.net/collect/bc03dd0f2a088059ae67a23bc296a26d:0
[77647697ms] [ERROR] Failed to load resource: net::ERR_INTERNET_DISCONNECTED @ https://faro-collector-ops-eu-south-0.grafana-ops.net/collect/bc03dd0f2a088059ae67a23bc296a26d:0
[77649691ms] [ERROR] Failed to load resource: net::ERR_INTERNET_DISCONNECTED @ https://faro-collector-ops-eu-south-0.grafana-ops.net/collect/bc03dd0f2a088059ae67a23bc296a26d:0
[77649694ms] [ERROR] Failed to load resource: net::ERR_INTERNET_DISCONNECTED @ https://faro-collector-ops-eu-south-0.grafana-ops.net/collect/bc03dd0f2a088059ae67a23bc296a26d:0
[77658506ms] [ERROR] WebSocket connection to 'wss://devfedb13.grafana.net/api/live/ws' failed: Error in connection establishment: net::ERR_INTERNET_DISCONNECTED @ https://grafana-assets.grafana.net/grafana/13.2.0-30616302309/public/build/3788-react19.93988d65f50992991cc7.js:291
[77658513ms] [ERROR] Failed to load resource: net::ERR_INTERNET_DISCONNECTED @ https://devfedb13.grafana.net/api/login/ping:0
[77658606ms] [ERROR] Failed to load resource: net::ERR_INTERNET_DISCONNECTED @ https://faro-collector-ops-eu-south-0.grafana-ops.net/collect/2aaaae17b963ac219cd6e23a4850f00e:0
[77658609ms] [ERROR] Failed to load resource: net::ERR_INTERNET_DISCONNECTED @ https://faro-collector-ops-eu-south-0.grafana-ops.net/collect/2aaaae17b963ac219cd6e23a4850f00e:0
[77658609ms] [ERROR] Faro
 @grafana/faro-web-sdk:transport-fetch
 Failed sending payload to the receiver
 {meta: Object, events: Array(1)} TypeError: Failed to fetch
    at https://grafana-assets.grafana.net/grafana/13.2.0-30616302309/public/build/1849-react19.2ac26fdddffdb4cf8597.js:177:52559
    at window.fetch (https://plugins-cdn.grafana.net/grafana-kowalski-app/1.64.0/public/plugins/grafana-kowalski-app/463.js?_cache=1ed629a5641ef9c0de99:2:206687)
    at https://plugins-cdn.grafana.net/grafana-kowalski-app/1.64.0/public/plugins/grafana-kowalski-app/463.js?_cache=1ed629a5641ef9c0de99:2:336969
    at o.<computed>.o.<computed> (https://rsi.grafana.com/v1.1/js-integrations/Fullstory.min.js:1:5852)
    at Mr.<anonymous> (https://plugins-cdn.grafana.net/grafana-kowalski-app/1.64.0/public/plugins/grafana-kowalski-app/463.js?_cache=1ed629a5641ef9c0de99:2:268817)
    at Generator.throw (<anonymous>)
    at a (https://plugins-cdn.grafana.net/grafana-kowalski-app/1.64.0/public/plugins/grafana-kowalski-app/463.js?_cache=1ed629a5641ef9c0de99:2:264709) @ https://plugins-cdn.grafana.net/grafana-kowalski-app/1.64.0/public/plugins/grafana-kowalski-app/463.js?_cache=1ed629a5641ef9c0de99:1
[77659695ms] [ERROR] Failed to load resource: net::ERR_INTERNET_DISCONNECTED @ https://faro-collector-ops-eu-south-0.grafana-ops.net/collect/bc03dd0f2a088059ae67a23bc296a26d:0
[77659701ms] [ERROR] Failed to load resource: net::ERR_INTERNET_DISCONNECTED @ https://faro-collector-ops-eu-south-0.grafana-ops.net/collect/bc03dd0f2a088059ae67a23bc296a26d:0
[77661687ms] [ERROR] Failed to load resource: net::ERR_INTERNET_DISCONNECTED @ https://faro-collector-ops-eu-south-0.grafana-ops.net/collect/bc03dd0f2a088059ae67a23bc296a26d:0
[77661689ms] [ERROR] Failed to load resource: net::ERR_INTERNET_DISCONNECTED @ https://faro-collector-ops-eu-south-0.grafana-ops.net/collect/bc03dd0f2a088059ae67a23bc296a26d:0
[77674494ms] [ERROR] WebSocket connection to 'wss://devfedb13.grafana.net/api/live/ws' failed: Error in connection establishment: net::ERR_INTERNET_DISCONNECTED @ https://grafana-assets.grafana.net/grafana/13.2.0-30616302309/public/build/3788-react19.93988d65f50992991cc7.js:291
[77674517ms] [ERROR] Failed to load resource: net::ERR_INTERNET_DISCONNECTED @ https://devfedb13.grafana.net/api/login/ping:0
[77674613ms] [ERROR] Failed to load resource: net::ERR_INTERNET_DISCONNECTED @ https://faro-collector-ops-eu-south-0.grafana-ops.net/collect/2aaaae17b963ac219cd6e23a4850f00e:0
[77674618ms] [ERROR] Failed to load resource: net::ERR_INTERNET_DISCONNECTED @ https://faro-collector-ops-eu-south-0.grafana-ops.net/collect/2aaaae17b963ac219cd6e23a4850f00e:0
[77674620ms] [ERROR] Faro
 @grafana/faro-web-sdk:transport-fetch
 Failed sending payload to the receiver
 {meta: Object, events: Array(1)} TypeError: Failed to fetch
    at https://grafana-assets.grafana.net/grafana/13.2.0-30616302309/public/build/1849-react19.2ac26fdddffdb4cf8597.js:177:52559
    at window.fetch (https://plugins-cdn.grafana.net/grafana-kowalski-app/1.64.0/public/plugins/grafana-kowalski-app/463.js?_cache=1ed629a5641ef9c0de99:2:206687)
    at https://plugins-cdn.grafana.net/grafana-kowalski-app/1.64.0/public/plugins/grafana-kowalski-app/463.js?_cache=1ed629a5641ef9c0de99:2:336969
    at o.<computed>.o.<computed> (https://rsi.grafana.com/v1.1/js-integrations/Fullstory.min.js:1:5852)
    at Mr.<anonymous> (https://plugins-cdn.grafana.net/grafana-kowalski-app/1.64.0/public/plugins/grafana-kowalski-app/463.js?_cache=1ed629a5641ef9c0de99:2:268817)
    at Generator.throw (<anonymous>)
    at a (https://plugins-cdn.grafana.net/grafana-kowalski-app/1.64.0/public/plugins/grafana-kowalski-app/463.js?_cache=1ed629a5641ef9c0de99:2:264709) @ https://plugins-cdn.grafana.net/grafana-kowalski-app/1.64.0/public/plugins/grafana-kowalski-app/463.js?_cache=1ed629a5641ef9c0de99:1
[77675687ms] [ERROR] Failed to load resource: net::ERR_INTERNET_DISCONNECTED @ https://faro-collector-ops-eu-south-0.grafana-ops.net/collect/bc03dd0f2a088059ae67a23bc296a26d:0
[77675689ms] [ERROR] Failed to load resource: net::ERR_INTERNET_DISCONNECTED @ https://faro-collector-ops-eu-south-0.grafana-ops.net/collect/bc03dd0f2a088059ae67a23bc296a26d:0
[77677692ms] [ERROR] Failed to load resource: net::ERR_INTERNET_DISCONNECTED @ https://faro-collector-ops-eu-south-0.grafana-ops.net/collect/bc03dd0f2a088059ae67a23bc296a26d:0
[77677696ms] [ERROR] Failed to load resource: net::ERR_INTERNET_DISCONNECTED @ https://faro-collector-ops-eu-south-0.grafana-ops.net/collect/bc03dd0f2a088059ae67a23bc296a26d:0
[77692382ms] [ERROR] WebSocket connection to 'wss://devfedb13.grafana.net/api/live/ws' failed: Error in connection establishment: net::ERR_INTERNET_DISCONNECTED @ https://grafana-assets.grafana.net/grafana/13.2.0-30616302309/public/build/3788-react19.93988d65f50992991cc7.js:291
[77692392ms] [ERROR] Failed to load resource: net::ERR_INTERNET_DISCONNECTED @ https://devfedb13.grafana.net/api/login/ping:0
[77692609ms] [ERROR] Failed to load resource: net::ERR_INTERNET_DISCONNECTED @ https://faro-collector-ops-eu-south-0.grafana-ops.net/collect/2aaaae17b963ac219cd6e23a4850f00e:0
[77692615ms] [ERROR] Failed to load resource: net::ERR_INTERNET_DISCONNECTED @ https://faro-collector-ops-eu-south-0.grafana-ops.net/collect/2aaaae17b963ac219cd6e23a4850f00e:0
[77692615ms] [ERROR] Faro
 @grafana/faro-web-sdk:transport-fetch
 Failed sending payload to the receiver
 {meta: Object, events: Array(1)} TypeError: Failed to fetch
    at https://grafana-assets.grafana.net/grafana/13.2.0-30616302309/public/build/1849-react19.2ac26fdddffdb4cf8597.js:177:52559
    at window.fetch (https://plugins-cdn.grafana.net/grafana-kowalski-app/1.64.0/public/plugins/grafana-kowalski-app/463.js?_cache=1ed629a5641ef9c0de99:2:206687)
    at https://plugins-cdn.grafana.net/grafana-kowalski-app/1.64.0/public/plugins/grafana-kowalski-app/463.js?_cache=1ed629a5641ef9c0de99:2:336969
    at o.<computed>.o.<computed> (https://rsi.grafana.com/v1.1/js-integrations/Fullstory.min.js:1:5852)
    at Mr.<anonymous> (https://plugins-cdn.grafana.net/grafana-kowalski-app/1.64.0/public/plugins/grafana-kowalski-app/463.js?_cache=1ed629a5641ef9c0de99:2:268817)
    at Generator.throw (<anonymous>)
    at a (https://plugins-cdn.grafana.net/grafana-kowalski-app/1.64.0/public/plugins/grafana-kowalski-app/463.js?_cache=1ed629a5641ef9c0de99:2:264709) @ https://plugins-cdn.grafana.net/grafana-kowalski-app/1.64.0/public/plugins/grafana-kowalski-app/463.js?_cache=1ed629a5641ef9c0de99:1
[77693692ms] [ERROR] Failed to load resource: net::ERR_INTERNET_DISCONNECTED @ https://faro-collector-ops-eu-south-0.grafana-ops.net/collect/bc03dd0f2a088059ae67a23bc296a26d:0
[77693699ms] [ERROR] Failed to load resource: net::ERR_INTERNET_DISCONNECTED @ https://faro-collector-ops-eu-south-0.grafana-ops.net/collect/bc03dd0f2a088059ae67a23bc296a26d:0
[77694545ms] [ERROR] WebSocket connection to 'wss://devfedb13.grafana.net/api/live/ws' failed: Error in connection establishment: net::ERR_INTERNET_DISCONNECTED @ https://grafana-assets.grafana.net/grafana/13.2.0-30616302309/public/build/3788-react19.93988d65f50992991cc7.js:291
[77695688ms] [ERROR] Failed to load resource: net::ERR_INTERNET_DISCONNECTED @ https://faro-collector-ops-eu-south-0.grafana-ops.net/collect/bc03dd0f2a088059ae67a23bc296a26d:0
[77695689ms] [ERROR] Failed to load resource: net::ERR_INTERNET_DISCONNECTED @ https://faro-collector-ops-eu-south-0.grafana-ops.net/collect/bc03dd0f2a088059ae67a23bc296a26d:0
[77703084ms] [ERROR] WebSocket connection to 'wss://devfedb13.grafana.net/api/live/ws' failed: Error in connection establishment: net::ERR_INTERNET_DISCONNECTED @ https://grafana-assets.grafana.net/grafana/13.2.0-30616302309/public/build/3788-react19.93988d65f50992991cc7.js:291
[77703094ms] [ERROR] Failed to load resource: net::ERR_INTERNET_DISCONNECTED @ https://devfedb13.grafana.net/api/login/ping:0
[77703106ms] [ERROR] Failed to load resource: net::ERR_INTERNET_DISCONNECTED @ https://faro-collector-ops-eu-south-0.grafana-ops.net/collect/2aaaae17b963ac219cd6e23a4850f00e:0
[77703110ms] [ERROR] Failed to load resource: net::ERR_INTERNET_DISCONNECTED @ https://faro-collector-ops-eu-south-0.grafana-ops.net/collect/2aaaae17b963ac219cd6e23a4850f00e:0
[77703110ms] [ERROR] Faro
 @grafana/faro-web-sdk:transport-fetch
 Failed sending payload to the receiver
 {meta: Object, events: Array(1)} TypeError: Failed to fetch
    at https://grafana-assets.grafana.net/grafana/13.2.0-30616302309/public/build/1849-react19.2ac26fdddffdb4cf8597.js:177:52559
    at window.fetch (https://plugins-cdn.grafana.net/grafana-kowalski-app/1.64.0/public/plugins/grafana-kowalski-app/463.js?_cache=1ed629a5641ef9c0de99:2:206687)
    at https://plugins-cdn.grafana.net/grafana-kowalski-app/1.64.0/public/plugins/grafana-kowalski-app/463.js?_cache=1ed629a5641ef9c0de99:2:336969
    at o.<computed>.o.<computed> (https://rsi.grafana.com/v1.1/js-integrations/Fullstory.min.js:1:5852)
    at Mr.<anonymous> (https://plugins-cdn.grafana.net/grafana-kowalski-app/1.64.0/public/plugins/grafana-kowalski-app/463.js?_cache=1ed629a5641ef9c0de99:2:268817)
    at Generator.throw (<anonymous>)
    at a (https://plugins-cdn.grafana.net/grafana-kowalski-app/1.64.0/public/plugins/grafana-kowalski-app/463.js?_cache=1ed629a5641ef9c0de99:2:264709) @ https://plugins-cdn.grafana.net/grafana-kowalski-app/1.64.0/public/plugins/grafana-kowalski-app/463.js?_cache=1ed629a5641ef9c0de99:1
[77703693ms] [ERROR] Failed to load resource: net::ERR_INTERNET_DISCONNECTED @ https://faro-collector-ops-eu-south-0.grafana-ops.net/collect/bc03dd0f2a088059ae67a23bc296a26d:0
[77703697ms] [ERROR] Failed to load resource: net::ERR_INTERNET_DISCONNECTED @ https://faro-collector-ops-eu-south-0.grafana-ops.net/collect/bc03dd0f2a088059ae67a23bc296a26d:0
[77705693ms] [ERROR] Failed to load resource: net::ERR_INTERNET_DISCONNECTED @ https://faro-collector-ops-eu-south-0.grafana-ops.net/collect/bc03dd0f2a088059ae67a23bc296a26d:0
[77705697ms] [ERROR] Failed to load resource: net::ERR_INTERNET_DISCONNECTED @ https://faro-collector-ops-eu-south-0.grafana-ops.net/collect/bc03dd0f2a088059ae67a23bc296a26d:0
[77717061ms] [ERROR] WebSocket connection to 'wss://devfedb13.grafana.net/api/live/ws' failed: Error in connection establishment: net::ERR_INTERNET_DISCONNECTED @ https://grafana-assets.grafana.net/grafana/13.2.0-30616302309/public/build/3788-react19.93988d65f50992991cc7.js:291
[77717070ms] [ERROR] Failed to load resource: net::ERR_INTERNET_DISCONNECTED @ https://devfedb13.grafana.net/api/login/ping:0
[77717107ms] [ERROR] Failed to load resource: net::ERR_INTERNET_DISCONNECTED @ https://faro-collector-ops-eu-south-0.grafana-ops.net/collect/2aaaae17b963ac219cd6e23a4850f00e:0
[77717112ms] [ERROR] Failed to load resource: net::ERR_INTERNET_DISCONNECTED @ https://faro-collector-ops-eu-south-0.grafana-ops.net/collect/2aaaae17b963ac219cd6e23a4850f00e:0
[77717112ms] [ERROR] Faro
 @grafana/faro-web-sdk:transport-fetch
 Failed sending payload to the receiver
 {meta: Object, events: Array(1)} TypeError: Failed to fetch
    at https://grafana-assets.grafana.net/grafana/13.2.0-30616302309/public/build/1849-react19.2ac26fdddffdb4cf8597.js:177:52559
    at window.fetch (https://plugins-cdn.grafana.net/grafana-kowalski-app/1.64.0/public/plugins/grafana-kowalski-app/463.js?_cache=1ed629a5641ef9c0de99:2:206687)
    at https://plugins-cdn.grafana.net/grafana-kowalski-app/1.64.0/public/plugins/grafana-kowalski-app/463.js?_cache=1ed629a5641ef9c0de99:2:336969
    at o.<computed>.o.<computed> (https://rsi.grafana.com/v1.1/js-integrations/Fullstory.min.js:1:5852)
    at Mr.<anonymous> (https://plugins-cdn.grafana.net/grafana-kowalski-app/1.64.0/public/plugins/grafana-kowalski-app/463.js?_cache=1ed629a5641ef9c0de99:2:268817)
    at Generator.throw (<anonymous>)
    at a (https://plugins-cdn.grafana.net/grafana-kowalski-app/1.64.0/public/plugins/grafana-kowalski-app/463.js?_cache=1ed629a5641ef9c0de99:2:264709) @ https://plugins-cdn.grafana.net/grafana-kowalski-app/1.64.0/public/plugins/grafana-kowalski-app/463.js?_cache=1ed629a5641ef9c0de99:1
[77717691ms] [ERROR] Failed to load resource: net::ERR_INTERNET_DISCONNECTED @ https://faro-collector-ops-eu-south-0.grafana-ops.net/collect/bc03dd0f2a088059ae67a23bc296a26d:0
[77717695ms] [ERROR] Failed to load resource: net::ERR_INTERNET_DISCONNECTED @ https://faro-collector-ops-eu-south-0.grafana-ops.net/collect/bc03dd0f2a088059ae67a23bc296a26d:0
[77719691ms] [ERROR] Failed to load resource: net::ERR_INTERNET_DISCONNECTED @ https://faro-collector-ops-eu-south-0.grafana-ops.net/collect/bc03dd0f2a088059ae67a23bc296a26d:0
[77719695ms] [ERROR] Failed to load resource: net::ERR_INTERNET_DISCONNECTED @ https://faro-collector-ops-eu-south-0.grafana-ops.net/collect/bc03dd0f2a088059ae67a23bc296a26d:0
[77726468ms] [ERROR] WebSocket connection to 'wss://devfedb13.grafana.net/api/live/ws' failed: Error in connection establishment: net::ERR_INTERNET_DISCONNECTED @ https://grafana-assets.grafana.net/grafana/13.2.0-30616302309/public/build/3788-react19.93988d65f50992991cc7.js:291
[77726481ms] [ERROR] Failed to load resource: net::ERR_INTERNET_DISCONNECTED @ https://devfedb13.grafana.net/api/login/ping:0
[77726606ms] [ERROR] Failed to load resource: net::ERR_INTERNET_DISCONNECTED @ https://faro-collector-ops-eu-south-0.grafana-ops.net/collect/2aaaae17b963ac219cd6e23a4850f00e:0
[77726608ms] [ERROR] Failed to load resource: net::ERR_INTERNET_DISCONNECTED @ https://faro-collector-ops-eu-south-0.grafana-ops.net/collect/2aaaae17b963ac219cd6e23a4850f00e:0
[77726609ms] [ERROR] Faro
 @grafana/faro-web-sdk:transport-fetch
 Failed sending payload to the receiver
 {meta: Object, events: Array(1)} TypeError: Failed to fetch
    at https://grafana-assets.grafana.net/grafana/13.2.0-30616302309/public/build/1849-react19.2ac26fdddffdb4cf8597.js:177:52559
    at window.fetch (https://plugins-cdn.grafana.net/grafana-kowalski-app/1.64.0/public/plugins/grafana-kowalski-app/463.js?_cache=1ed629a5641ef9c0de99:2:206687)
    at https://plugins-cdn.grafana.net/grafana-kowalski-app/1.64.0/public/plugins/grafana-kowalski-app/463.js?_cache=1ed629a5641ef9c0de99:2:336969
    at o.<computed>.o.<computed> (https://rsi.grafana.com/v1.1/js-integrations/Fullstory.min.js:1:5852)
    at Mr.<anonymous> (https://plugins-cdn.grafana.net/grafana-kowalski-app/1.64.0/public/plugins/grafana-kowalski-app/463.js?_cache=1ed629a5641ef9c0de99:2:268817)
    at Generator.throw (<anonymous>)
    at a (https://plugins-cdn.grafana.net/grafana-kowalski-app/1.64.0/public/plugins/grafana-kowalski-app/463.js?_cache=1ed629a5641ef9c0de99:2:264709) @ https://plugins-cdn.grafana.net/grafana-kowalski-app/1.64.0/public/plugins/grafana-kowalski-app/463.js?_cache=1ed629a5641ef9c0de99:1
[77727692ms] [ERROR] Failed to load resource: net::ERR_INTERNET_DISCONNECTED @ https://faro-collector-ops-eu-south-0.grafana-ops.net/collect/bc03dd0f2a088059ae67a23bc296a26d:0
[77727695ms] [ERROR] Failed to load resource: net::ERR_INTERNET_DISCONNECTED @ https://faro-collector-ops-eu-south-0.grafana-ops.net/collect/bc03dd0f2a088059ae67a23bc296a26d:0
[77729688ms] [ERROR] Failed to load resource: net::ERR_INTERNET_DISCONNECTED @ https://faro-collector-ops-eu-south-0.grafana-ops.net/collect/bc03dd0f2a088059ae67a23bc296a26d:0
[77729690ms] [ERROR] Failed to load resource: net::ERR_INTERNET_DISCONNECTED @ https://faro-collector-ops-eu-south-0.grafana-ops.net/collect/bc03dd0f2a088059ae67a23bc296a26d:0
[77742040ms] [ERROR] WebSocket connection to 'wss://devfedb13.grafana.net/api/live/ws' failed: Error in connection establishment: net::ERR_INTERNET_DISCONNECTED @ https://grafana-assets.grafana.net/grafana/13.2.0-30616302309/public/build/3788-react19.93988d65f50992991cc7.js:291
[77742052ms] [ERROR] Failed to load resource: net::ERR_INTERNET_DISCONNECTED @ https://devfedb13.grafana.net/api/login/ping:0
[77742114ms] [ERROR] Failed to load resource: net::ERR_INTERNET_DISCONNECTED @ https://faro-collector-ops-eu-south-0.grafana-ops.net/collect/2aaaae17b963ac219cd6e23a4850f00e:0
[77742118ms] [ERROR] Failed to load resource: net::ERR_INTERNET_DISCONNECTED @ https://faro-collector-ops-eu-south-0.grafana-ops.net/collect/2aaaae17b963ac219cd6e23a4850f00e:0
[77742118ms] [ERROR] Faro
 @grafana/faro-web-sdk:transport-fetch
 Failed sending payload to the receiver
 {meta: Object, events: Array(1)} TypeError: Failed to fetch
    at https://grafana-assets.grafana.net/grafana/13.2.0-30616302309/public/build/1849-react19.2ac26fdddffdb4cf8597.js:177:52559
    at window.fetch (https://plugins-cdn.grafana.net/grafana-kowalski-app/1.64.0/public/plugins/grafana-kowalski-app/463.js?_cache=1ed629a5641ef9c0de99:2:206687)
    at https://plugins-cdn.grafana.net/grafana-kowalski-app/1.64.0/public/plugins/grafana-kowalski-app/463.js?_cache=1ed629a5641ef9c0de99:2:336969
    at o.<computed>.o.<computed> (https://rsi.grafana.com/v1.1/js-integrations/Fullstory.min.js:1:5852)
    at Mr.<anonymous> (https://plugins-cdn.grafana.net/grafana-kowalski-app/1.64.0/public/plugins/grafana-kowalski-app/463.js?_cache=1ed629a5641ef9c0de99:2:268817)
    at Generator.throw (<anonymous>)
    at a (https://plugins-cdn.grafana.net/grafana-kowalski-app/1.64.0/public/plugins/grafana-kowalski-app/463.js?_cache=1ed629a5641ef9c0de99:2:264709) @ https://plugins-cdn.grafana.net/grafana-kowalski-app/1.64.0/public/plugins/grafana-kowalski-app/463.js?_cache=1ed629a5641ef9c0de99:1
[77743690ms] [ERROR] Failed to load resource: net::ERR_INTERNET_DISCONNECTED @ https://faro-collector-ops-eu-south-0.grafana-ops.net/collect/bc03dd0f2a088059ae67a23bc296a26d:0
[77743693ms] [ERROR] Failed to load resource: net::ERR_INTERNET_DISCONNECTED @ https://faro-collector-ops-eu-south-0.grafana-ops.net/collect/bc03dd0f2a088059ae67a23bc296a26d:0
[77762013ms] [ERROR] WebSocket connection to 'wss://devfedb13.grafana.net/api/live/ws' failed: Error in connection establishment: net::ERR_INTERNET_DISCONNECTED @ https://grafana-assets.grafana.net/grafana/13.2.0-30616302309/public/build/3788-react19.93988d65f50992991cc7.js:291
[77762019ms] [ERROR] Failed to load resource: net::ERR_INTERNET_DISCONNECTED @ https://devfedb13.grafana.net/api/login/ping:0
[77762106ms] [ERROR] Failed to load resource: net::ERR_INTERNET_DISCONNECTED @ https://faro-collector-ops-eu-south-0.grafana-ops.net/collect/2aaaae17b963ac219cd6e23a4850f00e:0
[77762108ms] [ERROR] Failed to load resource: net::ERR_INTERNET_DISCONNECTED @ https://faro-collector-ops-eu-south-0.grafana-ops.net/collect/2aaaae17b963ac219cd6e23a4850f00e:0
[77762108ms] [ERROR] Faro
 @grafana/faro-web-sdk:transport-fetch
 Failed sending payload to the receiver
 {meta: Object, events: Array(1)} TypeError: Failed to fetch
    at https://grafana-assets.grafana.net/grafana/13.2.0-30616302309/public/build/1849-react19.2ac26fdddffdb4cf8597.js:177:52559
    at window.fetch (https://plugins-cdn.grafana.net/grafana-kowalski-app/1.64.0/public/plugins/grafana-kowalski-app/463.js?_cache=1ed629a5641ef9c0de99:2:206687)
    at https://plugins-cdn.grafana.net/grafana-kowalski-app/1.64.0/public/plugins/grafana-kowalski-app/463.js?_cache=1ed629a5641ef9c0de99:2:336969
    at o.<computed>.o.<computed> (https://rsi.grafana.com/v1.1/js-integrations/Fullstory.min.js:1:5852)
    at Mr.<anonymous> (https://plugins-cdn.grafana.net/grafana-kowalski-app/1.64.0/public/plugins/grafana-kowalski-app/463.js?_cache=1ed629a5641ef9c0de99:2:268817)
    at Generator.throw (<anonymous>)
    at a (https://plugins-cdn.grafana.net/grafana-kowalski-app/1.64.0/public/plugins/grafana-kowalski-app/463.js?_cache=1ed629a5641ef9c0de99:2:264709) @ https://plugins-cdn.grafana.net/grafana-kowalski-app/1.64.0/public/plugins/grafana-kowalski-app/463.js?_cache=1ed629a5641ef9c0de99:1
[77763689ms] [ERROR] Failed to load resource: net::ERR_INTERNET_DISCONNECTED @ https://faro-collector-ops-eu-south-0.grafana-ops.net/collect/bc03dd0f2a088059ae67a23bc296a26d:0
[77763690ms] [ERROR] Failed to load resource: net::ERR_INTERNET_DISCONNECTED @ https://faro-collector-ops-eu-south-0.grafana-ops.net/collect/bc03dd0f2a088059ae67a23bc296a26d:0
[77764254ms] [ERROR] WebSocket connection to 'wss://devfedb13.grafana.net/api/live/ws' failed: Error in connection establishment: net::ERR_INTERNET_DISCONNECTED @ https://grafana-assets.grafana.net/grafana/13.2.0-30616302309/public/build/3788-react19.93988d65f50992991cc7.js:291
[77780673ms] [ERROR] WebSocket connection to 'wss://devfedb13.grafana.net/api/live/ws' failed: Error in connection establishment: net::ERR_INTERNET_DISCONNECTED @ https://grafana-assets.grafana.net/grafana/13.2.0-30616302309/public/build/3788-react19.93988d65f50992991cc7.js:291
[77780679ms] [ERROR] Failed to load resource: net::ERR_INTERNET_DISCONNECTED @ https://devfedb13.grafana.net/api/login/ping:0
[77780854ms] [ERROR] Failed to load resource: net::ERR_INTERNET_DISCONNECTED @ https://faro-collector-ops-eu-south-0.grafana-ops.net/collect/2aaaae17b963ac219cd6e23a4850f00e:0
[77780858ms] [ERROR] Failed to load resource: net::ERR_INTERNET_DISCONNECTED @ https://faro-collector-ops-eu-south-0.grafana-ops.net/collect/2aaaae17b963ac219cd6e23a4850f00e:0
[77780858ms] [ERROR] Faro
 @grafana/faro-web-sdk:transport-fetch
 Failed sending payload to the receiver
 {meta: Object, events: Array(1)} TypeError: Failed to fetch
    at https://grafana-assets.grafana.net/grafana/13.2.0-30616302309/public/build/1849-react19.2ac26fdddffdb4cf8597.js:177:52559
    at window.fetch (https://plugins-cdn.grafana.net/grafana-kowalski-app/1.64.0/public/plugins/grafana-kowalski-app/463.js?_cache=1ed629a5641ef9c0de99:2:206687)
    at https://plugins-cdn.grafana.net/grafana-kowalski-app/1.64.0/public/plugins/grafana-kowalski-app/463.js?_cache=1ed629a5641ef9c0de99:2:336969
    at o.<computed>.o.<computed> (https://rsi.grafana.com/v1.1/js-integrations/Fullstory.min.js:1:5852)
    at Mr.<anonymous> (https://plugins-cdn.grafana.net/grafana-kowalski-app/1.64.0/public/plugins/grafana-kowalski-app/463.js?_cache=1ed629a5641ef9c0de99:2:268817)
    at Generator.throw (<anonymous>)
    at a (https://plugins-cdn.grafana.net/grafana-kowalski-app/1.64.0/public/plugins/grafana-kowalski-app/463.js?_cache=1ed629a5641ef9c0de99:2:264709) @ https://plugins-cdn.grafana.net/grafana-kowalski-app/1.64.0/public/plugins/grafana-kowalski-app/463.js?_cache=1ed629a5641ef9c0de99:1
[77781690ms] [ERROR] Failed to load resource: net::ERR_INTERNET_DISCONNECTED @ https://faro-collector-ops-eu-south-0.grafana-ops.net/collect/bc03dd0f2a088059ae67a23bc296a26d:0
[77781695ms] [ERROR] Failed to load resource: net::ERR_INTERNET_DISCONNECTED @ https://faro-collector-ops-eu-south-0.grafana-ops.net/collect/bc03dd0f2a088059ae67a23bc296a26d:0
[77783688ms] [ERROR] Failed to load resource: net::ERR_INTERNET_DISCONNECTED @ https://faro-collector-ops-eu-south-0.grafana-ops.net/collect/bc03dd0f2a088059ae67a23bc296a26d:0
[77783690ms] [ERROR] Failed to load resource: net::ERR_INTERNET_DISCONNECTED @ https://faro-collector-ops-eu-south-0.grafana-ops.net/collect/bc03dd0f2a088059ae67a23bc296a26d:0
[77785258ms] [ERROR] WebSocket connection to 'wss://devfedb13.grafana.net/api/live/ws' failed: Error in connection establishment: net::ERR_INTERNET_DISCONNECTED @ https://grafana-assets.grafana.net/grafana/13.2.0-30616302309/public/build/3788-react19.93988d65f50992991cc7.js:291
[77788907ms] [ERROR] WebSocket connection to 'wss://devfedb13.grafana.net/api/live/ws' failed: Error in connection establishment: net::ERR_INTERNET_DISCONNECTED @ https://grafana-assets.grafana.net/grafana/13.2.0-30616302309/public/build/3788-react19.93988d65f50992991cc7.js:291
[77788917ms] [ERROR] Failed to load resource: net::ERR_INTERNET_DISCONNECTED @ https://devfedb13.grafana.net/api/login/ping:0
[77789106ms] [ERROR] Failed to load resource: net::ERR_INTERNET_DISCONNECTED @ https://faro-collector-ops-eu-south-0.grafana-ops.net/collect/2aaaae17b963ac219cd6e23a4850f00e:0
[77789108ms] [ERROR] Failed to load resource: net::ERR_INTERNET_DISCONNECTED @ https://faro-collector-ops-eu-south-0.grafana-ops.net/collect/2aaaae17b963ac219cd6e23a4850f00e:0
[77789108ms] [ERROR] Faro
 @grafana/faro-web-sdk:transport-fetch
 Failed sending payload to the receiver
 {meta: Object, events: Array(1)} TypeError: Failed to fetch
    at https://grafana-assets.grafana.net/grafana/13.2.0-30616302309/public/build/1849-react19.2ac26fdddffdb4cf8597.js:177:52559
    at window.fetch (https://plugins-cdn.grafana.net/grafana-kowalski-app/1.64.0/public/plugins/grafana-kowalski-app/463.js?_cache=1ed629a5641ef9c0de99:2:206687)
    at https://plugins-cdn.grafana.net/grafana-kowalski-app/1.64.0/public/plugins/grafana-kowalski-app/463.js?_cache=1ed629a5641ef9c0de99:2:336969
    at o.<computed>.o.<computed> (https://rsi.grafana.com/v1.1/js-integrations/Fullstory.min.js:1:5852)
    at Mr.<anonymous> (https://plugins-cdn.grafana.net/grafana-kowalski-app/1.64.0/public/plugins/grafana-kowalski-app/463.js?_cache=1ed629a5641ef9c0de99:2:268817)
    at Generator.throw (<anonymous>)
    at a (https://plugins-cdn.grafana.net/grafana-kowalski-app/1.64.0/public/plugins/grafana-kowalski-app/463.js?_cache=1ed629a5641ef9c0de99:2:264709) @ https://plugins-cdn.grafana.net/grafana-kowalski-app/1.64.0/public/plugins/grafana-kowalski-app/463.js?_cache=1ed629a5641ef9c0de99:1
[77789689ms] [ERROR] Failed to load resource: net::ERR_INTERNET_DISCONNECTED @ https://faro-collector-ops-eu-south-0.grafana-ops.net/collect/bc03dd0f2a088059ae67a23bc296a26d:0
[77789691ms] [ERROR] Failed to load resource: net::ERR_INTERNET_DISCONNECTED @ https://faro-collector-ops-eu-south-0.grafana-ops.net/collect/bc03dd0f2a088059ae67a23bc296a26d:0
[77791692ms] [ERROR] Failed to load resource: net::ERR_INTERNET_DISCONNECTED @ https://faro-collector-ops-eu-south-0.grafana-ops.net/collect/bc03dd0f2a088059ae67a23bc296a26d:0
[77791695ms] [ERROR] Failed to load resource: net::ERR_INTERNET_DISCONNECTED @ https://faro-collector-ops-eu-south-0.grafana-ops.net/collect/bc03dd0f2a088059ae67a23bc296a26d:0
[77802223ms] [ERROR] WebSocket connection to 'wss://devfedb13.grafana.net/api/live/ws' failed: HTTP Authentication failed; no valid credentials available @ https://grafana-assets.grafana.net/grafana/13.2.0-30616302309/public/build/3788-react19.93988d65f50992991cc7.js:291
[77802626ms] [ERROR] Failed to load resource: the server responded with a status of 401 () @ https://devfedb13.grafana.net/api/login/ping:0
[77802630ms] [ERROR] Failed to load resource: the server responded with a status of 401 () @ https://devfedb13.grafana.net/api/plugin-proxy/grafana-kowalski-app/api-proxy/api/v1/app:0
[77803066ms] [WARNING] SceneObject already has a parent set that is different from the new parent. You cannot share the same SceneObject instance in multiple scenes or in multiple different places of the same scene graph. Use SceneObject.clone() to duplicate a SceneObject or store a state key reference and use sceneGraph.findObject to locate it. u zv @ https://edge.fullstory.com/s/fs.js:1
[77803067ms] [ERROR] Faro
 Attempted to create a new user action while one is already running. This is not possible. @ https://plugins-cdn.grafana.net/grafana-kowalski-app/1.64.0/public/plugins/grafana-kowalski-app/463.js?_cache=1ed629a5641ef9c0de99:1
[77803086ms] [ERROR] Faro
 Attempted to create a new user action while one is already running. This is not possible. @ https://plugins-cdn.grafana.net/grafana-kowalski-app/1.64.0/public/plugins/grafana-kowalski-app/463.js?_cache=1ed629a5641ef9c0de99:1
[77803092ms] [WARNING] SceneObject already has a parent set that is different from the new parent. You cannot share the same SceneObject instance in multiple scenes or in multiple different places of the same scene graph. Use SceneObject.clone() to duplicate a SceneObject or store a state key reference and use sceneGraph.findObject to locate it. sr u @ https://edge.fullstory.com/s/fs.js:1
[77803093ms] [WARNING] SceneObject already has a parent set that is different from the new parent. You cannot share the same SceneObject instance in multiple scenes or in multiple different places of the same scene graph. Use SceneObject.clone() to duplicate a SceneObject or store a state key reference and use sceneGraph.findObject to locate it. d u @ https://edge.fullstory.com/s/fs.js:1
[77803093ms] [WARNING] SceneObject already has a parent set that is different from the new parent. You cannot share the same SceneObject instance in multiple scenes or in multiple different places of the same scene graph. Use SceneObject.clone() to duplicate a SceneObject or store a state key reference and use sceneGraph.findObject to locate it. d u @ https://edge.fullstory.com/s/fs.js:1
[77803094ms] [WARNING] SceneObject already has a parent set that is different from the new parent. You cannot share the same SceneObject instance in multiple scenes or in multiple different places of the same scene graph. Use SceneObject.clone() to duplicate a SceneObject or store a state key reference and use sceneGraph.findObject to locate it. d u @ https://edge.fullstory.com/s/fs.js:1
[77803094ms] [WARNING] SceneObject already has a parent set that is different from the new parent. You cannot share the same SceneObject instance in multiple scenes or in multiple different places of the same scene graph. Use SceneObject.clone() to duplicate a SceneObject or store a state key reference and use sceneGraph.findObject to locate it. HI u @ https://edge.fullstory.com/s/fs.js:1
[77803095ms] [WARNING] SceneObject already has a parent set that is different from the new parent. You cannot share the same SceneObject instance in multiple scenes or in multiple different places of the same scene graph. Use SceneObject.clone() to duplicate a SceneObject or store a state key reference and use sceneGraph.findObject to locate it. vt u @ https://edge.fullstory.com/s/fs.js:1
[77803095ms] [WARNING] SceneObject already has a parent set that is different from the new parent. You cannot share the same SceneObject instance in multiple scenes or in multiple different places of the same scene graph. Use SceneObject.clone() to duplicate a SceneObject or store a state key reference and use sceneGraph.findObject to locate it. c u @ https://edge.fullstory.com/s/fs.js:1
[77803095ms] [WARNING] SceneObject already has a parent set that is different from the new parent. You cannot share the same SceneObject instance in multiple scenes or in multiple different places of the same scene graph. Use SceneObject.clone() to duplicate a SceneObject or store a state key reference and use sceneGraph.findObject to locate it. c u @ https://edge.fullstory.com/s/fs.js:1
[77803095ms] [WARNING] SceneObject already has a parent set that is different from the new parent. You cannot share the same SceneObject instance in multiple scenes or in multiple different places of the same scene graph. Use SceneObject.clone() to duplicate a SceneObject or store a state key reference and use sceneGraph.findObject to locate it. NE u @ https://edge.fullstory.com/s/fs.js:1
[77803096ms] [WARNING] SceneObject already has a parent set that is different from the new parent. You cannot share the same SceneObject instance in multiple scenes or in multiple different places of the same scene graph. Use SceneObject.clone() to duplicate a SceneObject or store a state key reference and use sceneGraph.findObject to locate it. IE u @ https://edge.fullstory.com/s/fs.js:1
[77803096ms] [WARNING] SceneObject already has a parent set that is different from the new parent. You cannot share the same SceneObject instance in multiple scenes or in multiple different places of the same scene graph. Use SceneObject.clone() to duplicate a SceneObject or store a state key reference and use sceneGraph.findObject to locate it. c u @ https://edge.fullstory.com/s/fs.js:1
[77803097ms] [WARNING] SceneObject already has a parent set that is different from the new parent. You cannot share the same SceneObject instance in multiple scenes or in multiple different places of the same scene graph. Use SceneObject.clone() to duplicate a SceneObject or store a state key reference and use sceneGraph.findObject to locate it. c u @ https://edge.fullstory.com/s/fs.js:1
[77803097ms] [WARNING] SceneObject already has a parent set that is different from the new parent. You cannot share the same SceneObject instance in multiple scenes or in multiple different places of the same scene graph. Use SceneObject.clone() to duplicate a SceneObject or store a state key reference and use sceneGraph.findObject to locate it. c u @ https://edge.fullstory.com/s/fs.js:1
[77803097ms] [WARNING] SceneObject already has a parent set that is different from the new parent. You cannot share the same SceneObject instance in multiple scenes or in multiple different places of the same scene graph. Use SceneObject.clone() to duplicate a SceneObject or store a state key reference and use sceneGraph.findObject to locate it. c u @ https://edge.fullstory.com/s/fs.js:1
[77803098ms] [WARNING] SceneObject already has a parent set that is different from the new parent. You cannot share the same SceneObject instance in multiple scenes or in multiple different places of the same scene graph. Use SceneObject.clone() to duplicate a SceneObject or store a state key reference and use sceneGraph.findObject to locate it. c u @ https://edge.fullstory.com/s/fs.js:1
[77803098ms] [WARNING] SceneObject already has a parent set that is different from the new parent. You cannot share the same SceneObject instance in multiple scenes or in multiple different places of the same scene graph. Use SceneObject.clone() to duplicate a SceneObject or store a state key reference and use sceneGraph.findObject to locate it. c u @ https://edge.fullstory.com/s/fs.js:1
[77803098ms] [WARNING] SceneObject already has a parent set that is different from the new parent. You cannot share the same SceneObject instance in multiple scenes or in multiple different places of the same scene graph. Use SceneObject.clone() to duplicate a SceneObject or store a state key reference and use sceneGraph.findObject to locate it. c u @ https://edge.fullstory.com/s/fs.js:1
[77803099ms] [WARNING] SceneObject already has a parent set that is different from the new parent. You cannot share the same SceneObject instance in multiple scenes or in multiple different places of the same scene graph. Use SceneObject.clone() to duplicate a SceneObject or store a state key reference and use sceneGraph.findObject to locate it. c u @ https://edge.fullstory.com/s/fs.js:1
[77803099ms] [WARNING] SceneObject already has a parent set that is different from the new parent. You cannot share the same SceneObject instance in multiple scenes or in multiple different places of the same scene graph. Use SceneObject.clone() to duplicate a SceneObject or store a state key reference and use sceneGraph.findObject to locate it. c u @ https://edge.fullstory.com/s/fs.js:1
[77803100ms] [WARNING] SceneObject already has a parent set that is different from the new parent. You cannot share the same SceneObject instance in multiple scenes or in multiple different places of the same scene graph. Use SceneObject.clone() to duplicate a SceneObject or store a state key reference and use sceneGraph.findObject to locate it. c u @ https://edge.fullstory.com/s/fs.js:1
[77803100ms] [WARNING] SceneObject already has a parent set that is different from the new parent. You cannot share the same SceneObject instance in multiple scenes or in multiple different places of the same scene graph. Use SceneObject.clone() to duplicate a SceneObject or store a state key reference and use sceneGraph.findObject to locate it. c u @ https://edge.fullstory.com/s/fs.js:1
[77803100ms] [WARNING] SceneObject already has a parent set that is different from the new parent. You cannot share the same SceneObject instance in multiple scenes or in multiple different places of the same scene graph. Use SceneObject.clone() to duplicate a SceneObject or store a state key reference and use sceneGraph.findObject to locate it. c u @ https://edge.fullstory.com/s/fs.js:1
[77803100ms] [WARNING] SceneObject already has a parent set that is different from the new parent. You cannot share the same SceneObject instance in multiple scenes or in multiple different places of the same scene graph. Use SceneObject.clone() to duplicate a SceneObject or store a state key reference and use sceneGraph.findObject to locate it. c u @ https://edge.fullstory.com/s/fs.js:1
[77803100ms] [WARNING] SceneObject already has a parent set that is different from the new parent. You cannot share the same SceneObject instance in multiple scenes or in multiple different places of the same scene graph. Use SceneObject.clone() to duplicate a SceneObject or store a state key reference and use sceneGraph.findObject to locate it. c u @ https://edge.fullstory.com/s/fs.js:1
[77803100ms] [WARNING] SceneObject already has a parent set that is different from the new parent. You cannot share the same SceneObject instance in multiple scenes or in multiple different places of the same scene graph. Use SceneObject.clone() to duplicate a SceneObject or store a state key reference and use sceneGraph.findObject to locate it. c u @ https://edge.fullstory.com/s/fs.js:1
[77803101ms] [WARNING] SceneObject already has a parent set that is different from the new parent. You cannot share the same SceneObject instance in multiple scenes or in multiple different places of the same scene graph. Use SceneObject.clone() to duplicate a SceneObject or store a state key reference and use sceneGraph.findObject to locate it. c u @ https://edge.fullstory.com/s/fs.js:1
[77803101ms] [WARNING] SceneObject already has a parent set that is different from the new parent. You cannot share the same SceneObject instance in multiple scenes or in multiple different places of the same scene graph. Use SceneObject.clone() to duplicate a SceneObject or store a state key reference and use sceneGraph.findObject to locate it. c u @ https://edge.fullstory.com/s/fs.js:1
[77803101ms] [ERROR] Faro
 Attempted to create a new user action while one is already running. This is not possible. @ https://plugins-cdn.grafana.net/grafana-kowalski-app/1.64.0/public/plugins/grafana-kowalski-app/463.js?_cache=1ed629a5641ef9c0de99:1
[77803110ms] [WARNING] SceneObject already has a parent set that is different from the new parent. You cannot share the same SceneObject instance in multiple scenes or in multiple different places of the same scene graph. Use SceneObject.clone() to duplicate a SceneObject or store a state key reference and use sceneGraph.findObject to locate it. h y @ https://edge.fullstory.com/s/fs.js:1
[77803111ms] [WARNING] SceneObject already has a parent set that is different from the new parent. You cannot share the same SceneObject instance in multiple scenes or in multiple different places of the same scene graph. Use SceneObject.clone() to duplicate a SceneObject or store a state key reference and use sceneGraph.findObject to locate it. h y @ https://edge.fullstory.com/s/fs.js:1
[77803111ms] [WARNING] SceneObject already has a parent set that is different from the new parent. You cannot share the same SceneObject instance in multiple scenes or in multiple different places of the same scene graph. Use SceneObject.clone() to duplicate a SceneObject or store a state key reference and use sceneGraph.findObject to locate it. h y @ https://edge.fullstory.com/s/fs.js:1
[77803113ms] [WARNING] SceneObject already has a parent set that is different from the new parent. You cannot share the same SceneObject instance in multiple scenes or in multiple different places of the same scene graph. Use SceneObject.clone() to duplicate a SceneObject or store a state key reference and use sceneGraph.findObject to locate it. L y @ https://edge.fullstory.com/s/fs.js:1
[77803117ms] [WARNING] SceneObject already has a parent set that is different from the new parent. You cannot share the same SceneObject instance in multiple scenes or in multiple different places of the same scene graph. Use SceneObject.clone() to duplicate a SceneObject or store a state key reference and use sceneGraph.findObject to locate it. d u @ https://edge.fullstory.com/s/fs.js:1
[78792769ms] [ERROR] WebSocket connection to 'wss://devfedb13.grafana.net/api/live/ws' failed: Error in connection establishment: net::ERR_INTERNET_DISCONNECTED @ https://grafana-assets.grafana.net/grafana/13.2.0-30616302309/public/build/3788-react19.93988d65f50992991cc7.js:291
[78792836ms] [ERROR] Failed to load resource: net::ERR_INTERNET_DISCONNECTED @ https://devfedb13.grafana.net/api/login/ping:0
[78793203ms] [ERROR] Failed to load resource: net::ERR_INTERNET_DISCONNECTED @ https://faro-collector-ops-eu-south-0.grafana-ops.net/collect/2aaaae17b963ac219cd6e23a4850f00e:0
[78793208ms] [ERROR] Failed to load resource: net::ERR_INTERNET_DISCONNECTED @ https://faro-collector-ops-eu-south-0.grafana-ops.net/collect/2aaaae17b963ac219cd6e23a4850f00e:0
[78793210ms] [ERROR] Faro
 @grafana/faro-web-sdk:transport-fetch
 Failed sending payload to the receiver
 {meta: Object, events: Array(1)} TypeError: Failed to fetch
    at https://grafana-assets.grafana.net/grafana/13.2.0-30616302309/public/build/1849-react19.2ac26fdddffdb4cf8597.js:177:52559
    at window.fetch (https://plugins-cdn.grafana.net/grafana-kowalski-app/1.64.0/public/plugins/grafana-kowalski-app/463.js?_cache=1ed629a5641ef9c0de99:2:206687)
    at https://plugins-cdn.grafana.net/grafana-kowalski-app/1.64.0/public/plugins/grafana-kowalski-app/463.js?_cache=1ed629a5641ef9c0de99:2:336969
    at o.<computed>.o.<computed> (https://rsi.grafana.com/v1.1/js-integrations/Fullstory.min.js:1:5852)
    at Mr.<anonymous> (https://plugins-cdn.grafana.net/grafana-kowalski-app/1.64.0/public/plugins/grafana-kowalski-app/463.js?_cache=1ed629a5641ef9c0de99:2:268817)
    at Generator.throw (<anonymous>)
    at a (https://plugins-cdn.grafana.net/grafana-kowalski-app/1.64.0/public/plugins/grafana-kowalski-app/463.js?_cache=1ed629a5641ef9c0de99:2:264709) @ https://plugins-cdn.grafana.net/grafana-kowalski-app/1.64.0/public/plugins/grafana-kowalski-app/463.js?_cache=1ed629a5641ef9c0de99:1
[78793514ms] [ERROR] Failed to load resource: net::ERR_INTERNET_DISCONNECTED @ https://faro-collector-ops-eu-south-0.grafana-ops.net/collect/bc03dd0f2a088059ae67a23bc296a26d:0
[78793517ms] [ERROR] Failed to load resource: net::ERR_INTERNET_DISCONNECTED @ https://faro-collector-ops-eu-south-0.grafana-ops.net/collect/bc03dd0f2a088059ae67a23bc296a26d:0
[78793749ms] [ERROR] WebSocket connection to 'wss://devfedb13.grafana.net/api/live/ws' failed: Error in connection establishment: net::ERR_INTERNET_DISCONNECTED @ https://grafana-assets.grafana.net/grafana/13.2.0-30616302309/public/build/3788-react19.93988d65f50992991cc7.js:291
[78794555ms] [ERROR] WebSocket connection to 'wss://devfedb13.grafana.net/api/live/ws' failed: Error in connection establishment: net::ERR_INTERNET_DISCONNECTED @ https://grafana-assets.grafana.net/grafana/13.2.0-30616302309/public/build/3788-react19.93988d65f50992991cc7.js:291
[78795528ms] [ERROR] Failed to load resource: net::ERR_INTERNET_DISCONNECTED @ https://faro-collector-ops-eu-south-0.grafana-ops.net/collect/bc03dd0f2a088059ae67a23bc296a26d:0
[78795533ms] [ERROR] Failed to load resource: net::ERR_INTERNET_DISCONNECTED @ https://faro-collector-ops-eu-south-0.grafana-ops.net/collect/bc03dd0f2a088059ae67a23bc296a26d:0
[78798230ms] [ERROR] WebSocket connection to 'wss://devfedb13.grafana.net/api/live/ws' failed: Error in connection establishment: net::ERR_INTERNET_DISCONNECTED @ https://grafana-assets.grafana.net/grafana/13.2.0-30616302309/public/build/3788-react19.93988d65f50992991cc7.js:291
[78798252ms] [ERROR] Failed to load resource: net::ERR_INTERNET_DISCONNECTED @ https://devfedb13.grafana.net/api/login/ping:0
[78798440ms] [ERROR] Failed to load resource: net::ERR_INTERNET_DISCONNECTED @ https://faro-collector-ops-eu-south-0.grafana-ops.net/collect/2aaaae17b963ac219cd6e23a4850f00e:0
[78798446ms] [ERROR] Failed to load resource: net::ERR_INTERNET_DISCONNECTED @ https://faro-collector-ops-eu-south-0.grafana-ops.net/collect/2aaaae17b963ac219cd6e23a4850f00e:0
[78798447ms] [ERROR] Faro
 @grafana/faro-web-sdk:transport-fetch
 Failed sending payload to the receiver
 {meta: Object, events: Array(1)} TypeError: Failed to fetch
    at https://grafana-assets.grafana.net/grafana/13.2.0-30616302309/public/build/1849-react19.2ac26fdddffdb4cf8597.js:177:52559
    at window.fetch (https://plugins-cdn.grafana.net/grafana-kowalski-app/1.64.0/public/plugins/grafana-kowalski-app/463.js?_cache=1ed629a5641ef9c0de99:2:206687)
    at https://plugins-cdn.grafana.net/grafana-kowalski-app/1.64.0/public/plugins/grafana-kowalski-app/463.js?_cache=1ed629a5641ef9c0de99:2:336969
    at o.<computed>.o.<computed> (https://rsi.grafana.com/v1.1/js-integrations/Fullstory.min.js:1:5852)
    at Mr.<anonymous> (https://plugins-cdn.grafana.net/grafana-kowalski-app/1.64.0/public/plugins/grafana-kowalski-app/463.js?_cache=1ed629a5641ef9c0de99:2:268817)
    at Generator.throw (<anonymous>)
    at a (https://plugins-cdn.grafana.net/grafana-kowalski-app/1.64.0/public/plugins/grafana-kowalski-app/463.js?_cache=1ed629a5641ef9c0de99:2:264709) @ https://plugins-cdn.grafana.net/grafana-kowalski-app/1.64.0/public/plugins/grafana-kowalski-app/463.js?_cache=1ed629a5641ef9c0de99:1
[78799519ms] [ERROR] Failed to load resource: net::ERR_INTERNET_DISCONNECTED @ https://faro-collector-ops-eu-south-0.grafana-ops.net/collect/bc03dd0f2a088059ae67a23bc296a26d:0
[78799522ms] [ERROR] Failed to load resource: net::ERR_INTERNET_DISCONNECTED @ https://faro-collector-ops-eu-south-0.grafana-ops.net/collect/bc03dd0f2a088059ae67a23bc296a26d:0
[78801517ms] [ERROR] Failed to load resource: net::ERR_INTERNET_DISCONNECTED @ https://faro-collector-ops-eu-south-0.grafana-ops.net/collect/bc03dd0f2a088059ae67a23bc296a26d:0
[78801518ms] [ERROR] Failed to load resource: net::ERR_INTERNET_DISCONNECTED @ https://faro-collector-ops-eu-south-0.grafana-ops.net/collect/bc03dd0f2a088059ae67a23bc296a26d:0
[78802898ms] [ERROR] WebSocket connection to 'wss://devfedb13.grafana.net/api/live/ws' failed: Error in connection establishment: net::ERR_INTERNET_DISCONNECTED @ https://grafana-assets.grafana.net/grafana/13.2.0-30616302309/public/build/3788-react19.93988d65f50992991cc7.js:291
[78804497ms] [ERROR] WebSocket connection to 'wss://devfedb13.grafana.net/api/live/ws' failed: Error in connection establishment: net::ERR_INTERNET_DISCONNECTED @ https://grafana-assets.grafana.net/grafana/13.2.0-30616302309/public/build/3788-react19.93988d65f50992991cc7.js:291
[78804509ms] [ERROR] Failed to load resource: net::ERR_INTERNET_DISCONNECTED @ https://devfedb13.grafana.net/api/login/ping:0
[78804682ms] [ERROR] Failed to load resource: net::ERR_INTERNET_DISCONNECTED @ https://faro-collector-ops-eu-south-0.grafana-ops.net/collect/2aaaae17b963ac219cd6e23a4850f00e:0
[78804685ms] [ERROR] Failed to load resource: net::ERR_INTERNET_DISCONNECTED @ https://faro-collector-ops-eu-south-0.grafana-ops.net/collect/2aaaae17b963ac219cd6e23a4850f00e:0
[78804686ms] [ERROR] Faro
 @grafana/faro-web-sdk:transport-fetch
 Failed sending payload to the receiver
 {meta: Object, events: Array(1)} TypeError: Failed to fetch
    at https://grafana-assets.grafana.net/grafana/13.2.0-30616302309/public/build/1849-react19.2ac26fdddffdb4cf8597.js:177:52559
    at window.fetch (https://plugins-cdn.grafana.net/grafana-kowalski-app/1.64.0/public/plugins/grafana-kowalski-app/463.js?_cache=1ed629a5641ef9c0de99:2:206687)
    at https://plugins-cdn.grafana.net/grafana-kowalski-app/1.64.0/public/plugins/grafana-kowalski-app/463.js?_cache=1ed629a5641ef9c0de99:2:336969
    at o.<computed>.o.<computed> (https://rsi.grafana.com/v1.1/js-integrations/Fullstory.min.js:1:5852)
    at Mr.<anonymous> (https://plugins-cdn.grafana.net/grafana-kowalski-app/1.64.0/public/plugins/grafana-kowalski-app/463.js?_cache=1ed629a5641ef9c0de99:2:268817)
    at Generator.throw (<anonymous>)
    at a (https://plugins-cdn.grafana.net/grafana-kowalski-app/1.64.0/public/plugins/grafana-kowalski-app/463.js?_cache=1ed629a5641ef9c0de99:2:264709) @ https://plugins-cdn.grafana.net/grafana-kowalski-app/1.64.0/public/plugins/grafana-kowalski-app/463.js?_cache=1ed629a5641ef9c0de99:1
[78805518ms] [ERROR] Failed to load resource: net::ERR_INTERNET_DISCONNECTED @ https://faro-collector-ops-eu-south-0.grafana-ops.net/collect/bc03dd0f2a088059ae67a23bc296a26d:0
[78805520ms] [ERROR] Failed to load resource: net::ERR_INTERNET_DISCONNECTED @ https://faro-collector-ops-eu-south-0.grafana-ops.net/collect/bc03dd0f2a088059ae67a23bc296a26d:0
[78807524ms] [ERROR] Failed to load resource: net::ERR_INTERNET_DISCONNECTED @ https://faro-collector-ops-eu-south-0.grafana-ops.net/collect/bc03dd0f2a088059ae67a23bc296a26d:0
[78807528ms] [ERROR] Failed to load resource: net::ERR_INTERNET_DISCONNECTED @ https://faro-collector-ops-eu-south-0.grafana-ops.net/collect/bc03dd0f2a088059ae67a23bc296a26d:0
[78819703ms] [ERROR] WebSocket connection to 'wss://devfedb13.grafana.net/api/live/ws' failed: Error in connection establishment: net::ERR_INTERNET_DISCONNECTED @ https://grafana-assets.grafana.net/grafana/13.2.0-30616302309/public/build/3788-react19.93988d65f50992991cc7.js:291
[78819714ms] [ERROR] Failed to load resource: net::ERR_INTERNET_DISCONNECTED @ https://devfedb13.grafana.net/api/login/ping:0
[78819933ms] [ERROR] Failed to load resource: net::ERR_INTERNET_DISCONNECTED @ https://faro-collector-ops-eu-south-0.grafana-ops.net/collect/2aaaae17b963ac219cd6e23a4850f00e:0
[78819935ms] [ERROR] Failed to load resource: net::ERR_INTERNET_DISCONNECTED @ https://faro-collector-ops-eu-south-0.grafana-ops.net/collect/2aaaae17b963ac219cd6e23a4850f00e:0
[78819935ms] [ERROR] Faro
 @grafana/faro-web-sdk:transport-fetch
 Failed sending payload to the receiver
 {meta: Object, events: Array(1)} TypeError: Failed to fetch
    at https://grafana-assets.grafana.net/grafana/13.2.0-30616302309/public/build/1849-react19.2ac26fdddffdb4cf8597.js:177:52559
    at window.fetch (https://plugins-cdn.grafana.net/grafana-kowalski-app/1.64.0/public/plugins/grafana-kowalski-app/463.js?_cache=1ed629a5641ef9c0de99:2:206687)
    at https://plugins-cdn.grafana.net/grafana-kowalski-app/1.64.0/public/plugins/grafana-kowalski-app/463.js?_cache=1ed629a5641ef9c0de99:2:336969
    at o.<computed>.o.<computed> (https://rsi.grafana.com/v1.1/js-integrations/Fullstory.min.js:1:5852)
    at Mr.<anonymous> (https://plugins-cdn.grafana.net/grafana-kowalski-app/1.64.0/public/plugins/grafana-kowalski-app/463.js?_cache=1ed629a5641ef9c0de99:2:268817)
    at Generator.throw (<anonymous>)
    at a (https://plugins-cdn.grafana.net/grafana-kowalski-app/1.64.0/public/plugins/grafana-kowalski-app/463.js?_cache=1ed629a5641ef9c0de99:2:264709) @ https://plugins-cdn.grafana.net/grafana-kowalski-app/1.64.0/public/plugins/grafana-kowalski-app/463.js?_cache=1ed629a5641ef9c0de99:1
[78821515ms] [ERROR] Failed to load resource: net::ERR_INTERNET_DISCONNECTED @ https://faro-collector-ops-eu-south-0.grafana-ops.net/collect/bc03dd0f2a088059ae67a23bc296a26d:0
[78821518ms] [ERROR] Failed to load resource: net::ERR_INTERNET_DISCONNECTED @ https://faro-collector-ops-eu-south-0.grafana-ops.net/collect/bc03dd0f2a088059ae67a23bc296a26d:0
[78823416ms] [ERROR] WebSocket connection to 'wss://devfedb13.grafana.net/api/live/ws' failed: Error in connection establishment: net::ERR_INTERNET_DISCONNECTED @ https://grafana-assets.grafana.net/grafana/13.2.0-30616302309/public/build/3788-react19.93988d65f50992991cc7.js:291
[78828639ms] [ERROR] WebSocket connection to 'wss://devfedb13.grafana.net/api/live/ws' failed: Error in connection establishment: net::ERR_INTERNET_DISCONNECTED @ https://grafana-assets.grafana.net/grafana/13.2.0-30616302309/public/build/3788-react19.93988d65f50992991cc7.js:291
[78828642ms] [ERROR] Failed to load resource: net::ERR_INTERNET_DISCONNECTED @ https://devfedb13.grafana.net/api/login/ping:0
[78828681ms] [ERROR] Failed to load resource: net::ERR_INTERNET_DISCONNECTED @ https://faro-collector-ops-eu-south-0.grafana-ops.net/collect/2aaaae17b963ac219cd6e23a4850f00e:0
[78828683ms] [ERROR] Failed to load resource: net::ERR_INTERNET_DISCONNECTED @ https://faro-collector-ops-eu-south-0.grafana-ops.net/collect/2aaaae17b963ac219cd6e23a4850f00e:0
[78828683ms] [ERROR] Faro
 @grafana/faro-web-sdk:transport-fetch
 Failed sending payload to the receiver
 {meta: Object, events: Array(1)} TypeError: Failed to fetch
    at https://grafana-assets.grafana.net/grafana/13.2.0-30616302309/public/build/1849-react19.2ac26fdddffdb4cf8597.js:177:52559
    at window.fetch (https://plugins-cdn.grafana.net/grafana-kowalski-app/1.64.0/public/plugins/grafana-kowalski-app/463.js?_cache=1ed629a5641ef9c0de99:2:206687)
    at https://plugins-cdn.grafana.net/grafana-kowalski-app/1.64.0/public/plugins/grafana-kowalski-app/463.js?_cache=1ed629a5641ef9c0de99:2:336969
    at o.<computed>.o.<computed> (https://rsi.grafana.com/v1.1/js-integrations/Fullstory.min.js:1:5852)
    at Mr.<anonymous> (https://plugins-cdn.grafana.net/grafana-kowalski-app/1.64.0/public/plugins/grafana-kowalski-app/463.js?_cache=1ed629a5641ef9c0de99:2:268817)
    at Generator.throw (<anonymous>)
    at a (https://plugins-cdn.grafana.net/grafana-kowalski-app/1.64.0/public/plugins/grafana-kowalski-app/463.js?_cache=1ed629a5641ef9c0de99:2:264709) @ https://plugins-cdn.grafana.net/grafana-kowalski-app/1.64.0/public/plugins/grafana-kowalski-app/463.js?_cache=1ed629a5641ef9c0de99:1
[78829518ms] [ERROR] Failed to load resource: net::ERR_INTERNET_DISCONNECTED @ https://faro-collector-ops-eu-south-0.grafana-ops.net/collect/bc03dd0f2a088059ae67a23bc296a26d:0
[78829523ms] [ERROR] Failed to load resource: net::ERR_INTERNET_DISCONNECTED @ https://faro-collector-ops-eu-south-0.grafana-ops.net/collect/bc03dd0f2a088059ae67a23bc296a26d:0
[78831517ms] [ERROR] Failed to load resource: net::ERR_INTERNET_DISCONNECTED @ https://faro-collector-ops-eu-south-0.grafana-ops.net/collect/bc03dd0f2a088059ae67a23bc296a26d:0
[78831520ms] [ERROR] Failed to load resource: net::ERR_INTERNET_DISCONNECTED @ https://faro-collector-ops-eu-south-0.grafana-ops.net/collect/bc03dd0f2a088059ae67a23bc296a26d:0
[78846915ms] [ERROR] WebSocket connection to 'wss://devfedb13.grafana.net/api/live/ws' failed: Error in connection establishment: net::ERR_INTERNET_DISCONNECTED @ https://grafana-assets.grafana.net/grafana/13.2.0-30616302309/public/build/3788-react19.93988d65f50992991cc7.js:291
[78846923ms] [ERROR] Failed to load resource: net::ERR_INTERNET_DISCONNECTED @ https://devfedb13.grafana.net/api/login/ping:0
[78846933ms] [ERROR] Failed to load resource: net::ERR_INTERNET_DISCONNECTED @ https://faro-collector-ops-eu-south-0.grafana-ops.net/collect/2aaaae17b963ac219cd6e23a4850f00e:0
[78846937ms] [ERROR] Failed to load resource: net::ERR_INTERNET_DISCONNECTED @ https://faro-collector-ops-eu-south-0.grafana-ops.net/collect/2aaaae17b963ac219cd6e23a4850f00e:0
[78846938ms] [ERROR] Faro
 @grafana/faro-web-sdk:transport-fetch
 Failed sending payload to the receiver
 {meta: Object, events: Array(1)} TypeError: Failed to fetch
    at https://grafana-assets.grafana.net/grafana/13.2.0-30616302309/public/build/1849-react19.2ac26fdddffdb4cf8597.js:177:52559
    at window.fetch (https://plugins-cdn.grafana.net/grafana-kowalski-app/1.64.0/public/plugins/grafana-kowalski-app/463.js?_cache=1ed629a5641ef9c0de99:2:206687)
    at https://plugins-cdn.grafana.net/grafana-kowalski-app/1.64.0/public/plugins/grafana-kowalski-app/463.js?_cache=1ed629a5641ef9c0de99:2:336969
    at o.<computed>.o.<computed> (https://rsi.grafana.com/v1.1/js-integrations/Fullstory.min.js:1:5852)
    at Mr.<anonymous> (https://plugins-cdn.grafana.net/grafana-kowalski-app/1.64.0/public/plugins/grafana-kowalski-app/463.js?_cache=1ed629a5641ef9c0de99:2:268817)
    at Generator.throw (<anonymous>)
    at a (https://plugins-cdn.grafana.net/grafana-kowalski-app/1.64.0/public/plugins/grafana-kowalski-app/463.js?_cache=1ed629a5641ef9c0de99:2:264709) @ https://plugins-cdn.grafana.net/grafana-kowalski-app/1.64.0/public/plugins/grafana-kowalski-app/463.js?_cache=1ed629a5641ef9c0de99:1
[78847515ms] [ERROR] Failed to load resource: net::ERR_INTERNET_DISCONNECTED @ https://faro-collector-ops-eu-south-0.grafana-ops.net/collect/bc03dd0f2a088059ae67a23bc296a26d:0
[78847516ms] [ERROR] Failed to load resource: net::ERR_INTERNET_DISCONNECTED @ https://faro-collector-ops-eu-south-0.grafana-ops.net/collect/bc03dd0f2a088059ae67a23bc296a26d:0
[78847845ms] [ERROR] WebSocket connection to 'wss://devfedb13.grafana.net/api/live/ws' failed: Error in connection establishment: net::ERR_INTERNET_DISCONNECTED @ https://grafana-assets.grafana.net/grafana/13.2.0-30616302309/public/build/3788-react19.93988d65f50992991cc7.js:291
[78849519ms] [ERROR] Failed to load resource: net::ERR_INTERNET_DISCONNECTED @ https://faro-collector-ops-eu-south-0.grafana-ops.net/collect/bc03dd0f2a088059ae67a23bc296a26d:0
[78849523ms] [ERROR] Failed to load resource: net::ERR_INTERNET_DISCONNECTED @ https://faro-collector-ops-eu-south-0.grafana-ops.net/collect/bc03dd0f2a088059ae67a23bc296a26d:0
[78864153ms] [ERROR] WebSocket connection to 'wss://devfedb13.grafana.net/api/live/ws' failed: Error in connection establishment: net::ERR_INTERNET_DISCONNECTED @ https://grafana-assets.grafana.net/grafana/13.2.0-30616302309/public/build/3788-react19.93988d65f50992991cc7.js:291
[78864158ms] [ERROR] Failed to load resource: net::ERR_INTERNET_DISCONNECTED @ https://devfedb13.grafana.net/api/login/ping:0
[78864182ms] [ERROR] Failed to load resource: net::ERR_INTERNET_DISCONNECTED @ https://faro-collector-ops-eu-south-0.grafana-ops.net/collect/2aaaae17b963ac219cd6e23a4850f00e:0
[78864192ms] [ERROR] Failed to load resource: net::ERR_INTERNET_DISCONNECTED @ https://faro-collector-ops-eu-south-0.grafana-ops.net/collect/2aaaae17b963ac219cd6e23a4850f00e:0
[78864195ms] [ERROR] Faro
 @grafana/faro-web-sdk:transport-fetch
 Failed sending payload to the receiver
 {meta: Object, events: Array(1)} TypeError: Failed to fetch
    at https://grafana-assets.grafana.net/grafana/13.2.0-30616302309/public/build/1849-react19.2ac26fdddffdb4cf8597.js:177:52559
    at window.fetch (https://plugins-cdn.grafana.net/grafana-kowalski-app/1.64.0/public/plugins/grafana-kowalski-app/463.js?_cache=1ed629a5641ef9c0de99:2:206687)
    at https://plugins-cdn.grafana.net/grafana-kowalski-app/1.64.0/public/plugins/grafana-kowalski-app/463.js?_cache=1ed629a5641ef9c0de99:2:336969
    at o.<computed>.o.<computed> (https://rsi.grafana.com/v1.1/js-integrations/Fullstory.min.js:1:5852)
    at Mr.<anonymous> (https://plugins-cdn.grafana.net/grafana-kowalski-app/1.64.0/public/plugins/grafana-kowalski-app/463.js?_cache=1ed629a5641ef9c0de99:2:268817)
    at Generator.throw (<anonymous>)
    at a (https://plugins-cdn.grafana.net/grafana-kowalski-app/1.64.0/public/plugins/grafana-kowalski-app/463.js?_cache=1ed629a5641ef9c0de99:2:264709) @ https://plugins-cdn.grafana.net/grafana-kowalski-app/1.64.0/public/plugins/grafana-kowalski-app/463.js?_cache=1ed629a5641ef9c0de99:1
[78865516ms] [ERROR] Failed to load resource: net::ERR_INTERNET_DISCONNECTED @ https://faro-collector-ops-eu-south-0.grafana-ops.net/collect/bc03dd0f2a088059ae67a23bc296a26d:0
[78865519ms] [ERROR] Failed to load resource: net::ERR_INTERNET_DISCONNECTED @ https://faro-collector-ops-eu-south-0.grafana-ops.net/collect/bc03dd0f2a088059ae67a23bc296a26d:0
[78873027ms] [ERROR] WebSocket connection to 'wss://devfedb13.grafana.net/api/live/ws' failed: Error in connection establishment: net::ERR_INTERNET_DISCONNECTED @ https://grafana-assets.grafana.net/grafana/13.2.0-30616302309/public/build/3788-react19.93988d65f50992991cc7.js:291
[78873035ms] [ERROR] Failed to load resource: net::ERR_INTERNET_DISCONNECTED @ https://devfedb13.grafana.net/api/login/ping:0
[78873184ms] [ERROR] Failed to load resource: net::ERR_INTERNET_DISCONNECTED @ https://faro-collector-ops-eu-south-0.grafana-ops.net/collect/2aaaae17b963ac219cd6e23a4850f00e:0
[78873189ms] [ERROR] Failed to load resource: net::ERR_INTERNET_DISCONNECTED @ https://faro-collector-ops-eu-south-0.grafana-ops.net/collect/2aaaae17b963ac219cd6e23a4850f00e:0
[78873189ms] [ERROR] Faro
 @grafana/faro-web-sdk:transport-fetch
 Failed sending payload to the receiver
 {meta: Object, events: Array(1)} TypeError: Failed to fetch
    at https://grafana-assets.grafana.net/grafana/13.2.0-30616302309/public/build/1849-react19.2ac26fdddffdb4cf8597.js:177:52559
    at window.fetch (https://plugins-cdn.grafana.net/grafana-kowalski-app/1.64.0/public/plugins/grafana-kowalski-app/463.js?_cache=1ed629a5641ef9c0de99:2:206687)
    at https://plugins-cdn.grafana.net/grafana-kowalski-app/1.64.0/public/plugins/grafana-kowalski-app/463.js?_cache=1ed629a5641ef9c0de99:2:336969
    at o.<computed>.o.<computed> (https://rsi.grafana.com/v1.1/js-integrations/Fullstory.min.js:1:5852)
    at Mr.<anonymous> (https://plugins-cdn.grafana.net/grafana-kowalski-app/1.64.0/public/plugins/grafana-kowalski-app/463.js?_cache=1ed629a5641ef9c0de99:2:268817)
    at Generator.throw (<anonymous>)
    at a (https://plugins-cdn.grafana.net/grafana-kowalski-app/1.64.0/public/plugins/grafana-kowalski-app/463.js?_cache=1ed629a5641ef9c0de99:2:264709) @ https://plugins-cdn.grafana.net/grafana-kowalski-app/1.64.0/public/plugins/grafana-kowalski-app/463.js?_cache=1ed629a5641ef9c0de99:1
[78873519ms] [ERROR] Failed to load resource: net::ERR_INTERNET_DISCONNECTED @ https://faro-collector-ops-eu-south-0.grafana-ops.net/collect/bc03dd0f2a088059ae67a23bc296a26d:0
[78873524ms] [ERROR] Failed to load resource: net::ERR_INTERNET_DISCONNECTED @ https://faro-collector-ops-eu-south-0.grafana-ops.net/collect/bc03dd0f2a088059ae67a23bc296a26d:0
[78875518ms] [ERROR] Failed to load resource: net::ERR_INTERNET_DISCONNECTED @ https://faro-collector-ops-eu-south-0.grafana-ops.net/collect/bc03dd0f2a088059ae67a23bc296a26d:0
[78875520ms] [ERROR] Failed to load resource: net::ERR_INTERNET_DISCONNECTED @ https://faro-collector-ops-eu-south-0.grafana-ops.net/collect/bc03dd0f2a088059ae67a23bc296a26d:0
[78887639ms] [ERROR] WebSocket connection to 'wss://devfedb13.grafana.net/api/live/ws' failed: Error in connection establishment: net::ERR_INTERNET_DISCONNECTED @ https://grafana-assets.grafana.net/grafana/13.2.0-30616302309/public/build/3788-react19.93988d65f50992991cc7.js:291
[78887644ms] [ERROR] Failed to load resource: net::ERR_INTERNET_DISCONNECTED @ https://devfedb13.grafana.net/api/login/ping:0
[78887682ms] [ERROR] Failed to load resource: net::ERR_INTERNET_DISCONNECTED @ https://faro-collector-ops-eu-south-0.grafana-ops.net/collect/2aaaae17b963ac219cd6e23a4850f00e:0
[78887684ms] [ERROR] Failed to load resource: net::ERR_INTERNET_DISCONNECTED @ https://faro-collector-ops-eu-south-0.grafana-ops.net/collect/2aaaae17b963ac219cd6e23a4850f00e:0
[78887684ms] [ERROR] Faro
 @grafana/faro-web-sdk:transport-fetch
 Failed sending payload to the receiver
 {meta: Object, events: Array(1)} TypeError: Failed to fetch
    at https://grafana-assets.grafana.net/grafana/13.2.0-30616302309/public/build/1849-react19.2ac26fdddffdb4cf8597.js:177:52559
    at window.fetch (https://plugins-cdn.grafana.net/grafana-kowalski-app/1.64.0/public/plugins/grafana-kowalski-app/463.js?_cache=1ed629a5641ef9c0de99:2:206687)
    at https://plugins-cdn.grafana.net/grafana-kowalski-app/1.64.0/public/plugins/grafana-kowalski-app/463.js?_cache=1ed629a5641ef9c0de99:2:336969
    at o.<computed>.o.<computed> (https://rsi.grafana.com/v1.1/js-integrations/Fullstory.min.js:1:5852)
    at Mr.<anonymous> (https://plugins-cdn.grafana.net/grafana-kowalski-app/1.64.0/public/plugins/grafana-kowalski-app/463.js?_cache=1ed629a5641ef9c0de99:2:268817)
    at Generator.throw (<anonymous>)
    at a (https://plugins-cdn.grafana.net/grafana-kowalski-app/1.64.0/public/plugins/grafana-kowalski-app/463.js?_cache=1ed629a5641ef9c0de99:2:264709) @ https://plugins-cdn.grafana.net/grafana-kowalski-app/1.64.0/public/plugins/grafana-kowalski-app/463.js?_cache=1ed629a5641ef9c0de99:1
[78889517ms] [ERROR] Failed to load resource: net::ERR_INTERNET_DISCONNECTED @ https://faro-collector-ops-eu-south-0.grafana-ops.net/collect/bc03dd0f2a088059ae67a23bc296a26d:0
[78889521ms] [ERROR] Failed to load resource: net::ERR_INTERNET_DISCONNECTED @ https://faro-collector-ops-eu-south-0.grafana-ops.net/collect/bc03dd0f2a088059ae67a23bc296a26d:0
[78890918ms] [ERROR] WebSocket connection to 'wss://devfedb13.grafana.net/api/live/ws' failed: Error in connection establishment: net::ERR_NAME_NOT_RESOLVED @ https://grafana-assets.grafana.net/grafana/13.2.0-30616302309/public/build/3788-react19.93988d65f50992991cc7.js:291
[78890964ms] [ERROR] Failed to load resource: net::ERR_NAME_NOT_RESOLVED @ https://devfedb13.grafana.net/api/plugin-proxy/grafana-kowalski-app/api-proxy/api/v1/app:0
[78892336ms] [ERROR] Failed to load resource: the server responded with a status of 401 () @ https://devfedb13.grafana.net/api/plugin-proxy/grafana-kowalski-app/api-proxy/api/v1/app:0
[78892707ms] [WARNING] SceneObject already has a parent set that is different from the new parent. You cannot share the same SceneObject instance in multiple scenes or in multiple different places of the same scene graph. Use SceneObject.clone() to duplicate a SceneObject or store a state key reference and use sceneGraph.findObject to locate it. u zv @ https://edge.fullstory.com/s/fs.js:1
[78892709ms] [ERROR] Faro
 Attempted to create a new user action while one is already running. This is not possible. @ https://plugins-cdn.grafana.net/grafana-kowalski-app/1.64.0/public/plugins/grafana-kowalski-app/463.js?_cache=1ed629a5641ef9c0de99:1
[78892728ms] [ERROR] Faro
 Attempted to create a new user action while one is already running. This is not possible. @ https://plugins-cdn.grafana.net/grafana-kowalski-app/1.64.0/public/plugins/grafana-kowalski-app/463.js?_cache=1ed629a5641ef9c0de99:1
[78892737ms] [WARNING] SceneObject already has a parent set that is different from the new parent. You cannot share the same SceneObject instance in multiple scenes or in multiple different places of the same scene graph. Use SceneObject.clone() to duplicate a SceneObject or store a state key reference and use sceneGraph.findObject to locate it. sr u @ https://edge.fullstory.com/s/fs.js:1
[78892737ms] [WARNING] SceneObject already has a parent set that is different from the new parent. You cannot share the same SceneObject instance in multiple scenes or in multiple different places of the same scene graph. Use SceneObject.clone() to duplicate a SceneObject or store a state key reference and use sceneGraph.findObject to locate it. d u @ https://edge.fullstory.com/s/fs.js:1
[78892738ms] [WARNING] SceneObject already has a parent set that is different from the new parent. You cannot share the same SceneObject instance in multiple scenes or in multiple different places of the same scene graph. Use SceneObject.clone() to duplicate a SceneObject or store a state key reference and use sceneGraph.findObject to locate it. d u @ https://edge.fullstory.com/s/fs.js:1
[78892738ms] [WARNING] SceneObject already has a parent set that is different from the new parent. You cannot share the same SceneObject instance in multiple scenes or in multiple different places of the same scene graph. Use SceneObject.clone() to duplicate a SceneObject or store a state key reference and use sceneGraph.findObject to locate it. d u @ https://edge.fullstory.com/s/fs.js:1
[78892739ms] [WARNING] SceneObject already has a parent set that is different from the new parent. You cannot share the same SceneObject instance in multiple scenes or in multiple different places of the same scene graph. Use SceneObject.clone() to duplicate a SceneObject or store a state key reference and use sceneGraph.findObject to locate it. HI u @ https://edge.fullstory.com/s/fs.js:1
[78892739ms] [WARNING] SceneObject already has a parent set that is different from the new parent. You cannot share the same SceneObject instance in multiple scenes or in multiple different places of the same scene graph. Use SceneObject.clone() to duplicate a SceneObject or store a state key reference and use sceneGraph.findObject to locate it. vt u @ https://edge.fullstory.com/s/fs.js:1
[78892739ms] [WARNING] SceneObject already has a parent set that is different from the new parent. You cannot share the same SceneObject instance in multiple scenes or in multiple different places of the same scene graph. Use SceneObject.clone() to duplicate a SceneObject or store a state key reference and use sceneGraph.findObject to locate it. c u @ https://edge.fullstory.com/s/fs.js:1
[78892739ms] [WARNING] SceneObject already has a parent set that is different from the new parent. You cannot share the same SceneObject instance in multiple scenes or in multiple different places of the same scene graph. Use SceneObject.clone() to duplicate a SceneObject or store a state key reference and use sceneGraph.findObject to locate it. c u @ https://edge.fullstory.com/s/fs.js:1
[78892740ms] [WARNING] SceneObject already has a parent set that is different from the new parent. You cannot share the same SceneObject instance in multiple scenes or in multiple different places of the same scene graph. Use SceneObject.clone() to duplicate a SceneObject or store a state key reference and use sceneGraph.findObject to locate it. NE u @ https://edge.fullstory.com/s/fs.js:1
[78892740ms] [WARNING] SceneObject already has a parent set that is different from the new parent. You cannot share the same SceneObject instance in multiple scenes or in multiple different places of the same scene graph. Use SceneObject.clone() to duplicate a SceneObject or store a state key reference and use sceneGraph.findObject to locate it. IE u @ https://edge.fullstory.com/s/fs.js:1
[78892740ms] [WARNING] SceneObject already has a parent set that is different from the new parent. You cannot share the same SceneObject instance in multiple scenes or in multiple different places of the same scene graph. Use SceneObject.clone() to duplicate a SceneObject or store a state key reference and use sceneGraph.findObject to locate it. c u @ https://edge.fullstory.com/s/fs.js:1
[78892740ms] [WARNING] SceneObject already has a parent set that is different from the new parent. You cannot share the same SceneObject instance in multiple scenes or in multiple different places of the same scene graph. Use SceneObject.clone() to duplicate a SceneObject or store a state key reference and use sceneGraph.findObject to locate it. c u @ https://edge.fullstory.com/s/fs.js:1
[78892740ms] [WARNING] SceneObject already has a parent set that is different from the new parent. You cannot share the same SceneObject instance in multiple scenes or in multiple different places of the same scene graph. Use SceneObject.clone() to duplicate a SceneObject or store a state key reference and use sceneGraph.findObject to locate it. c u @ https://edge.fullstory.com/s/fs.js:1
[78892741ms] [WARNING] SceneObject already has a parent set that is different from the new parent. You cannot share the same SceneObject instance in multiple scenes or in multiple different places of the same scene graph. Use SceneObject.clone() to duplicate a SceneObject or store a state key reference and use sceneGraph.findObject to locate it. c u @ https://edge.fullstory.com/s/fs.js:1
[78892741ms] [WARNING] SceneObject already has a parent set that is different from the new parent. You cannot share the same SceneObject instance in multiple scenes or in multiple different places of the same scene graph. Use SceneObject.clone() to duplicate a SceneObject or store a state key reference and use sceneGraph.findObject to locate it. c u @ https://edge.fullstory.com/s/fs.js:1
[78892742ms] [WARNING] SceneObject already has a parent set that is different from the new parent. You cannot share the same SceneObject instance in multiple scenes or in multiple different places of the same scene graph. Use SceneObject.clone() to duplicate a SceneObject or store a state key reference and use sceneGraph.findObject to locate it. c u @ https://edge.fullstory.com/s/fs.js:1
[78892742ms] [WARNING] SceneObject already has a parent set that is different from the new parent. You cannot share the same SceneObject instance in multiple scenes or in multiple different places of the same scene graph. Use SceneObject.clone() to duplicate a SceneObject or store a state key reference and use sceneGraph.findObject to locate it. c u @ https://edge.fullstory.com/s/fs.js:1
[78892743ms] [WARNING] SceneObject already has a parent set that is different from the new parent. You cannot share the same SceneObject instance in multiple scenes or in multiple different places of the same scene graph. Use SceneObject.clone() to duplicate a SceneObject or store a state key reference and use sceneGraph.findObject to locate it. c u @ https://edge.fullstory.com/s/fs.js:1
[78892743ms] [WARNING] SceneObject already has a parent set that is different from the new parent. You cannot share the same SceneObject instance in multiple scenes or in multiple different places of the same scene graph. Use SceneObject.clone() to duplicate a SceneObject or store a state key reference and use sceneGraph.findObject to locate it. c u @ https://edge.fullstory.com/s/fs.js:1
[78892743ms] [WARNING] SceneObject already has a parent set that is different from the new parent. You cannot share the same SceneObject instance in multiple scenes or in multiple different places of the same scene graph. Use SceneObject.clone() to duplicate a SceneObject or store a state key reference and use sceneGraph.findObject to locate it. c u @ https://edge.fullstory.com/s/fs.js:1
[78892744ms] [WARNING] SceneObject already has a parent set that is different from the new parent. You cannot share the same SceneObject instance in multiple scenes or in multiple different places of the same scene graph. Use SceneObject.clone() to duplicate a SceneObject or store a state key reference and use sceneGraph.findObject to locate it. c u @ https://edge.fullstory.com/s/fs.js:1
[78892744ms] [WARNING] SceneObject already has a parent set that is different from the new parent. You cannot share the same SceneObject instance in multiple scenes or in multiple different places of the same scene graph. Use SceneObject.clone() to duplicate a SceneObject or store a state key reference and use sceneGraph.findObject to locate it. c u @ https://edge.fullstory.com/s/fs.js:1
[78892744ms] [WARNING] SceneObject already has a parent set that is different from the new parent. You cannot share the same SceneObject instance in multiple scenes or in multiple different places of the same scene graph. Use SceneObject.clone() to duplicate a SceneObject or store a state key reference and use sceneGraph.findObject to locate it. c u @ https://edge.fullstory.com/s/fs.js:1
[78892744ms] [WARNING] SceneObject already has a parent set that is different from the new parent. You cannot share the same SceneObject instance in multiple scenes or in multiple different places of the same scene graph. Use SceneObject.clone() to duplicate a SceneObject or store a state key reference and use sceneGraph.findObject to locate it. c u @ https://edge.fullstory.com/s/fs.js:1
[78892744ms] [WARNING] SceneObject already has a parent set that is different from the new parent. You cannot share the same SceneObject instance in multiple scenes or in multiple different places of the same scene graph. Use SceneObject.clone() to duplicate a SceneObject or store a state key reference and use sceneGraph.findObject to locate it. c u @ https://edge.fullstory.com/s/fs.js:1
[78892744ms] [WARNING] SceneObject already has a parent set that is different from the new parent. You cannot share the same SceneObject instance in multiple scenes or in multiple different places of the same scene graph. Use SceneObject.clone() to duplicate a SceneObject or store a state key reference and use sceneGraph.findObject to locate it. c u @ https://edge.fullstory.com/s/fs.js:1
[78892744ms] [WARNING] SceneObject already has a parent set that is different from the new parent. You cannot share the same SceneObject instance in multiple scenes or in multiple different places of the same scene graph. Use SceneObject.clone() to duplicate a SceneObject or store a state key reference and use sceneGraph.findObject to locate it. c u @ https://edge.fullstory.com/s/fs.js:1
[78892745ms] [ERROR] Faro
 Attempted to create a new user action while one is already running. This is not possible. @ https://plugins-cdn.grafana.net/grafana-kowalski-app/1.64.0/public/plugins/grafana-kowalski-app/463.js?_cache=1ed629a5641ef9c0de99:1
[78892755ms] [WARNING] SceneObject already has a parent set that is different from the new parent. You cannot share the same SceneObject instance in multiple scenes or in multiple different places of the same scene graph. Use SceneObject.clone() to duplicate a SceneObject or store a state key reference and use sceneGraph.findObject to locate it. h y @ https://edge.fullstory.com/s/fs.js:1
[78892756ms] [WARNING] SceneObject already has a parent set that is different from the new parent. You cannot share the same SceneObject instance in multiple scenes or in multiple different places of the same scene graph. Use SceneObject.clone() to duplicate a SceneObject or store a state key reference and use sceneGraph.findObject to locate it. h y @ https://edge.fullstory.com/s/fs.js:1
[78892756ms] [WARNING] SceneObject already has a parent set that is different from the new parent. You cannot share the same SceneObject instance in multiple scenes or in multiple different places of the same scene graph. Use SceneObject.clone() to duplicate a SceneObject or store a state key reference and use sceneGraph.findObject to locate it. h y @ https://edge.fullstory.com/s/fs.js:1
[78892757ms] [WARNING] SceneObject already has a parent set that is different from the new parent. You cannot share the same SceneObject instance in multiple scenes or in multiple different places of the same scene graph. Use SceneObject.clone() to duplicate a SceneObject or store a state key reference and use sceneGraph.findObject to locate it. L y @ https://edge.fullstory.com/s/fs.js:1
[78892759ms] [WARNING] SceneObject already has a parent set that is different from the new parent. You cannot share the same SceneObject instance in multiple scenes or in multiple different places of the same scene graph. Use SceneObject.clone() to duplicate a SceneObject or store a state key reference and use sceneGraph.findObject to locate it. d u @ https://edge.fullstory.com/s/fs.js:1
[81300985ms] [ERROR] WebSocket connection to 'wss://devfedb13.grafana.net/api/live/ws' failed: HTTP Authentication failed; no valid credentials available @ https://grafana-assets.grafana.net/grafana/13.2.0-30616302309/public/build/3788-react19.93988d65f50992991cc7.js:291
[81301230ms] [ERROR] Failed to load resource: the server responded with a status of 401 () @ https://devfedb13.grafana.net/api/login/ping:0
[81357057ms] [ERROR] WebSocket connection to 'wss://devfedb13.grafana.net/api/live/ws' failed: Error in connection establishment: net::ERR_INTERNET_DISCONNECTED @ https://grafana-assets.grafana.net/grafana/13.2.0-30616302309/public/build/3788-react19.93988d65f50992991cc7.js:291
[81357069ms] [ERROR] Failed to load resource: net::ERR_INTERNET_DISCONNECTED @ https://devfedb13.grafana.net/api/login/ping:0
[81357198ms] [ERROR] Failed to load resource: net::ERR_INTERNET_DISCONNECTED @ https://faro-collector-ops-eu-south-0.grafana-ops.net/collect/2aaaae17b963ac219cd6e23a4850f00e:0
[81357201ms] [ERROR] Failed to load resource: net::ERR_INTERNET_DISCONNECTED @ https://faro-collector-ops-eu-south-0.grafana-ops.net/collect/2aaaae17b963ac219cd6e23a4850f00e:0
[81357201ms] [ERROR] Faro
 @grafana/faro-web-sdk:transport-fetch
 Failed sending payload to the receiver
 {meta: Object, events: Array(2)} TypeError: Failed to fetch
    at https://grafana-assets.grafana.net/grafana/13.2.0-30616302309/public/build/1849-react19.2ac26fdddffdb4cf8597.js:177:52559
    at window.fetch (https://plugins-cdn.grafana.net/grafana-kowalski-app/1.64.0/public/plugins/grafana-kowalski-app/463.js?_cache=1ed629a5641ef9c0de99:2:206687)
    at https://plugins-cdn.grafana.net/grafana-kowalski-app/1.64.0/public/plugins/grafana-kowalski-app/463.js?_cache=1ed629a5641ef9c0de99:2:336969
    at o.<computed>.o.<computed> (https://rsi.grafana.com/v1.1/js-integrations/Fullstory.min.js:1:5852)
    at Mr.<anonymous> (https://plugins-cdn.grafana.net/grafana-kowalski-app/1.64.0/public/plugins/grafana-kowalski-app/463.js?_cache=1ed629a5641ef9c0de99:2:268817)
    at Generator.throw (<anonymous>)
    at a (https://plugins-cdn.grafana.net/grafana-kowalski-app/1.64.0/public/plugins/grafana-kowalski-app/463.js?_cache=1ed629a5641ef9c0de99:2:264709) @ https://plugins-cdn.grafana.net/grafana-kowalski-app/1.64.0/public/plugins/grafana-kowalski-app/463.js?_cache=1ed629a5641ef9c0de99:1
[81358028ms] [ERROR] Failed to load resource: net::ERR_INTERNET_DISCONNECTED @ https://faro-collector-ops-eu-south-0.grafana-ops.net/collect/bc03dd0f2a088059ae67a23bc296a26d:0
[81358033ms] [ERROR] Failed to load resource: net::ERR_INTERNET_DISCONNECTED @ https://faro-collector-ops-eu-south-0.grafana-ops.net/collect/bc03dd0f2a088059ae67a23bc296a26d:0
[81358410ms] [ERROR] WebSocket connection to 'wss://devfedb13.grafana.net/api/live/ws' failed: Error in connection establishment: net::ERR_INTERNET_DISCONNECTED @ https://grafana-assets.grafana.net/grafana/13.2.0-30616302309/public/build/3788-react19.93988d65f50992991cc7.js:291
[81359360ms] [ERROR] WebSocket connection to 'wss://devfedb13.grafana.net/api/live/ws' failed: Error in connection establishment: net::ERR_INTERNET_DISCONNECTED @ https://grafana-assets.grafana.net/grafana/13.2.0-30616302309/public/build/3788-react19.93988d65f50992991cc7.js:291
[81360019ms] [ERROR] Failed to load resource: net::ERR_INTERNET_DISCONNECTED @ https://faro-collector-ops-eu-south-0.grafana-ops.net/collect/bc03dd0f2a088059ae67a23bc296a26d:0
[81360020ms] [ERROR] Failed to load resource: net::ERR_INTERNET_DISCONNECTED @ https://faro-collector-ops-eu-south-0.grafana-ops.net/collect/bc03dd0f2a088059ae67a23bc296a26d:0
[81363237ms] [ERROR] WebSocket connection to 'wss://devfedb13.grafana.net/api/live/ws' failed: Error in connection establishment: net::ERR_INTERNET_DISCONNECTED @ https://grafana-assets.grafana.net/grafana/13.2.0-30616302309/public/build/3788-react19.93988d65f50992991cc7.js:291
[81363265ms] [ERROR] Failed to load resource: net::ERR_INTERNET_DISCONNECTED @ https://devfedb13.grafana.net/api/login/ping:0
[81363435ms] [ERROR] Failed to load resource: net::ERR_INTERNET_DISCONNECTED @ https://faro-collector-ops-eu-south-0.grafana-ops.net/collect/2aaaae17b963ac219cd6e23a4850f00e:0
[81363438ms] [ERROR] Failed to load resource: net::ERR_INTERNET_DISCONNECTED @ https://faro-collector-ops-eu-south-0.grafana-ops.net/collect/2aaaae17b963ac219cd6e23a4850f00e:0
[81363438ms] [ERROR] Faro
 @grafana/faro-web-sdk:transport-fetch
 Failed sending payload to the receiver
 {meta: Object, events: Array(1)} TypeError: Failed to fetch
    at https://grafana-assets.grafana.net/grafana/13.2.0-30616302309/public/build/1849-react19.2ac26fdddffdb4cf8597.js:177:52559
    at window.fetch (https://plugins-cdn.grafana.net/grafana-kowalski-app/1.64.0/public/plugins/grafana-kowalski-app/463.js?_cache=1ed629a5641ef9c0de99:2:206687)
    at https://plugins-cdn.grafana.net/grafana-kowalski-app/1.64.0/public/plugins/grafana-kowalski-app/463.js?_cache=1ed629a5641ef9c0de99:2:336969
    at o.<computed>.o.<computed> (https://rsi.grafana.com/v1.1/js-integrations/Fullstory.min.js:1:5852)
    at Mr.<anonymous> (https://plugins-cdn.grafana.net/grafana-kowalski-app/1.64.0/public/plugins/grafana-kowalski-app/463.js?_cache=1ed629a5641ef9c0de99:2:268817)
    at Generator.throw (<anonymous>)
    at a (https://plugins-cdn.grafana.net/grafana-kowalski-app/1.64.0/public/plugins/grafana-kowalski-app/463.js?_cache=1ed629a5641ef9c0de99:2:264709) @ https://plugins-cdn.grafana.net/grafana-kowalski-app/1.64.0/public/plugins/grafana-kowalski-app/463.js?_cache=1ed629a5641ef9c0de99:1
[81364021ms] [ERROR] Failed to load resource: net::ERR_INTERNET_DISCONNECTED @ https://faro-collector-ops-eu-south-0.grafana-ops.net/collect/bc03dd0f2a088059ae67a23bc296a26d:0
[81364026ms] [ERROR] Failed to load resource: net::ERR_INTERNET_DISCONNECTED @ https://faro-collector-ops-eu-south-0.grafana-ops.net/collect/bc03dd0f2a088059ae67a23bc296a26d:0
[81364184ms] [ERROR] Failed to load resource: net::ERR_INTERNET_DISCONNECTED @ https://faro-collector-ops-eu-south-0.grafana-ops.net/collect/2aaaae17b963ac219cd6e23a4850f00e:0
[81364187ms] [ERROR] Failed to load resource: net::ERR_INTERNET_DISCONNECTED @ https://faro-collector-ops-eu-south-0.grafana-ops.net/collect/2aaaae17b963ac219cd6e23a4850f00e:0
[81364187ms] [ERROR] Faro
 @grafana/faro-web-sdk:transport-fetch
 Failed sending payload to the receiver
 {meta: Object, events: Array(1)} TypeError: Failed to fetch
    at https://grafana-assets.grafana.net/grafana/13.2.0-30616302309/public/build/1849-react19.2ac26fdddffdb4cf8597.js:177:52559
    at window.fetch (https://plugins-cdn.grafana.net/grafana-kowalski-app/1.64.0/public/plugins/grafana-kowalski-app/463.js?_cache=1ed629a5641ef9c0de99:2:206687)
    at https://plugins-cdn.grafana.net/grafana-kowalski-app/1.64.0/public/plugins/grafana-kowalski-app/463.js?_cache=1ed629a5641ef9c0de99:2:336969
    at o.<computed>.o.<computed> (https://rsi.grafana.com/v1.1/js-integrations/Fullstory.min.js:1:5852)
    at Mr.<anonymous> (https://plugins-cdn.grafana.net/grafana-kowalski-app/1.64.0/public/plugins/grafana-kowalski-app/463.js?_cache=1ed629a5641ef9c0de99:2:268817)
    at Generator.throw (<anonymous>)
    at a (https://plugins-cdn.grafana.net/grafana-kowalski-app/1.64.0/public/plugins/grafana-kowalski-app/463.js?_cache=1ed629a5641ef9c0de99:2:264709) @ https://plugins-cdn.grafana.net/grafana-kowalski-app/1.64.0/public/plugins/grafana-kowalski-app/463.js?_cache=1ed629a5641ef9c0de99:1
[81364915ms] [ERROR] WebSocket connection to 'wss://devfedb13.grafana.net/api/live/ws' failed: Error in connection establishment: net::ERR_INTERNET_DISCONNECTED @ https://grafana-assets.grafana.net/grafana/13.2.0-30616302309/public/build/3788-react19.93988d65f50992991cc7.js:291
[81366024ms] [ERROR] Failed to load resource: net::ERR_INTERNET_DISCONNECTED @ https://faro-collector-ops-eu-south-0.grafana-ops.net/collect/bc03dd0f2a088059ae67a23bc296a26d:0
[81366029ms] [ERROR] Failed to load resource: net::ERR_INTERNET_DISCONNECTED @ https://faro-collector-ops-eu-south-0.grafana-ops.net/collect/bc03dd0f2a088059ae67a23bc296a26d:0
[81692934ms] [ERROR] WebSocket connection to 'wss://devfedb13.grafana.net/api/live/ws' failed: Error in connection establishment: net::ERR_INTERNET_DISCONNECTED @ https://grafana-assets.grafana.net/grafana/13.2.0-30616302309/public/build/3788-react19.93988d65f50992991cc7.js:291
[81692946ms] [ERROR] Failed to load resource: net::ERR_INTERNET_DISCONNECTED @ https://devfedb13.grafana.net/api/login/ping:0
[81693195ms] [ERROR] Failed to load resource: net::ERR_INTERNET_DISCONNECTED @ https://faro-collector-ops-eu-south-0.grafana-ops.net/collect/2aaaae17b963ac219cd6e23a4850f00e:0
[81693199ms] [ERROR] Faro
 @grafana/faro-web-sdk:transport-fetch
 Failed sending payload to the receiver
 {meta: Object, events: Array(4)} TypeError: Failed to fetch
    at https://grafana-assets.grafana.net/grafana/13.2.0-30616302309/public/build/1849-react19.2ac26fdddffdb4cf8597.js:177:52559
    at window.fetch (https://plugins-cdn.grafana.net/grafana-kowalski-app/1.64.0/public/plugins/grafana-kowalski-app/463.js?_cache=1ed629a5641ef9c0de99:2:206687)
    at https://plugins-cdn.grafana.net/grafana-kowalski-app/1.64.0/public/plugins/grafana-kowalski-app/463.js?_cache=1ed629a5641ef9c0de99:2:336969
    at o.<computed>.o.<computed> (https://rsi.grafana.com/v1.1/js-integrations/Fullstory.min.js:1:5852)
    at Mr.<anonymous> (https://plugins-cdn.grafana.net/grafana-kowalski-app/1.64.0/public/plugins/grafana-kowalski-app/463.js?_cache=1ed629a5641ef9c0de99:2:268575)
    at Generator.next (<anonymous>)
    at https://plugins-cdn.grafana.net/grafana-kowalski-app/1.64.0/public/plugins/grafana-kowalski-app/463.js?_cache=1ed629a5641ef9c0de99:2:264856
    at new Promise (<anonymous>)
    at Tr (https://plugins-cdn.grafana.net/grafana-kowalski-app/1.64.0/public/plugins/grafana-kowalski-app/463.js?_cache=1ed629a5641ef9c0de99:2:264601)
    at Mr.fetchWithKeepaliveRetry (https://plugins-cdn.grafana.net/grafana-kowalski-app/1.64.0/public/plugins/grafana-kowalski-app/463.js?_cache=1ed629a5641ef9c0de99:2:268487) @ https://plugins-cdn.grafana.net/grafana-kowalski-app/1.64.0/public/plugins/grafana-kowalski-app/463.js?_cache=1ed629a5641ef9c0de99:1
[81693672ms] [ERROR] Failed to load resource: net::ERR_INTERNET_DISCONNECTED @ https://faro-collector-ops-eu-south-0.grafana-ops.net/collect/bc03dd0f2a088059ae67a23bc296a26d:0
[81693676ms] [ERROR] Failed to load resource: net::ERR_INTERNET_DISCONNECTED @ https://faro-collector-ops-eu-south-0.grafana-ops.net/collect/bc03dd0f2a088059ae67a23bc296a26d:0
[81695026ms] [ERROR] WebSocket connection to 'wss://devfedb13.grafana.net/api/live/ws' failed: Error in connection establishment: net::ERR_INTERNET_DISCONNECTED @ https://grafana-assets.grafana.net/grafana/13.2.0-30616302309/public/build/3788-react19.93988d65f50992991cc7.js:291
[81695675ms] [ERROR] Failed to load resource: net::ERR_INTERNET_DISCONNECTED @ https://faro-collector-ops-eu-south-0.grafana-ops.net/collect/bc03dd0f2a088059ae67a23bc296a26d:0
[81695679ms] [ERROR] Failed to load resource: net::ERR_INTERNET_DISCONNECTED @ https://faro-collector-ops-eu-south-0.grafana-ops.net/collect/bc03dd0f2a088059ae67a23bc296a26d:0
[82740727ms] [ERROR] Failed to load resource: net::ERR_INTERNET_DISCONNECTED @ https://faro-collector-ops-eu-south-0.grafana-ops.net/collect/2aaaae17b963ac219cd6e23a4850f00e:0
[82740734ms] [ERROR] Faro
 @grafana/faro-web-sdk:transport-fetch
 Failed sending payload to the receiver
 {meta: Object, events: Array(3)} TypeError: Failed to fetch
    at https://grafana-assets.grafana.net/grafana/13.2.0-30616302309/public/build/1849-react19.2ac26fdddffdb4cf8597.js:177:52559
    at window.fetch (https://plugins-cdn.grafana.net/grafana-kowalski-app/1.64.0/public/plugins/grafana-kowalski-app/463.js?_cache=1ed629a5641ef9c0de99:2:206687)
    at https://plugins-cdn.grafana.net/grafana-kowalski-app/1.64.0/public/plugins/grafana-kowalski-app/463.js?_cache=1ed629a5641ef9c0de99:2:336969
    at o.<computed>.o.<computed> (https://rsi.grafana.com/v1.1/js-integrations/Fullstory.min.js:1:5852)
    at Mr.<anonymous> (https://plugins-cdn.grafana.net/grafana-kowalski-app/1.64.0/public/plugins/grafana-kowalski-app/463.js?_cache=1ed629a5641ef9c0de99:2:268575)
    at Generator.next (<anonymous>)
    at https://plugins-cdn.grafana.net/grafana-kowalski-app/1.64.0/public/plugins/grafana-kowalski-app/463.js?_cache=1ed629a5641ef9c0de99:2:264856
    at new Promise (<anonymous>)
    at Tr (https://plugins-cdn.grafana.net/grafana-kowalski-app/1.64.0/public/plugins/grafana-kowalski-app/463.js?_cache=1ed629a5641ef9c0de99:2:264601)
    at Mr.fetchWithKeepaliveRetry (https://plugins-cdn.grafana.net/grafana-kowalski-app/1.64.0/public/plugins/grafana-kowalski-app/463.js?_cache=1ed629a5641ef9c0de99:2:268487) @ https://plugins-cdn.grafana.net/grafana-kowalski-app/1.64.0/public/plugins/grafana-kowalski-app/463.js?_cache=1ed629a5641ef9c0de99:1
[82742926ms] [ERROR] WebSocket connection to 'wss://devfedb13.grafana.net/api/live/ws' failed: Error in connection establishment: net::ERR_INTERNET_DISCONNECTED @ https://grafana-assets.grafana.net/grafana/13.2.0-30616302309/public/build/3788-react19.93988d65f50992991cc7.js:291
[82742940ms] [ERROR] Failed to load resource: net::ERR_INTERNET_DISCONNECTED @ https://devfedb13.grafana.net/api/login/ping:0
[82743167ms] [ERROR] Failed to load resource: net::ERR_INTERNET_DISCONNECTED @ https://faro-collector-ops-eu-south-0.grafana-ops.net/collect/2aaaae17b963ac219cd6e23a4850f00e:0
[82743168ms] [ERROR] Failed to load resource: net::ERR_INTERNET_DISCONNECTED @ https://faro-collector-ops-eu-south-0.grafana-ops.net/collect/2aaaae17b963ac219cd6e23a4850f00e:0
[82743169ms] [ERROR] Faro
 @grafana/faro-web-sdk:transport-fetch
 Failed sending payload to the receiver
 {meta: Object, events: Array(2)} TypeError: Failed to fetch
    at https://grafana-assets.grafana.net/grafana/13.2.0-30616302309/public/build/1849-react19.2ac26fdddffdb4cf8597.js:177:52559
    at window.fetch (https://plugins-cdn.grafana.net/grafana-kowalski-app/1.64.0/public/plugins/grafana-kowalski-app/463.js?_cache=1ed629a5641ef9c0de99:2:206687)
    at https://plugins-cdn.grafana.net/grafana-kowalski-app/1.64.0/public/plugins/grafana-kowalski-app/463.js?_cache=1ed629a5641ef9c0de99:2:336969
    at o.<computed>.o.<computed> (https://rsi.grafana.com/v1.1/js-integrations/Fullstory.min.js:1:5852)
    at Mr.<anonymous> (https://plugins-cdn.grafana.net/grafana-kowalski-app/1.64.0/public/plugins/grafana-kowalski-app/463.js?_cache=1ed629a5641ef9c0de99:2:268817)
    at Generator.throw (<anonymous>)
    at a (https://plugins-cdn.grafana.net/grafana-kowalski-app/1.64.0/public/plugins/grafana-kowalski-app/463.js?_cache=1ed629a5641ef9c0de99:2:264709) @ https://plugins-cdn.grafana.net/grafana-kowalski-app/1.64.0/public/plugins/grafana-kowalski-app/463.js?_cache=1ed629a5641ef9c0de99:1
[82744257ms] [ERROR] Failed to load resource: net::ERR_INTERNET_DISCONNECTED @ https://faro-collector-ops-eu-south-0.grafana-ops.net/collect/bc03dd0f2a088059ae67a23bc296a26d:0
[82744262ms] [ERROR] Failed to load resource: net::ERR_INTERNET_DISCONNECTED @ https://faro-collector-ops-eu-south-0.grafana-ops.net/collect/bc03dd0f2a088059ae67a23bc296a26d:0
[83664008ms] [ERROR] Failed to load resource: net::ERR_INTERNET_DISCONNECTED @ https://faro-collector-ops-eu-south-0.grafana-ops.net/collect/2aaaae17b963ac219cd6e23a4850f00e:0
[83664009ms] [ERROR] Faro
 @grafana/faro-web-sdk:transport-fetch
 Failed sending payload to the receiver
 {meta: Object, events: Array(3)} TypeError: Failed to fetch
    at https://grafana-assets.grafana.net/grafana/13.2.0-30616302309/public/build/1849-react19.2ac26fdddffdb4cf8597.js:177:52559
    at window.fetch (https://plugins-cdn.grafana.net/grafana-kowalski-app/1.64.0/public/plugins/grafana-kowalski-app/463.js?_cache=1ed629a5641ef9c0de99:2:206687)
    at https://plugins-cdn.grafana.net/grafana-kowalski-app/1.64.0/public/plugins/grafana-kowalski-app/463.js?_cache=1ed629a5641ef9c0de99:2:336969
    at o.<computed>.o.<computed> (https://rsi.grafana.com/v1.1/js-integrations/Fullstory.min.js:1:5852)
    at Mr.<anonymous> (https://plugins-cdn.grafana.net/grafana-kowalski-app/1.64.0/public/plugins/grafana-kowalski-app/463.js?_cache=1ed629a5641ef9c0de99:2:268575)
    at Generator.next (<anonymous>)
    at https://plugins-cdn.grafana.net/grafana-kowalski-app/1.64.0/public/plugins/grafana-kowalski-app/463.js?_cache=1ed629a5641ef9c0de99:2:264856
    at new Promise (<anonymous>)
    at Tr (https://plugins-cdn.grafana.net/grafana-kowalski-app/1.64.0/public/plugins/grafana-kowalski-app/463.js?_cache=1ed629a5641ef9c0de99:2:264601)
    at Mr.fetchWithKeepaliveRetry (https://plugins-cdn.grafana.net/grafana-kowalski-app/1.64.0/public/plugins/grafana-kowalski-app/463.js?_cache=1ed629a5641ef9c0de99:2:268487) @ https://plugins-cdn.grafana.net/grafana-kowalski-app/1.64.0/public/plugins/grafana-kowalski-app/463.js?_cache=1ed629a5641ef9c0de99:1
[84663018ms] [ERROR] Failed to load resource: net::ERR_INTERNET_DISCONNECTED @ https://faro-collector-ops-eu-south-0.grafana-ops.net/collect/2aaaae17b963ac219cd6e23a4850f00e:0
[84663021ms] [ERROR] Faro
 @grafana/faro-web-sdk:transport-fetch
 Failed sending payload to the receiver
 {meta: Object, events: Array(4)} TypeError: Failed to fetch
    at https://grafana-assets.grafana.net/grafana/13.2.0-30616302309/public/build/1849-react19.2ac26fdddffdb4cf8597.js:177:52559
    at window.fetch (https://plugins-cdn.grafana.net/grafana-kowalski-app/1.64.0/public/plugins/grafana-kowalski-app/463.js?_cache=1ed629a5641ef9c0de99:2:206687)
    at https://plugins-cdn.grafana.net/grafana-kowalski-app/1.64.0/public/plugins/grafana-kowalski-app/463.js?_cache=1ed629a5641ef9c0de99:2:336969
    at o.<computed>.o.<computed> (https://rsi.grafana.com/v1.1/js-integrations/Fullstory.min.js:1:5852)
    at Mr.<anonymous> (https://plugins-cdn.grafana.net/grafana-kowalski-app/1.64.0/public/plugins/grafana-kowalski-app/463.js?_cache=1ed629a5641ef9c0de99:2:268575)
    at Generator.next (<anonymous>)
    at https://plugins-cdn.grafana.net/grafana-kowalski-app/1.64.0/public/plugins/grafana-kowalski-app/463.js?_cache=1ed629a5641ef9c0de99:2:264856
    at new Promise (<anonymous>)
    at Tr (https://plugins-cdn.grafana.net/grafana-kowalski-app/1.64.0/public/plugins/grafana-kowalski-app/463.js?_cache=1ed629a5641ef9c0de99:2:264601)
    at Mr.fetchWithKeepaliveRetry (https://plugins-cdn.grafana.net/grafana-kowalski-app/1.64.0/public/plugins/grafana-kowalski-app/463.js?_cache=1ed629a5641ef9c0de99:2:268487) @ https://plugins-cdn.grafana.net/grafana-kowalski-app/1.64.0/public/plugins/grafana-kowalski-app/463.js?_cache=1ed629a5641ef9c0de99:1
[85569636ms] [ERROR] WebSocket connection to 'wss://devfedb13.grafana.net/api/live/ws' failed: Error in connection establishment: net::ERR_INTERNET_DISCONNECTED @ https://grafana-assets.grafana.net/grafana/13.2.0-30616302309/public/build/3788-react19.93988d65f50992991cc7.js:291
[85569648ms] [ERROR] Failed to load resource: net::ERR_INTERNET_DISCONNECTED @ https://devfedb13.grafana.net/api/login/ping:0
[85570005ms] [ERROR] Failed to load resource: net::ERR_INTERNET_DISCONNECTED @ https://faro-collector-ops-eu-south-0.grafana-ops.net/collect/2aaaae17b963ac219cd6e23a4850f00e:0
[85570022ms] [ERROR] Faro
 @grafana/faro-web-sdk:transport-fetch
 Failed sending payload to the receiver
 {meta: Object, events: Array(4)} TypeError: Failed to fetch
    at https://grafana-assets.grafana.net/grafana/13.2.0-30616302309/public/build/1849-react19.2ac26fdddffdb4cf8597.js:177:52559
    at window.fetch (https://plugins-cdn.grafana.net/grafana-kowalski-app/1.64.0/public/plugins/grafana-kowalski-app/463.js?_cache=1ed629a5641ef9c0de99:2:206687)
    at https://plugins-cdn.grafana.net/grafana-kowalski-app/1.64.0/public/plugins/grafana-kowalski-app/463.js?_cache=1ed629a5641ef9c0de99:2:336969
    at o.<computed>.o.<computed> (https://rsi.grafana.com/v1.1/js-integrations/Fullstory.min.js:1:5852)
    at Mr.<anonymous> (https://plugins-cdn.grafana.net/grafana-kowalski-app/1.64.0/public/plugins/grafana-kowalski-app/463.js?_cache=1ed629a5641ef9c0de99:2:268575)
    at Generator.next (<anonymous>)
    at https://plugins-cdn.grafana.net/grafana-kowalski-app/1.64.0/public/plugins/grafana-kowalski-app/463.js?_cache=1ed629a5641ef9c0de99:2:264856
    at new Promise (<anonymous>)
    at Tr (https://plugins-cdn.grafana.net/grafana-kowalski-app/1.64.0/public/plugins/grafana-kowalski-app/463.js?_cache=1ed629a5641ef9c0de99:2:264601)
    at Mr.fetchWithKeepaliveRetry (https://plugins-cdn.grafana.net/grafana-kowalski-app/1.64.0/public/plugins/grafana-kowalski-app/463.js?_cache=1ed629a5641ef9c0de99:2:268487) @ https://plugins-cdn.grafana.net/grafana-kowalski-app/1.64.0/public/plugins/grafana-kowalski-app/463.js?_cache=1ed629a5641ef9c0de99:1
[85571620ms] [ERROR] Failed to load resource: net::ERR_INTERNET_DISCONNECTED @ https://faro-collector-ops-eu-south-0.grafana-ops.net/collect/bc03dd0f2a088059ae67a23bc296a26d:0
[85571624ms] [ERROR] Failed to load resource: net::ERR_INTERNET_DISCONNECTED @ https://faro-collector-ops-eu-south-0.grafana-ops.net/collect/bc03dd0f2a088059ae67a23bc296a26d:0
[86645596ms] [ERROR] Failed to load resource: net::ERR_INTERNET_DISCONNECTED @ https://faro-collector-ops-eu-south-0.grafana-ops.net/collect/2aaaae17b963ac219cd6e23a4850f00e:0
[86645597ms] [ERROR] Faro
 @grafana/faro-web-sdk:transport-fetch
 Failed sending payload to the receiver
 {meta: Object, events: Array(3)} TypeError: Failed to fetch
    at https://grafana-assets.grafana.net/grafana/13.2.0-30616302309/public/build/1849-react19.2ac26fdddffdb4cf8597.js:177:52559
    at window.fetch (https://plugins-cdn.grafana.net/grafana-kowalski-app/1.64.0/public/plugins/grafana-kowalski-app/463.js?_cache=1ed629a5641ef9c0de99:2:206687)
    at https://plugins-cdn.grafana.net/grafana-kowalski-app/1.64.0/public/plugins/grafana-kowalski-app/463.js?_cache=1ed629a5641ef9c0de99:2:336969
    at o.<computed>.o.<computed> (https://rsi.grafana.com/v1.1/js-integrations/Fullstory.min.js:1:5852)
    at Mr.<anonymous> (https://plugins-cdn.grafana.net/grafana-kowalski-app/1.64.0/public/plugins/grafana-kowalski-app/463.js?_cache=1ed629a5641ef9c0de99:2:268575)
    at Generator.next (<anonymous>)
    at https://plugins-cdn.grafana.net/grafana-kowalski-app/1.64.0/public/plugins/grafana-kowalski-app/463.js?_cache=1ed629a5641ef9c0de99:2:264856
    at new Promise (<anonymous>)
    at Tr (https://plugins-cdn.grafana.net/grafana-kowalski-app/1.64.0/public/plugins/grafana-kowalski-app/463.js?_cache=1ed629a5641ef9c0de99:2:264601)
    at Mr.fetchWithKeepaliveRetry (https://plugins-cdn.grafana.net/grafana-kowalski-app/1.64.0/public/plugins/grafana-kowalski-app/463.js?_cache=1ed629a5641ef9c0de99:2:268487) @ https://plugins-cdn.grafana.net/grafana-kowalski-app/1.64.0/public/plugins/grafana-kowalski-app/463.js?_cache=1ed629a5641ef9c0de99:1
[87603962ms] [ERROR] WebSocket connection to 'wss://devfedb13.grafana.net/api/live/ws' failed: Error in connection establishment: net::ERR_INTERNET_DISCONNECTED @ https://grafana-assets.grafana.net/grafana/13.2.0-30616302309/public/build/3788-react19.93988d65f50992991cc7.js:291
[87603975ms] [ERROR] Failed to load resource: net::ERR_INTERNET_DISCONNECTED @ https://devfedb13.grafana.net/api/login/ping:0
[87604170ms] [ERROR] Failed to load resource: net::ERR_INTERNET_DISCONNECTED @ https://faro-collector-ops-eu-south-0.grafana-ops.net/collect/2aaaae17b963ac219cd6e23a4850f00e:0
[87604179ms] [ERROR] Faro
 @grafana/faro-web-sdk:transport-fetch
 Failed sending payload to the receiver
 {meta: Object, events: Array(4)} TypeError: Failed to fetch
    at https://grafana-assets.grafana.net/grafana/13.2.0-30616302309/public/build/1849-react19.2ac26fdddffdb4cf8597.js:177:52559
    at window.fetch (https://plugins-cdn.grafana.net/grafana-kowalski-app/1.64.0/public/plugins/grafana-kowalski-app/463.js?_cache=1ed629a5641ef9c0de99:2:206687)
    at https://plugins-cdn.grafana.net/grafana-kowalski-app/1.64.0/public/plugins/grafana-kowalski-app/463.js?_cache=1ed629a5641ef9c0de99:2:336969
    at o.<computed>.o.<computed> (https://rsi.grafana.com/v1.1/js-integrations/Fullstory.min.js:1:5852)
    at Mr.<anonymous> (https://plugins-cdn.grafana.net/grafana-kowalski-app/1.64.0/public/plugins/grafana-kowalski-app/463.js?_cache=1ed629a5641ef9c0de99:2:268575)
    at Generator.next (<anonymous>)
    at https://plugins-cdn.grafana.net/grafana-kowalski-app/1.64.0/public/plugins/grafana-kowalski-app/463.js?_cache=1ed629a5641ef9c0de99:2:264856
    at new Promise (<anonymous>)
    at Tr (https://plugins-cdn.grafana.net/grafana-kowalski-app/1.64.0/public/plugins/grafana-kowalski-app/463.js?_cache=1ed629a5641ef9c0de99:2:264601)
    at Mr.fetchWithKeepaliveRetry (https://plugins-cdn.grafana.net/grafana-kowalski-app/1.64.0/public/plugins/grafana-kowalski-app/463.js?_cache=1ed629a5641ef9c0de99:2:268487) @ https://plugins-cdn.grafana.net/grafana-kowalski-app/1.64.0/public/plugins/grafana-kowalski-app/463.js?_cache=1ed629a5641ef9c0de99:1
[87605181ms] [ERROR] Failed to load resource: net::ERR_INTERNET_DISCONNECTED @ https://faro-collector-ops-eu-south-0.grafana-ops.net/collect/bc03dd0f2a088059ae67a23bc296a26d:0
[87605186ms] [ERROR] Failed to load resource: net::ERR_INTERNET_DISCONNECTED @ https://faro-collector-ops-eu-south-0.grafana-ops.net/collect/bc03dd0f2a088059ae67a23bc296a26d:0
[87607183ms] [ERROR] Failed to load resource: net::ERR_INTERNET_DISCONNECTED @ https://faro-collector-ops-eu-south-0.grafana-ops.net/collect/bc03dd0f2a088059ae67a23bc296a26d:0
[87607189ms] [ERROR] Failed to load resource: net::ERR_INTERNET_DISCONNECTED @ https://faro-collector-ops-eu-south-0.grafana-ops.net/collect/bc03dd0f2a088059ae67a23bc296a26d:0
[88561956ms] [ERROR] Failed to load resource: net::ERR_INTERNET_DISCONNECTED @ https://faro-collector-ops-eu-south-0.grafana-ops.net/collect/2aaaae17b963ac219cd6e23a4850f00e:0
[88561956ms] [ERROR] Faro
 @grafana/faro-web-sdk:transport-fetch
 Failed sending payload to the receiver
 {meta: Object, events: Array(3)} TypeError: Failed to fetch
    at https://grafana-assets.grafana.net/grafana/13.2.0-30616302309/public/build/1849-react19.2ac26fdddffdb4cf8597.js:177:52559
    at window.fetch (https://plugins-cdn.grafana.net/grafana-kowalski-app/1.64.0/public/plugins/grafana-kowalski-app/463.js?_cache=1ed629a5641ef9c0de99:2:206687)
    at https://plugins-cdn.grafana.net/grafana-kowalski-app/1.64.0/public/plugins/grafana-kowalski-app/463.js?_cache=1ed629a5641ef9c0de99:2:336969
    at o.<computed>.o.<computed> (https://rsi.grafana.com/v1.1/js-integrations/Fullstory.min.js:1:5852)
    at Mr.<anonymous> (https://plugins-cdn.grafana.net/grafana-kowalski-app/1.64.0/public/plugins/grafana-kowalski-app/463.js?_cache=1ed629a5641ef9c0de99:2:268575)
    at Generator.next (<anonymous>)
    at https://plugins-cdn.grafana.net/grafana-kowalski-app/1.64.0/public/plugins/grafana-kowalski-app/463.js?_cache=1ed629a5641ef9c0de99:2:264856
    at new Promise (<anonymous>)
    at Tr (https://plugins-cdn.grafana.net/grafana-kowalski-app/1.64.0/public/plugins/grafana-kowalski-app/463.js?_cache=1ed629a5641ef9c0de99:2:264601)
    at Mr.fetchWithKeepaliveRetry (https://plugins-cdn.grafana.net/grafana-kowalski-app/1.64.0/public/plugins/grafana-kowalski-app/463.js?_cache=1ed629a5641ef9c0de99:2:268487) @ https://plugins-cdn.grafana.net/grafana-kowalski-app/1.64.0/public/plugins/grafana-kowalski-app/463.js?_cache=1ed629a5641ef9c0de99:1
[88563251ms] [ERROR] WebSocket connection to 'wss://devfedb13.grafana.net/api/live/ws' failed: Error in connection establishment: net::ERR_INTERNET_DISCONNECTED @ https://grafana-assets.grafana.net/grafana/13.2.0-30616302309/public/build/3788-react19.93988d65f50992991cc7.js:291
[88563258ms] [ERROR] Failed to load resource: net::ERR_INTERNET_DISCONNECTED @ https://devfedb13.grafana.net/api/login/ping:0
[88563394ms] [ERROR] Failed to load resource: net::ERR_INTERNET_DISCONNECTED @ https://faro-collector-ops-eu-south-0.grafana-ops.net/collect/2aaaae17b963ac219cd6e23a4850f00e:0
[88563396ms] [ERROR] Failed to load resource: net::ERR_INTERNET_DISCONNECTED @ https://faro-collector-ops-eu-south-0.grafana-ops.net/collect/2aaaae17b963ac219cd6e23a4850f00e:0
[88563396ms] [ERROR] Faro
 @grafana/faro-web-sdk:transport-fetch
 Failed sending payload to the receiver
 {meta: Object, events: Array(2)} TypeError: Failed to fetch
    at https://grafana-assets.grafana.net/grafana/13.2.0-30616302309/public/build/1849-react19.2ac26fdddffdb4cf8597.js:177:52559
    at window.fetch (https://plugins-cdn.grafana.net/grafana-kowalski-app/1.64.0/public/plugins/grafana-kowalski-app/463.js?_cache=1ed629a5641ef9c0de99:2:206687)
    at https://plugins-cdn.grafana.net/grafana-kowalski-app/1.64.0/public/plugins/grafana-kowalski-app/463.js?_cache=1ed629a5641ef9c0de99:2:336969
    at o.<computed>.o.<computed> (https://rsi.grafana.com/v1.1/js-integrations/Fullstory.min.js:1:5852)
    at Mr.<anonymous> (https://plugins-cdn.grafana.net/grafana-kowalski-app/1.64.0/public/plugins/grafana-kowalski-app/463.js?_cache=1ed629a5641ef9c0de99:2:268817)
    at Generator.throw (<anonymous>)
    at a (https://plugins-cdn.grafana.net/grafana-kowalski-app/1.64.0/public/plugins/grafana-kowalski-app/463.js?_cache=1ed629a5641ef9c0de99:2:264709) @ https://plugins-cdn.grafana.net/grafana-kowalski-app/1.64.0/public/plugins/grafana-kowalski-app/463.js?_cache=1ed629a5641ef9c0de99:1
[88563976ms] [ERROR] Failed to load resource: net::ERR_INTERNET_DISCONNECTED @ https://faro-collector-ops-eu-south-0.grafana-ops.net/collect/bc03dd0f2a088059ae67a23bc296a26d:0
[88563979ms] [ERROR] Failed to load resource: net::ERR_INTERNET_DISCONNECTED @ https://faro-collector-ops-eu-south-0.grafana-ops.net/collect/bc03dd0f2a088059ae67a23bc296a26d:0
[88567450ms] [ERROR] Failed to load resource: net::ERR_ADDRESS_UNREACHABLE @ https://faro-collector-ops-eu-south-0.grafana-ops.net/collect/bc03dd0f2a088059ae67a23bc296a26d:0
[88567454ms] [ERROR] Failed to load resource: net::ERR_ADDRESS_UNREACHABLE @ https://faro-collector-ops-eu-south-0.grafana-ops.net/collect/bc03dd0f2a088059ae67a23bc296a26d:0
[88567469ms] [ERROR] Failed to load resource: net::ERR_NETWORK_CHANGED @ https://devfedb13.grafana.net/api/plugin-proxy/grafana-kowalski-app/api-proxy/api/v1/app:0
[89483472ms] [ERROR] Failed to load resource: net::ERR_NETWORK_CHANGED @ https://devfedb13.grafana.net/api/plugin-proxy/grafana-kowalski-app/api-proxy/api/v1/app:0
[89483477ms] [ERROR] Failed to load resource: net::ERR_NETWORK_CHANGED @ https://faro-collector-ops-eu-south-0.grafana-ops.net/collect/2aaaae17b963ac219cd6e23a4850f00e:0
[89483478ms] [ERROR] Failed to load resource: net::ERR_NETWORK_CHANGED @ https://faro-collector-ops-eu-south-0.grafana-ops.net/collect/bc03dd0f2a088059ae67a23bc296a26d:0
[89483479ms] [ERROR] Failed to load resource: net::ERR_NETWORK_CHANGED @ https://faro-collector-ops-eu-south-0.grafana-ops.net/collect/bc03dd0f2a088059ae67a23bc296a26d:0
[89483479ms] [ERROR] Failed to load resource: net::ERR_NETWORK_CHANGED @ https://faro-collector-ops-eu-south-0.grafana-ops.net/collect/2aaaae17b963ac219cd6e23a4850f00e:0
[89483500ms] [ERROR] Failed to load resource: net::ERR_NAME_NOT_RESOLVED @ https://faro-collector-ops-eu-south-0.grafana-ops.net/collect/bc03dd0f2a088059ae67a23bc296a26d:0
[89483501ms] [ERROR] Failed to load resource: net::ERR_NAME_NOT_RESOLVED @ https://faro-collector-ops-eu-south-0.grafana-ops.net/collect/2aaaae17b963ac219cd6e23a4850f00e:0
[89483501ms] [ERROR] Faro
 @grafana/faro-web-sdk:transport-fetch
 Failed sending payload to the receiver
 {meta: Object, events: Array(1)} TypeError: Failed to fetch
    at https://grafana-assets.grafana.net/grafana/13.2.0-30616302309/public/build/1849-react19.2ac26fdddffdb4cf8597.js:177:52559
    at window.fetch (https://plugins-cdn.grafana.net/grafana-kowalski-app/1.64.0/public/plugins/grafana-kowalski-app/463.js?_cache=1ed629a5641ef9c0de99:2:206687)
    at https://plugins-cdn.grafana.net/grafana-kowalski-app/1.64.0/public/plugins/grafana-kowalski-app/463.js?_cache=1ed629a5641ef9c0de99:2:336969
    at o.<computed>.o.<computed> (https://rsi.grafana.com/v1.1/js-integrations/Fullstory.min.js:1:5852)
    at Mr.<anonymous> (https://plugins-cdn.grafana.net/grafana-kowalski-app/1.64.0/public/plugins/grafana-kowalski-app/463.js?_cache=1ed629a5641ef9c0de99:2:268817)
    at Generator.throw (<anonymous>)
    at a (https://plugins-cdn.grafana.net/grafana-kowalski-app/1.64.0/public/plugins/grafana-kowalski-app/463.js?_cache=1ed629a5641ef9c0de99:2:264709) @ https://plugins-cdn.grafana.net/grafana-kowalski-app/1.64.0/public/plugins/grafana-kowalski-app/463.js?_cache=1ed629a5641ef9c0de99:1
[89483501ms] [ERROR] Failed to load resource: net::ERR_NAME_NOT_RESOLVED @ https://faro-collector-ops-eu-south-0.grafana-ops.net/collect/bc03dd0f2a088059ae67a23bc296a26d:0
[89483501ms] [ERROR] Failed to load resource: net::ERR_NAME_NOT_RESOLVED @ https://faro-collector-ops-eu-south-0.grafana-ops.net/collect/2aaaae17b963ac219cd6e23a4850f00e:0
[89483501ms] [ERROR] Faro
 @grafana/faro-web-sdk:transport-fetch
 Failed sending payload to the receiver
 {meta: Object, events: Array(1)} TypeError: Failed to fetch
    at https://grafana-assets.grafana.net/grafana/13.2.0-30616302309/public/build/1849-react19.2ac26fdddffdb4cf8597.js:177:52559
    at window.fetch (https://plugins-cdn.grafana.net/grafana-kowalski-app/1.64.0/public/plugins/grafana-kowalski-app/463.js?_cache=1ed629a5641ef9c0de99:2:206687)
    at https://plugins-cdn.grafana.net/grafana-kowalski-app/1.64.0/public/plugins/grafana-kowalski-app/463.js?_cache=1ed629a5641ef9c0de99:2:336969
    at o.<computed>.o.<computed> (https://rsi.grafana.com/v1.1/js-integrations/Fullstory.min.js:1:5852)
    at Mr.<anonymous> (https://plugins-cdn.grafana.net/grafana-kowalski-app/1.64.0/public/plugins/grafana-kowalski-app/463.js?_cache=1ed629a5641ef9c0de99:2:268817)
    at Generator.throw (<anonymous>)
    at a (https://plugins-cdn.grafana.net/grafana-kowalski-app/1.64.0/public/plugins/grafana-kowalski-app/463.js?_cache=1ed629a5641ef9c0de99:2:264709) @ https://plugins-cdn.grafana.net/grafana-kowalski-app/1.64.0/public/plugins/grafana-kowalski-app/463.js?_cache=1ed629a5641ef9c0de99:1
[89483577ms] [WARNING] WebSocket connection to 'wss://devfedb13.grafana.net/api/live/ws' failed: WebSocket is closed before the connection is established. @ https://grafana-assets.grafana.net/grafana/13.2.0-30616302309/public/build/3788-react19.93988d65f50992991cc7.js:291
[89483641ms] [ERROR] Failed to load resource: net::ERR_INTERNET_DISCONNECTED @ https://faro-collector-ops-eu-south-0.grafana-ops.net/collect/2aaaae17b963ac219cd6e23a4850f00e:0
[89483642ms] [ERROR] Faro
 @grafana/faro-web-sdk:transport-fetch
 Failed sending payload to the receiver
 {meta: Object, events: Array(4)} TypeError: Failed to fetch
    at https://grafana-assets.grafana.net/grafana/13.2.0-30616302309/public/build/1849-react19.2ac26fdddffdb4cf8597.js:177:52559
    at window.fetch (https://plugins-cdn.grafana.net/grafana-kowalski-app/1.64.0/public/plugins/grafana-kowalski-app/463.js?_cache=1ed629a5641ef9c0de99:2:206687)
    at https://plugins-cdn.grafana.net/grafana-kowalski-app/1.64.0/public/plugins/grafana-kowalski-app/463.js?_cache=1ed629a5641ef9c0de99:2:336969
    at o.<computed>.o.<computed> (https://rsi.grafana.com/v1.1/js-integrations/Fullstory.min.js:1:5852)
    at Mr.<anonymous> (https://plugins-cdn.grafana.net/grafana-kowalski-app/1.64.0/public/plugins/grafana-kowalski-app/463.js?_cache=1ed629a5641ef9c0de99:2:268575)
    at Generator.next (<anonymous>)
    at https://plugins-cdn.grafana.net/grafana-kowalski-app/1.64.0/public/plugins/grafana-kowalski-app/463.js?_cache=1ed629a5641ef9c0de99:2:264856
    at new Promise (<anonymous>)
    at Tr (https://plugins-cdn.grafana.net/grafana-kowalski-app/1.64.0/public/plugins/grafana-kowalski-app/463.js?_cache=1ed629a5641ef9c0de99:2:264601)
    at Mr.fetchWithKeepaliveRetry (https://plugins-cdn.grafana.net/grafana-kowalski-app/1.64.0/public/plugins/grafana-kowalski-app/463.js?_cache=1ed629a5641ef9c0de99:2:268487) @ https://plugins-cdn.grafana.net/grafana-kowalski-app/1.64.0/public/plugins/grafana-kowalski-app/463.js?_cache=1ed629a5641ef9c0de99:1
[89483865ms] [ERROR] Failed to load resource: net::ERR_INTERNET_DISCONNECTED @ https://faro-collector-ops-eu-south-0.grafana-ops.net/collect/2aaaae17b963ac219cd6e23a4850f00e:0
[89483866ms] [ERROR] Faro
 @grafana/faro-web-sdk:transport-fetch
 Failed sending payload to the receiver
 {meta: Object, events: Array(3)} TypeError: Failed to fetch
    at https://grafana-assets.grafana.net/grafana/13.2.0-30616302309/public/build/1849-react19.2ac26fdddffdb4cf8597.js:177:52559
    at window.fetch (https://plugins-cdn.grafana.net/grafana-kowalski-app/1.64.0/public/plugins/grafana-kowalski-app/463.js?_cache=1ed629a5641ef9c0de99:2:206687)
    at https://plugins-cdn.grafana.net/grafana-kowalski-app/1.64.0/public/plugins/grafana-kowalski-app/463.js?_cache=1ed629a5641ef9c0de99:2:336969
    at o.<computed>.o.<computed> (https://rsi.grafana.com/v1.1/js-integrations/Fullstory.min.js:1:5852)
    at Mr.<anonymous> (https://plugins-cdn.grafana.net/grafana-kowalski-app/1.64.0/public/plugins/grafana-kowalski-app/463.js?_cache=1ed629a5641ef9c0de99:2:268575)
    at Generator.next (<anonymous>)
    at https://plugins-cdn.grafana.net/grafana-kowalski-app/1.64.0/public/plugins/grafana-kowalski-app/463.js?_cache=1ed629a5641ef9c0de99:2:264856
    at new Promise (<anonymous>)
    at Tr (https://plugins-cdn.grafana.net/grafana-kowalski-app/1.64.0/public/plugins/grafana-kowalski-app/463.js?_cache=1ed629a5641ef9c0de99:2:264601)
    at Mr.fetchWithKeepaliveRetry (https://plugins-cdn.grafana.net/grafana-kowalski-app/1.64.0/public/plugins/grafana-kowalski-app/463.js?_cache=1ed629a5641ef9c0de99:2:268487) @ https://plugins-cdn.grafana.net/grafana-kowalski-app/1.64.0/public/plugins/grafana-kowalski-app/463.js?_cache=1ed629a5641ef9c0de99:1
[89484193ms] [ERROR] Failed to load resource: net::ERR_INTERNET_DISCONNECTED @ https://faro-collector-ops-eu-south-0.grafana-ops.net/collect/bc03dd0f2a088059ae67a23bc296a26d:0
[89484193ms] [ERROR] Failed to load resource: net::ERR_INTERNET_DISCONNECTED @ https://faro-collector-ops-eu-south-0.grafana-ops.net/collect/bc03dd0f2a088059ae67a23bc296a26d:0
[89484194ms] [ERROR] Failed to load resource: net::ERR_INTERNET_DISCONNECTED @ https://faro-collector-ops-eu-south-0.grafana-ops.net/collect/bc03dd0f2a088059ae67a23bc296a26d:0
[89484195ms] [ERROR] Failed to load resource: net::ERR_INTERNET_DISCONNECTED @ https://faro-collector-ops-eu-south-0.grafana-ops.net/collect/bc03dd0f2a088059ae67a23bc296a26d:0
[89486194ms] [ERROR] Failed to load resource: net::ERR_INTERNET_DISCONNECTED @ https://faro-collector-ops-eu-south-0.grafana-ops.net/collect/bc03dd0f2a088059ae67a23bc296a26d:0
[89486200ms] [ERROR] Failed to load resource: net::ERR_INTERNET_DISCONNECTED @ https://faro-collector-ops-eu-south-0.grafana-ops.net/collect/bc03dd0f2a088059ae67a23bc296a26d:0
[89975425ms] [ERROR] Failed to load resource: net::ERR_INTERNET_DISCONNECTED @ https://faro-collector-ops-eu-south-0.grafana-ops.net/collect/2aaaae17b963ac219cd6e23a4850f00e:0
[89975426ms] [ERROR] Faro
 @grafana/faro-web-sdk:transport-fetch
 Failed sending payload to the receiver
 {meta: Object, events: Array(3)} TypeError: Failed to fetch
    at https://grafana-assets.grafana.net/grafana/13.2.0-30616302309/public/build/1849-react19.2ac26fdddffdb4cf8597.js:177:52559
    at window.fetch (https://plugins-cdn.grafana.net/grafana-kowalski-app/1.64.0/public/plugins/grafana-kowalski-app/463.js?_cache=1ed629a5641ef9c0de99:2:206687)
    at https://plugins-cdn.grafana.net/grafana-kowalski-app/1.64.0/public/plugins/grafana-kowalski-app/463.js?_cache=1ed629a5641ef9c0de99:2:336969
    at o.<computed>.o.<computed> (https://rsi.grafana.com/v1.1/js-integrations/Fullstory.min.js:1:5852)
    at Mr.<anonymous> (https://plugins-cdn.grafana.net/grafana-kowalski-app/1.64.0/public/plugins/grafana-kowalski-app/463.js?_cache=1ed629a5641ef9c0de99:2:268575)
    at Generator.next (<anonymous>)
    at https://plugins-cdn.grafana.net/grafana-kowalski-app/1.64.0/public/plugins/grafana-kowalski-app/463.js?_cache=1ed629a5641ef9c0de99:2:264856
    at new Promise (<anonymous>)
    at Tr (https://plugins-cdn.grafana.net/grafana-kowalski-app/1.64.0/public/plugins/grafana-kowalski-app/463.js?_cache=1ed629a5641ef9c0de99:2:264601)
    at Mr.fetchWithKeepaliveRetry (https://plugins-cdn.grafana.net/grafana-kowalski-app/1.64.0/public/plugins/grafana-kowalski-app/463.js?_cache=1ed629a5641ef9c0de99:2:268487) @ https://plugins-cdn.grafana.net/grafana-kowalski-app/1.64.0/public/plugins/grafana-kowalski-app/463.js?_cache=1ed629a5641ef9c0de99:1
[89978648ms] [ERROR] WebSocket connection to 'wss://devfedb13.grafana.net/api/live/ws' failed: HTTP Authentication failed; no valid credentials available @ https://grafana-assets.grafana.net/grafana/13.2.0-30616302309/public/build/3788-react19.93988d65f50992991cc7.js:291
[89978903ms] [ERROR] Failed to load resource: the server responded with a status of 401 () @ https://devfedb13.grafana.net/api/plugin-proxy/grafana-kowalski-app/api-proxy/api/v1/app:0
[89978903ms] [ERROR] Failed to load resource: the server responded with a status of 401 () @ https://devfedb13.grafana.net/api/login/ping:0
[89979524ms] [WARNING] SceneObject already has a parent set that is different from the new parent. You cannot share the same SceneObject instance in multiple scenes or in multiple different places of the same scene graph. Use SceneObject.clone() to duplicate a SceneObject or store a state key reference and use sceneGraph.findObject to locate it. u zv @ https://edge.fullstory.com/s/fs.js:1
[89979526ms] [ERROR] Faro
 Attempted to create a new user action while one is already running. This is not possible. @ https://plugins-cdn.grafana.net/grafana-kowalski-app/1.64.0/public/plugins/grafana-kowalski-app/463.js?_cache=1ed629a5641ef9c0de99:1
[89979558ms] [ERROR] Faro
 Attempted to create a new user action while one is already running. This is not possible. @ https://plugins-cdn.grafana.net/grafana-kowalski-app/1.64.0/public/plugins/grafana-kowalski-app/463.js?_cache=1ed629a5641ef9c0de99:1
[89979570ms] [WARNING] SceneObject already has a parent set that is different from the new parent. You cannot share the same SceneObject instance in multiple scenes or in multiple different places of the same scene graph. Use SceneObject.clone() to duplicate a SceneObject or store a state key reference and use sceneGraph.findObject to locate it. sr u @ https://edge.fullstory.com/s/fs.js:1
[89979571ms] [WARNING] SceneObject already has a parent set that is different from the new parent. You cannot share the same SceneObject instance in multiple scenes or in multiple different places of the same scene graph. Use SceneObject.clone() to duplicate a SceneObject or store a state key reference and use sceneGraph.findObject to locate it. d u @ https://edge.fullstory.com/s/fs.js:1
[89979572ms] [WARNING] SceneObject already has a parent set that is different from the new parent. You cannot share the same SceneObject instance in multiple scenes or in multiple different places of the same scene graph. Use SceneObject.clone() to duplicate a SceneObject or store a state key reference and use sceneGraph.findObject to locate it. d u @ https://edge.fullstory.com/s/fs.js:1
[89979572ms] [WARNING] SceneObject already has a parent set that is different from the new parent. You cannot share the same SceneObject instance in multiple scenes or in multiple different places of the same scene graph. Use SceneObject.clone() to duplicate a SceneObject or store a state key reference and use sceneGraph.findObject to locate it. d u @ https://edge.fullstory.com/s/fs.js:1
[89979573ms] [WARNING] SceneObject already has a parent set that is different from the new parent. You cannot share the same SceneObject instance in multiple scenes or in multiple different places of the same scene graph. Use SceneObject.clone() to duplicate a SceneObject or store a state key reference and use sceneGraph.findObject to locate it. HI u @ https://edge.fullstory.com/s/fs.js:1
[89979573ms] [WARNING] SceneObject already has a parent set that is different from the new parent. You cannot share the same SceneObject instance in multiple scenes or in multiple different places of the same scene graph. Use SceneObject.clone() to duplicate a SceneObject or store a state key reference and use sceneGraph.findObject to locate it. vt u @ https://edge.fullstory.com/s/fs.js:1
[89979574ms] [WARNING] SceneObject already has a parent set that is different from the new parent. You cannot share the same SceneObject instance in multiple scenes or in multiple different places of the same scene graph. Use SceneObject.clone() to duplicate a SceneObject or store a state key reference and use sceneGraph.findObject to locate it. c u @ https://edge.fullstory.com/s/fs.js:1
[89979574ms] [WARNING] SceneObject already has a parent set that is different from the new parent. You cannot share the same SceneObject instance in multiple scenes or in multiple different places of the same scene graph. Use SceneObject.clone() to duplicate a SceneObject or store a state key reference and use sceneGraph.findObject to locate it. c u @ https://edge.fullstory.com/s/fs.js:1
[89979575ms] [WARNING] SceneObject already has a parent set that is different from the new parent. You cannot share the same SceneObject instance in multiple scenes or in multiple different places of the same scene graph. Use SceneObject.clone() to duplicate a SceneObject or store a state key reference and use sceneGraph.findObject to locate it. NE u @ https://edge.fullstory.com/s/fs.js:1
[89979575ms] [WARNING] SceneObject already has a parent set that is different from the new parent. You cannot share the same SceneObject instance in multiple scenes or in multiple different places of the same scene graph. Use SceneObject.clone() to duplicate a SceneObject or store a state key reference and use sceneGraph.findObject to locate it. IE u @ https://edge.fullstory.com/s/fs.js:1
[89979576ms] [WARNING] SceneObject already has a parent set that is different from the new parent. You cannot share the same SceneObject instance in multiple scenes or in multiple different places of the same scene graph. Use SceneObject.clone() to duplicate a SceneObject or store a state key reference and use sceneGraph.findObject to locate it. c u @ https://edge.fullstory.com/s/fs.js:1
[89979577ms] [WARNING] SceneObject already has a parent set that is different from the new parent. You cannot share the same SceneObject instance in multiple scenes or in multiple different places of the same scene graph. Use SceneObject.clone() to duplicate a SceneObject or store a state key reference and use sceneGraph.findObject to locate it. c u @ https://edge.fullstory.com/s/fs.js:1
[89979577ms] [WARNING] SceneObject already has a parent set that is different from the new parent. You cannot share the same SceneObject instance in multiple scenes or in multiple different places of the same scene graph. Use SceneObject.clone() to duplicate a SceneObject or store a state key reference and use sceneGraph.findObject to locate it. c u @ https://edge.fullstory.com/s/fs.js:1
[89979578ms] [WARNING] SceneObject already has a parent set that is different from the new parent. You cannot share the same SceneObject instance in multiple scenes or in multiple different places of the same scene graph. Use SceneObject.clone() to duplicate a SceneObject or store a state key reference and use sceneGraph.findObject to locate it. c u @ https://edge.fullstory.com/s/fs.js:1
[89979579ms] [WARNING] SceneObject already has a parent set that is different from the new parent. You cannot share the same SceneObject instance in multiple scenes or in multiple different places of the same scene graph. Use SceneObject.clone() to duplicate a SceneObject or store a state key reference and use sceneGraph.findObject to locate it. c u @ https://edge.fullstory.com/s/fs.js:1
[89979580ms] [WARNING] SceneObject already has a parent set that is different from the new parent. You cannot share the same SceneObject instance in multiple scenes or in multiple different places of the same scene graph. Use SceneObject.clone() to duplicate a SceneObject or store a state key reference and use sceneGraph.findObject to locate it. c u @ https://edge.fullstory.com/s/fs.js:1
[89979580ms] [WARNING] SceneObject already has a parent set that is different from the new parent. You cannot share the same SceneObject instance in multiple scenes or in multiple different places of the same scene graph. Use SceneObject.clone() to duplicate a SceneObject or store a state key reference and use sceneGraph.findObject to locate it. c u @ https://edge.fullstory.com/s/fs.js:1
[89979580ms] [WARNING] SceneObject already has a parent set that is different from the new parent. You cannot share the same SceneObject instance in multiple scenes or in multiple different places of the same scene graph. Use SceneObject.clone() to duplicate a SceneObject or store a state key reference and use sceneGraph.findObject to locate it. c u @ https://edge.fullstory.com/s/fs.js:1
[89979581ms] [WARNING] SceneObject already has a parent set that is different from the new parent. You cannot share the same SceneObject instance in multiple scenes or in multiple different places of the same scene graph. Use SceneObject.clone() to duplicate a SceneObject or store a state key reference and use sceneGraph.findObject to locate it. c u @ https://edge.fullstory.com/s/fs.js:1
[89979582ms] [WARNING] SceneObject already has a parent set that is different from the new parent. You cannot share the same SceneObject instance in multiple scenes or in multiple different places of the same scene graph. Use SceneObject.clone() to duplicate a SceneObject or store a state key reference and use sceneGraph.findObject to locate it. c u @ https://edge.fullstory.com/s/fs.js:1
[89979582ms] [WARNING] SceneObject already has a parent set that is different from the new parent. You cannot share the same SceneObject instance in multiple scenes or in multiple different places of the same scene graph. Use SceneObject.clone() to duplicate a SceneObject or store a state key reference and use sceneGraph.findObject to locate it. c u @ https://edge.fullstory.com/s/fs.js:1
[89979582ms] [WARNING] SceneObject already has a parent set that is different from the new parent. You cannot share the same SceneObject instance in multiple scenes or in multiple different places of the same scene graph. Use SceneObject.clone() to duplicate a SceneObject or store a state key reference and use sceneGraph.findObject to locate it. c u @ https://edge.fullstory.com/s/fs.js:1
[89979583ms] [WARNING] SceneObject already has a parent set that is different from the new parent. You cannot share the same SceneObject instance in multiple scenes or in multiple different places of the same scene graph. Use SceneObject.clone() to duplicate a SceneObject or store a state key reference and use sceneGraph.findObject to locate it. c u @ https://edge.fullstory.com/s/fs.js:1
[89979584ms] [WARNING] SceneObject already has a parent set that is different from the new parent. You cannot share the same SceneObject instance in multiple scenes or in multiple different places of the same scene graph. Use SceneObject.clone() to duplicate a SceneObject or store a state key reference and use sceneGraph.findObject to locate it. c u @ https://edge.fullstory.com/s/fs.js:1
[89979584ms] [WARNING] SceneObject already has a parent set that is different from the new parent. You cannot share the same SceneObject instance in multiple scenes or in multiple different places of the same scene graph. Use SceneObject.clone() to duplicate a SceneObject or store a state key reference and use sceneGraph.findObject to locate it. c u @ https://edge.fullstory.com/s/fs.js:1
[89979584ms] [WARNING] SceneObject already has a parent set that is different from the new parent. You cannot share the same SceneObject instance in multiple scenes or in multiple different places of the same scene graph. Use SceneObject.clone() to duplicate a SceneObject or store a state key reference and use sceneGraph.findObject to locate it. c u @ https://edge.fullstory.com/s/fs.js:1
[89979585ms] [WARNING] SceneObject already has a parent set that is different from the new parent. You cannot share the same SceneObject instance in multiple scenes or in multiple different places of the same scene graph. Use SceneObject.clone() to duplicate a SceneObject or store a state key reference and use sceneGraph.findObject to locate it. c u @ https://edge.fullstory.com/s/fs.js:1
[89979587ms] [ERROR] Faro
 Attempted to create a new user action while one is already running. This is not possible. @ https://plugins-cdn.grafana.net/grafana-kowalski-app/1.64.0/public/plugins/grafana-kowalski-app/463.js?_cache=1ed629a5641ef9c0de99:1
[89979603ms] [WARNING] SceneObject already has a parent set that is different from the new parent. You cannot share the same SceneObject instance in multiple scenes or in multiple different places of the same scene graph. Use SceneObject.clone() to duplicate a SceneObject or store a state key reference and use sceneGraph.findObject to locate it. h y @ https://edge.fullstory.com/s/fs.js:1
[89979604ms] [WARNING] SceneObject already has a parent set that is different from the new parent. You cannot share the same SceneObject instance in multiple scenes or in multiple different places of the same scene graph. Use SceneObject.clone() to duplicate a SceneObject or store a state key reference and use sceneGraph.findObject to locate it. h y @ https://edge.fullstory.com/s/fs.js:1
[89979605ms] [WARNING] SceneObject already has a parent set that is different from the new parent. You cannot share the same SceneObject instance in multiple scenes or in multiple different places of the same scene graph. Use SceneObject.clone() to duplicate a SceneObject or store a state key reference and use sceneGraph.findObject to locate it. h y @ https://edge.fullstory.com/s/fs.js:1
[89979608ms] [WARNING] SceneObject already has a parent set that is different from the new parent. You cannot share the same SceneObject instance in multiple scenes or in multiple different places of the same scene graph. Use SceneObject.clone() to duplicate a SceneObject or store a state key reference and use sceneGraph.findObject to locate it. L y @ https://edge.fullstory.com/s/fs.js:1
[89979613ms] [WARNING] SceneObject already has a parent set that is different from the new parent. You cannot share the same SceneObject instance in multiple scenes or in multiple different places of the same scene graph. Use SceneObject.clone() to duplicate a SceneObject or store a state key reference and use sceneGraph.findObject to locate it. d u @ https://edge.fullstory.com/s/fs.js:1
[90940233ms] [ERROR] WebSocket connection to 'wss://devfedb13.grafana.net/api/live/ws' failed: HTTP Authentication failed; no valid credentials available @ https://grafana-assets.grafana.net/grafana/13.2.0-30616302309/public/build/3788-react19.93988d65f50992991cc7.js:291
[90940480ms] [ERROR] Failed to load resource: net::ERR_NAME_NOT_RESOLVED @ https://devfedb13.grafana.net/api/login/ping:0
[91954136ms] [ERROR] WebSocket connection to 'wss://devfedb13.grafana.net/api/live/ws' failed: HTTP Authentication failed; no valid credentials available @ https://grafana-assets.grafana.net/grafana/13.2.0-30616302309/public/build/3788-react19.93988d65f50992991cc7.js:291
[91954597ms] [ERROR] Failed to load resource: the server responded with a status of 401 () @ https://devfedb13.grafana.net/api/login/ping:0
[92219790ms] [ERROR] WebSocket connection to 'wss://devfedb13.grafana.net/api/live/ws' failed: Error in connection establishment: net::ERR_NAME_NOT_RESOLVED @ https://grafana-assets.grafana.net/grafana/13.2.0-30616302309/public/build/3788-react19.93988d65f50992991cc7.js:291
[92220147ms] [ERROR] Failed to load resource: net::ERR_NETWORK_CHANGED @ https://devfedb13.grafana.net/api/login/ping:0
[93242082ms] [ERROR] Failed to load resource: net::ERR_NETWORK_CHANGED @ https://faro-collector-ops-eu-south-0.grafana-ops.net/collect/2aaaae17b963ac219cd6e23a4850f00e:0
[93242119ms] [ERROR] Failed to load resource: net::ERR_NETWORK_CHANGED @ https://faro-collector-ops-eu-south-0.grafana-ops.net/collect/2aaaae17b963ac219cd6e23a4850f00e:0
[93242120ms] [ERROR] Faro
 @grafana/faro-web-sdk:transport-fetch
 Failed sending payload to the receiver
 {meta: Object, events: Array(1)} TypeError: Failed to fetch
    at https://grafana-assets.grafana.net/grafana/13.2.0-30616302309/public/build/1849-react19.2ac26fdddffdb4cf8597.js:177:52559
    at window.fetch (https://plugins-cdn.grafana.net/grafana-kowalski-app/1.64.0/public/plugins/grafana-kowalski-app/463.js?_cache=1ed629a5641ef9c0de99:2:206687)
    at https://plugins-cdn.grafana.net/grafana-kowalski-app/1.64.0/public/plugins/grafana-kowalski-app/463.js?_cache=1ed629a5641ef9c0de99:2:336969
    at o.<computed>.o.<computed> (https://rsi.grafana.com/v1.1/js-integrations/Fullstory.min.js:1:5852)
    at Mr.<anonymous> (https://plugins-cdn.grafana.net/grafana-kowalski-app/1.64.0/public/plugins/grafana-kowalski-app/463.js?_cache=1ed629a5641ef9c0de99:2:268817)
    at Generator.throw (<anonymous>)
    at a (https://plugins-cdn.grafana.net/grafana-kowalski-app/1.64.0/public/plugins/grafana-kowalski-app/463.js?_cache=1ed629a5641ef9c0de99:2:264709) @ https://plugins-cdn.grafana.net/grafana-kowalski-app/1.64.0/public/plugins/grafana-kowalski-app/463.js?_cache=1ed629a5641ef9c0de99:1
[97815331ms] [ERROR] WebSocket connection to 'wss://devfedb13.grafana.net/api/live/ws' failed: HTTP Authentication failed; no valid credentials available @ https://grafana-assets.grafana.net/grafana/13.2.0-30616302309/public/build/3788-react19.93988d65f50992991cc7.js:291
[97815652ms] [ERROR] Failed to load resource: the server responded with a status of 401 () @ https://devfedb13.grafana.net/api/login/ping:0
[98866792ms] [ERROR] Failed to load resource: net::ERR_NETWORK_CHANGED @ https://faro-collector-ops-eu-south-0.grafana-ops.net/collect/2aaaae17b963ac219cd6e23a4850f00e:0
[98866794ms] [ERROR] Faro
 @grafana/faro-web-sdk:transport-fetch
 Failed sending payload to the receiver
 {meta: Object, events: Array(4)} TypeError: Failed to fetch
    at https://grafana-assets.grafana.net/grafana/13.2.0-30616302309/public/build/1849-react19.2ac26fdddffdb4cf8597.js:177:52559
    at window.fetch (https://plugins-cdn.grafana.net/grafana-kowalski-app/1.64.0/public/plugins/grafana-kowalski-app/463.js?_cache=1ed629a5641ef9c0de99:2:206687)
    at https://plugins-cdn.grafana.net/grafana-kowalski-app/1.64.0/public/plugins/grafana-kowalski-app/463.js?_cache=1ed629a5641ef9c0de99:2:336969
    at o.<computed>.o.<computed> (https://rsi.grafana.com/v1.1/js-integrations/Fullstory.min.js:1:5852)
    at Mr.<anonymous> (https://plugins-cdn.grafana.net/grafana-kowalski-app/1.64.0/public/plugins/grafana-kowalski-app/463.js?_cache=1ed629a5641ef9c0de99:2:268575)
    at Generator.next (<anonymous>)
    at https://plugins-cdn.grafana.net/grafana-kowalski-app/1.64.0/public/plugins/grafana-kowalski-app/463.js?_cache=1ed629a5641ef9c0de99:2:264856
    at new Promise (<anonymous>)
    at Tr (https://plugins-cdn.grafana.net/grafana-kowalski-app/1.64.0/public/plugins/grafana-kowalski-app/463.js?_cache=1ed629a5641ef9c0de99:2:264601)
    at Mr.fetchWithKeepaliveRetry (https://plugins-cdn.grafana.net/grafana-kowalski-app/1.64.0/public/plugins/grafana-kowalski-app/463.js?_cache=1ed629a5641ef9c0de99:2:268487) @ https://plugins-cdn.grafana.net/grafana-kowalski-app/1.64.0/public/plugins/grafana-kowalski-app/463.js?_cache=1ed629a5641ef9c0de99:1
[98866907ms] [ERROR] Failed to load resource: net::ERR_NETWORK_CHANGED @ https://faro-collector-ops-eu-south-0.grafana-ops.net/collect/2aaaae17b963ac219cd6e23a4850f00e:0
[98867407ms] [ERROR] Faro
 @grafana/faro-web-sdk:transport-fetch
 Failed sending payload to the receiver
 {meta: Object, events: Array(1)} TypeError: Cannot read properties of undefined (reading 'internalLogger')
    at logDebug (https://plugins-cdn.grafana.net/grafana-kowalski-app/1.64.0/public/plugins/grafana-kowalski-app/463.js?_cache=1ed629a5641ef9c0de99:2:659)
    at Mr.extendFaroSession (https://plugins-cdn.grafana.net/grafana-kowalski-app/1.64.0/public/plugins/grafana-kowalski-app/463.js?_cache=1ed629a5641ef9c0de99:2:269852)
    at Mr.<anonymous> (https://plugins-cdn.grafana.net/grafana-kowalski-app/1.64.0/public/plugins/grafana-kowalski-app/463.js?_cache=1ed629a5641ef9c0de99:2:269074)
    at Generator.next (<anonymous>)
    at https://plugins-cdn.grafana.net/grafana-kowalski-app/1.64.0/public/plugins/grafana-kowalski-app/463.js?_cache=1ed629a5641ef9c0de99:2:264856
    at new Promise (<anonymous>)
    at Tr (https://plugins-cdn.grafana.net/grafana-kowalski-app/1.64.0/public/plugins/grafana-kowalski-app/463.js?_cache=1ed629a5641ef9c0de99:2:264601)
    at Mr.handleResponse (https://plugins-cdn.grafana.net/grafana-kowalski-app/1.64.0/public/plugins/grafana-kowalski-app/463.js?_cache=1ed629a5641ef9c0de99:2:268963)
    at Mr.<anonymous> (https://plugins-cdn.grafana.net/grafana-kowalski-app/1.64.0/public/plugins/grafana-kowalski-app/463.js?_cache=1ed629a5641ef9c0de99:2:268888)
    at Generator.next (<anonymous>) @ https://plugins-cdn.grafana.net/grafana-kowalski-app/1.64.0/public/plugins/grafana-kowalski-app/463.js?_cache=1ed629a5641ef9c0de99:1
[103205232ms] [ERROR] WebSocket connection to 'wss://devfedb13.grafana.net/api/live/ws' failed: HTTP Authentication failed; no valid credentials available @ https://grafana-assets.grafana.net/grafana/13.2.0-30616302309/public/build/3788-react19.93988d65f50992991cc7.js:291
[103205516ms] [ERROR] Failed to load resource: the server responded with a status of 401 () @ https://devfedb13.grafana.net/api/login/ping:0
[106878920ms] [ERROR] WebSocket connection to 'wss://devfedb13.grafana.net/api/live/ws' failed: HTTP Authentication failed; no valid credentials available @ https://grafana-assets.grafana.net/grafana/13.2.0-30616302309/public/build/3788-react19.93988d65f50992991cc7.js:291
[106879329ms] [ERROR] Failed to load resource: the server responded with a status of 401 () @ https://devfedb13.grafana.net/api/login/ping:0
[110525266ms] [WARNING] WebSocket connection to 'wss://devfedb13.grafana.net/api/live/ws' failed: WebSocket is closed before the connection is established. @ https://grafana-assets.grafana.net/grafana/13.2.0-30616302309/public/build/3788-react19.93988d65f50992991cc7.js:291
[110525661ms] [ERROR] Failed to load resource: the server responded with a status of 401 () @ https://devfedb13.grafana.net/api/login/ping:0
[116184719ms] [ERROR] WebSocket connection to 'wss://devfedb13.grafana.net/api/live/ws' failed: Error in connection establishment: net::ERR_NAME_NOT_RESOLVED @ https://grafana-assets.grafana.net/grafana/13.2.0-30616302309/public/build/3788-react19.93988d65f50992991cc7.js:291
[116184887ms] [ERROR] Failed to load resource: net::ERR_NETWORK_CHANGED @ https://devfedb13.grafana.net/api/login/ping:0
[116186054ms] [ERROR] WebSocket connection to 'wss://devfedb13.grafana.net/api/live/ws' failed: HTTP Authentication failed; no valid credentials available @ https://grafana-assets.grafana.net/grafana/13.2.0-30616302309/public/build/3788-react19.93988d65f50992991cc7.js:291
[116188505ms] [ERROR] WebSocket connection to 'wss://devfedb13.grafana.net/api/live/ws' failed: HTTP Authentication failed; no valid credentials available @ https://grafana-assets.grafana.net/grafana/13.2.0-30616302309/public/build/3788-react19.93988d65f50992991cc7.js:291
[117188054ms] [ERROR] WebSocket connection to 'wss://devfedb13.grafana.net/api/live/ws' failed: HTTP Authentication failed; no valid credentials available @ https://grafana-assets.grafana.net/grafana/13.2.0-30616302309/public/build/3788-react19.93988d65f50992991cc7.js:291
[117188160ms] [ERROR] Failed to load resource: net::ERR_NAME_NOT_RESOLVED @ https://devfedb13.grafana.net/api/login/ping:0
[117849683ms] [ERROR] WebSocket connection to 'wss://devfedb13.grafana.net/api/live/ws' failed: HTTP Authentication failed; no valid credentials available @ https://grafana-assets.grafana.net/grafana/13.2.0-30616302309/public/build/3788-react19.93988d65f50992991cc7.js:291
[117850041ms] [ERROR] Failed to load resource: the server responded with a status of 401 () @ https://devfedb13.grafana.net/api/login/ping:0
[123548018ms] [ERROR] WebSocket connection to 'wss://devfedb13.grafana.net/api/live/ws' failed: HTTP Authentication failed; no valid credentials available @ https://grafana-assets.grafana.net/grafana/13.2.0-30616302309/public/build/3788-react19.93988d65f50992991cc7.js:291
[124573739ms] [ERROR] Failed to load resource: net::ERR_NETWORK_CHANGED @ https://devfedb13.grafana.net/api/login/ping:0
[124574013ms] [ERROR] Failed to load resource: net::ERR_NETWORK_CHANGED @ https://faro-collector-ops-eu-south-0.grafana-ops.net/collect/2aaaae17b963ac219cd6e23a4850f00e:0
[124574015ms] [ERROR] Faro
 @grafana/faro-web-sdk:transport-fetch
 Failed sending payload to the receiver
 {meta: Object, events: Array(4)} TypeError: Failed to fetch
    at https://grafana-assets.grafana.net/grafana/13.2.0-30616302309/public/build/1849-react19.2ac26fdddffdb4cf8597.js:177:52559
    at window.fetch (https://plugins-cdn.grafana.net/grafana-kowalski-app/1.64.0/public/plugins/grafana-kowalski-app/463.js?_cache=1ed629a5641ef9c0de99:2:206687)
    at https://plugins-cdn.grafana.net/grafana-kowalski-app/1.64.0/public/plugins/grafana-kowalski-app/463.js?_cache=1ed629a5641ef9c0de99:2:336969
    at o.<computed>.o.<computed> (https://rsi.grafana.com/v1.1/js-integrations/Fullstory.min.js:1:5852)
    at Mr.<anonymous> (https://plugins-cdn.grafana.net/grafana-kowalski-app/1.64.0/public/plugins/grafana-kowalski-app/463.js?_cache=1ed629a5641ef9c0de99:2:268575)
    at Generator.next (<anonymous>)
    at https://plugins-cdn.grafana.net/grafana-kowalski-app/1.64.0/public/plugins/grafana-kowalski-app/463.js?_cache=1ed629a5641ef9c0de99:2:264856
    at new Promise (<anonymous>)
    at Tr (https://plugins-cdn.grafana.net/grafana-kowalski-app/1.64.0/public/plugins/grafana-kowalski-app/463.js?_cache=1ed629a5641ef9c0de99:2:264601)
    at Mr.fetchWithKeepaliveRetry (https://plugins-cdn.grafana.net/grafana-kowalski-app/1.64.0/public/plugins/grafana-kowalski-app/463.js?_cache=1ed629a5641ef9c0de99:2:268487) @ https://plugins-cdn.grafana.net/grafana-kowalski-app/1.64.0/public/plugins/grafana-kowalski-app/463.js?_cache=1ed629a5641ef9c0de99:1
[124574064ms] [ERROR] WebSocket connection to 'wss://devfedb13.grafana.net/api/live/ws' failed: HTTP Authentication failed; no valid credentials available @ https://grafana-assets.grafana.net/grafana/13.2.0-30616302309/public/build/3788-react19.93988d65f50992991cc7.js:291
[124574100ms] [ERROR] Failed to load resource: net::ERR_NETWORK_CHANGED @ https://devfedb13.grafana.net/api/login/ping:0
[124575173ms] [ERROR] WebSocket connection to 'wss://devfedb13.grafana.net/api/live/ws' failed: HTTP Authentication failed; no valid credentials available @ https://grafana-assets.grafana.net/grafana/13.2.0-30616302309/public/build/3788-react19.93988d65f50992991cc7.js:291
[125149684ms] [ERROR] WebSocket connection to 'wss://devfedb13.grafana.net/api/live/ws' failed: Error during WebSocket handshake: net::ERR_CONNECTION_RESET @ https://grafana-assets.grafana.net/grafana/13.2.0-30616302309/public/build/3788-react19.93988d65f50992991cc7.js:291
[125149747ms] [ERROR] Failed to load resource: net::ERR_NETWORK_CHANGED @ https://devfedb13.grafana.net/api/login/ping:0
[125149898ms] [ERROR] Failed to load resource: net::ERR_NETWORK_CHANGED @ https://faro-collector-ops-eu-south-0.grafana-ops.net/collect/2aaaae17b963ac219cd6e23a4850f00e:0
[125150012ms] [ERROR] Failed to load resource: net::ERR_NETWORK_CHANGED @ https://faro-collector-ops-eu-south-0.grafana-ops.net/collect/2aaaae17b963ac219cd6e23a4850f00e:0
[125150012ms] [ERROR] Faro
 @grafana/faro-web-sdk:transport-fetch
 Failed sending payload to the receiver
 {meta: Object, events: Array(1)} TypeError: Failed to fetch
    at https://grafana-assets.grafana.net/grafana/13.2.0-30616302309/public/build/1849-react19.2ac26fdddffdb4cf8597.js:177:52559
    at window.fetch (https://plugins-cdn.grafana.net/grafana-kowalski-app/1.64.0/public/plugins/grafana-kowalski-app/463.js?_cache=1ed629a5641ef9c0de99:2:206687)
    at https://plugins-cdn.grafana.net/grafana-kowalski-app/1.64.0/public/plugins/grafana-kowalski-app/463.js?_cache=1ed629a5641ef9c0de99:2:336969
    at o.<computed>.o.<computed> (https://rsi.grafana.com/v1.1/js-integrations/Fullstory.min.js:1:5852)
    at Mr.<anonymous> (https://plugins-cdn.grafana.net/grafana-kowalski-app/1.64.0/public/plugins/grafana-kowalski-app/463.js?_cache=1ed629a5641ef9c0de99:2:268817)
    at Generator.throw (<anonymous>)
    at a (https://plugins-cdn.grafana.net/grafana-kowalski-app/1.64.0/public/plugins/grafana-kowalski-app/463.js?_cache=1ed629a5641ef9c0de99:2:264709) @ https://plugins-cdn.grafana.net/grafana-kowalski-app/1.64.0/public/plugins/grafana-kowalski-app/463.js?_cache=1ed629a5641ef9c0de99:1
[125153244ms] [ERROR] WebSocket connection to 'wss://devfedb13.grafana.net/api/live/ws' failed: HTTP Authentication failed; no valid credentials available @ https://grafana-assets.grafana.net/grafana/13.2.0-30616302309/public/build/3788-react19.93988d65f50992991cc7.js:291
[126083108ms] [ERROR] WebSocket connection to 'wss://devfedb13.grafana.net/api/live/ws' failed: HTTP Authentication failed; no valid credentials available @ https://grafana-assets.grafana.net/grafana/13.2.0-30616302309/public/build/3788-react19.93988d65f50992991cc7.js:291
[126083710ms] [ERROR] Failed to load resource: the server responded with a status of 401 () @ https://devfedb13.grafana.net/api/login/ping:0
[126239516ms] [ERROR] Failed to load resource: net::ERR_NETWORK_CHANGED @ https://faro-collector-ops-eu-south-0.grafana-ops.net/collect/2aaaae17b963ac219cd6e23a4850f00e:0
[126239516ms] [ERROR] Failed to load resource: net::ERR_NETWORK_CHANGED @ https://faro-collector-ops-eu-south-0.grafana-ops.net/collect/2aaaae17b963ac219cd6e23a4850f00e:0
[126925174ms] [ERROR] WebSocket connection to 'wss://devfedb13.grafana.net/api/live/ws' failed: HTTP Authentication failed; no valid credentials available @ https://grafana-assets.grafana.net/grafana/13.2.0-30616302309/public/build/3788-react19.93988d65f50992991cc7.js:291
[126925578ms] [ERROR] Failed to load resource: the server responded with a status of 401 () @ https://devfedb13.grafana.net/api/login/ping:0
[127650978ms] [ERROR] WebSocket connection to 'wss://devfedb13.grafana.net/api/live/ws' failed: HTTP Authentication failed; no valid credentials available @ https://grafana-assets.grafana.net/grafana/13.2.0-30616302309/public/build/3788-react19.93988d65f50992991cc7.js:291
[127651491ms] [ERROR] Failed to load resource: the server responded with a status of 401 () @ https://devfedb13.grafana.net/api/login/ping:0
[128349804ms] [ERROR] WebSocket connection to 'wss://devfedb13.grafana.net/api/live/ws' failed: HTTP Authentication failed; no valid credentials available @ https://grafana-assets.grafana.net/grafana/13.2.0-30616302309/public/build/3788-react19.93988d65f50992991cc7.js:291
[128350055ms] [ERROR] Failed to load resource: the server responded with a status of 401 () @ https://devfedb13.grafana.net/api/login/ping:0
[129041381ms] [ERROR] WebSocket connection to 'wss://devfedb13.grafana.net/api/live/ws' failed: HTTP Authentication failed; no valid credentials available @ https://grafana-assets.grafana.net/grafana/13.2.0-30616302309/public/build/3788-react19.93988d65f50992991cc7.js:291
[129041776ms] [ERROR] Failed to load resource: the server responded with a status of 401 () @ https://devfedb13.grafana.net/api/login/ping:0
[133538175ms] [ERROR] WebSocket connection to 'wss://devfedb13.grafana.net/api/live/ws' failed: HTTP Authentication failed; no valid credentials available @ https://grafana-assets.grafana.net/grafana/13.2.0-30616302309/public/build/3788-react19.93988d65f50992991cc7.js:291
[133538714ms] [ERROR] Failed to load resource: the server responded with a status of 401 () @ https://devfedb13.grafana.net/api/login/ping:0
[134519582ms] [ERROR] WebSocket connection to 'wss://devfedb13.grafana.net/api/live/ws' failed: HTTP Authentication failed; no valid credentials available @ https://grafana-assets.grafana.net/grafana/13.2.0-30616302309/public/build/3788-react19.93988d65f50992991cc7.js:291
[134519929ms] [ERROR] Failed to load resource: the server responded with a status of 401 () @ https://devfedb13.grafana.net/api/login/ping:0
[135558392ms] [ERROR] WebSocket connection to 'wss://devfedb13.grafana.net/api/live/ws' failed: HTTP Authentication failed; no valid credentials available @ https://grafana-assets.grafana.net/grafana/13.2.0-30616302309/public/build/3788-react19.93988d65f50992991cc7.js:291
[135558832ms] [ERROR] Failed to load resource: the server responded with a status of 401 () @ https://devfedb13.grafana.net/api/login/ping:0
[136524758ms] [ERROR] WebSocket connection to 'wss://devfedb13.grafana.net/api/live/ws' failed: HTTP Authentication failed; no valid credentials available @ https://grafana-assets.grafana.net/grafana/13.2.0-30616302309/public/build/3788-react19.93988d65f50992991cc7.js:291
[136525134ms] [ERROR] Failed to load resource: the server responded with a status of 401 () @ https://devfedb13.grafana.net/api/login/ping:0
[137186728ms] [ERROR] WebSocket connection to 'wss://devfedb13.grafana.net/api/live/ws' failed: HTTP Authentication failed; no valid credentials available @ https://grafana-assets.grafana.net/grafana/13.2.0-30616302309/public/build/3788-react19.93988d65f50992991cc7.js:291
[137186977ms] [ERROR] Failed to load resource: the server responded with a status of 401 () @ https://devfedb13.grafana.net/api/login/ping:0
[138174520ms] [ERROR] WebSocket connection to 'wss://devfedb13.grafana.net/api/live/ws' failed: HTTP Authentication failed; no valid credentials available @ https://grafana-assets.grafana.net/grafana/13.2.0-30616302309/public/build/3788-react19.93988d65f50992991cc7.js:291
[138174944ms] [ERROR] Failed to load resource: the server responded with a status of 401 () @ https://devfedb13.grafana.net/api/login/ping:0
[139138262ms] [ERROR] WebSocket connection to 'wss://devfedb13.grafana.net/api/live/ws' failed: HTTP Authentication failed; no valid credentials available @ https://grafana-assets.grafana.net/grafana/13.2.0-30616302309/public/build/3788-react19.93988d65f50992991cc7.js:291
[139138548ms] [ERROR] Failed to load resource: the server responded with a status of 401 () @ https://devfedb13.grafana.net/api/login/ping:0
[140167611ms] [ERROR] WebSocket connection to 'wss://devfedb13.grafana.net/api/live/ws' failed: HTTP Authentication failed; no valid credentials available @ https://grafana-assets.grafana.net/grafana/13.2.0-30616302309/public/build/3788-react19.93988d65f50992991cc7.js:291
[140167927ms] [ERROR] Failed to load resource: the server responded with a status of 401 () @ https://devfedb13.grafana.net/api/login/ping:0
[140842770ms] [ERROR] WebSocket connection to 'wss://devfedb13.grafana.net/api/live/ws' failed: HTTP Authentication failed; no valid credentials available @ https://grafana-assets.grafana.net/grafana/13.2.0-30616302309/public/build/3788-react19.93988d65f50992991cc7.js:291
[140843075ms] [ERROR] Failed to load resource: the server responded with a status of 401 () @ https://devfedb13.grafana.net/api/login/ping:0
[141875221ms] [ERROR] WebSocket connection to 'wss://devfedb13.grafana.net/api/live/ws' failed: HTTP Authentication failed; no valid credentials available @ https://grafana-assets.grafana.net/grafana/13.2.0-30616302309/public/build/3788-react19.93988d65f50992991cc7.js:291
[141875649ms] [ERROR] Failed to load resource: the server responded with a status of 401 () @ https://devfedb13.grafana.net/api/login/ping:0
[142865363ms] [ERROR] WebSocket connection to 'wss://devfedb13.grafana.net/api/live/ws' failed: HTTP Authentication failed; no valid credentials available @ https://grafana-assets.grafana.net/grafana/13.2.0-30616302309/public/build/3788-react19.93988d65f50992991cc7.js:291
[142865748ms] [ERROR] Failed to load resource: the server responded with a status of 401 () @ https://devfedb13.grafana.net/api/login/ping:0
[143494774ms] [ERROR] WebSocket connection to 'wss://devfedb13.grafana.net/api/live/ws' failed: HTTP Authentication failed; no valid credentials available @ https://grafana-assets.grafana.net/grafana/13.2.0-30616302309/public/build/3788-react19.93988d65f50992991cc7.js:291
[143494981ms] [ERROR] Failed to load resource: the server responded with a status of 401 () @ https://devfedb13.grafana.net/api/login/ping:0
[144173412ms] [ERROR] WebSocket connection to 'wss://devfedb13.grafana.net/api/live/ws' failed: HTTP Authentication failed; no valid credentials available @ https://grafana-assets.grafana.net/grafana/13.2.0-30616302309/public/build/3788-react19.93988d65f50992991cc7.js:291
[144173772ms] [ERROR] Failed to load resource: the server responded with a status of 401 () @ https://devfedb13.grafana.net/api/login/ping:0
[145036254ms] [ERROR] WebSocket connection to 'wss://devfedb13.grafana.net/api/live/ws' failed: HTTP Authentication failed; no valid credentials available @ https://grafana-assets.grafana.net/grafana/13.2.0-30616302309/public/build/3788-react19.93988d65f50992991cc7.js:291
[145036768ms] [ERROR] Failed to load resource: the server responded with a status of 401 () @ https://devfedb13.grafana.net/api/login/ping:0
[145974888ms] [ERROR] WebSocket connection to 'wss://devfedb13.grafana.net/api/live/ws' failed: HTTP Authentication failed; no valid credentials available @ https://grafana-assets.grafana.net/grafana/13.2.0-30616302309/public/build/3788-react19.93988d65f50992991cc7.js:291
[145975409ms] [ERROR] Failed to load resource: the server responded with a status of 401 () @ https://devfedb13.grafana.net/api/login/ping:0
[147259041ms] [ERROR] WebSocket connection to 'wss://devfedb13.grafana.net/api/live/ws' failed: HTTP Authentication failed; no valid credentials available @ https://grafana-assets.grafana.net/grafana/13.2.0-30616302309/public/build/3788-react19.93988d65f50992991cc7.js:291
[147259310ms] [ERROR] Failed to load resource: the server responded with a status of 401 () @ https://devfedb13.grafana.net/api/login/ping:0
[148097541ms] [ERROR] WebSocket connection to 'wss://devfedb13.grafana.net/api/live/ws' failed: HTTP Authentication failed; no valid credentials available @ https://grafana-assets.grafana.net/grafana/13.2.0-30616302309/public/build/3788-react19.93988d65f50992991cc7.js:291
[148097928ms] [ERROR] Failed to load resource: the server responded with a status of 401 () @ https://devfedb13.grafana.net/api/login/ping:0
[149137397ms] [ERROR] WebSocket connection to 'wss://devfedb13.grafana.net/api/live/ws' failed: HTTP Authentication failed; no valid credentials available @ https://grafana-assets.grafana.net/grafana/13.2.0-30616302309/public/build/3788-react19.93988d65f50992991cc7.js:291
[149137810ms] [ERROR] Failed to load resource: the server responded with a status of 401 () @ https://devfedb13.grafana.net/api/login/ping:0
[150206050ms] [ERROR] WebSocket connection to 'wss://devfedb13.grafana.net/api/live/ws' failed: HTTP Authentication failed; no valid credentials available @ https://grafana-assets.grafana.net/grafana/13.2.0-30616302309/public/build/3788-react19.93988d65f50992991cc7.js:291
[150206391ms] [ERROR] Failed to load resource: the server responded with a status of 401 () @ https://devfedb13.grafana.net/api/login/ping:0
[151191204ms] [ERROR] WebSocket connection to 'wss://devfedb13.grafana.net/api/live/ws' failed: HTTP Authentication failed; no valid credentials available @ https://grafana-assets.grafana.net/grafana/13.2.0-30616302309/public/build/3788-react19.93988d65f50992991cc7.js:291
[151191607ms] [ERROR] Failed to load resource: the server responded with a status of 401 () @ https://devfedb13.grafana.net/api/login/ping:0
[152728001ms] [ERROR] WebSocket connection to 'wss://devfedb13.grafana.net/api/live/ws' failed: HTTP Authentication failed; no valid credentials available @ https://grafana-assets.grafana.net/grafana/13.2.0-30616302309/public/build/3788-react19.93988d65f50992991cc7.js:291
[152728472ms] [ERROR] Failed to load resource: the server responded with a status of 401 () @ https://devfedb13.grafana.net/api/login/ping:0
[153757907ms] [ERROR] WebSocket connection to 'wss://devfedb13.grafana.net/api/live/ws' failed: HTTP Authentication failed; no valid credentials available @ https://grafana-assets.grafana.net/grafana/13.2.0-30616302309/public/build/3788-react19.93988d65f50992991cc7.js:291
[153758210ms] [ERROR] Failed to load resource: the server responded with a status of 401 () @ https://devfedb13.grafana.net/api/login/ping:0
[154849820ms] [ERROR] WebSocket connection to 'wss://devfedb13.grafana.net/api/live/ws' failed: HTTP Authentication failed; no valid credentials available @ https://grafana-assets.grafana.net/grafana/13.2.0-30616302309/public/build/3788-react19.93988d65f50992991cc7.js:291
[154850153ms] [ERROR] Failed to load resource: the server responded with a status of 401 () @ https://devfedb13.grafana.net/api/login/ping:0
[156430269ms] [ERROR] WebSocket connection to 'wss://devfedb13.grafana.net/api/live/ws' failed: HTTP Authentication failed; no valid credentials available @ https://grafana-assets.grafana.net/grafana/13.2.0-30616302309/public/build/3788-react19.93988d65f50992991cc7.js:291
[156430749ms] [ERROR] Failed to load resource: the server responded with a status of 401 () @ https://devfedb13.grafana.net/api/login/ping:0
[157472095ms] [ERROR] WebSocket connection to 'wss://devfedb13.grafana.net/api/live/ws' failed: HTTP Authentication failed; no valid credentials available @ https://grafana-assets.grafana.net/grafana/13.2.0-30616302309/public/build/3788-react19.93988d65f50992991cc7.js:291
[157472534ms] [ERROR] Failed to load resource: the server responded with a status of 401 () @ https://devfedb13.grafana.net/api/login/ping:0
[157472870ms] [ERROR] WebSocket connection to 'wss://devfedb13.grafana.net/api/live/ws' failed: HTTP Authentication failed; no valid credentials available @ https://grafana-assets.grafana.net/grafana/13.2.0-30616302309/public/build/3788-react19.93988d65f50992991cc7.js:291
[158435564ms] [ERROR] WebSocket connection to 'wss://devfedb13.grafana.net/api/live/ws' failed: HTTP Authentication failed; no valid credentials available @ https://grafana-assets.grafana.net/grafana/13.2.0-30616302309/public/build/3788-react19.93988d65f50992991cc7.js:291
[158435975ms] [ERROR] Failed to load resource: the server responded with a status of 401 () @ https://devfedb13.grafana.net/api/login/ping:0
[159092546ms] [ERROR] WebSocket connection to 'wss://devfedb13.grafana.net/api/live/ws' failed: HTTP Authentication failed; no valid credentials available @ https://grafana-assets.grafana.net/grafana/13.2.0-30616302309/public/build/3788-react19.93988d65f50992991cc7.js:291
[159092856ms] [ERROR] Failed to load resource: the server responded with a status of 401 () @ https://devfedb13.grafana.net/api/login/ping:0
[160104731ms] [ERROR] WebSocket connection to 'wss://devfedb13.grafana.net/api/live/ws' failed: HTTP Authentication failed; no valid credentials available @ https://grafana-assets.grafana.net/grafana/13.2.0-30616302309/public/build/3788-react19.93988d65f50992991cc7.js:291
[160105061ms] [ERROR] Failed to load resource: the server responded with a status of 401 () @ https://devfedb13.grafana.net/api/login/ping:0
[161060930ms] [ERROR] WebSocket connection to 'wss://devfedb13.grafana.net/api/live/ws' failed: HTTP Authentication failed; no valid credentials available @ https://grafana-assets.grafana.net/grafana/13.2.0-30616302309/public/build/3788-react19.93988d65f50992991cc7.js:291
[161061486ms] [ERROR] Failed to load resource: the server responded with a status of 401 () @ https://devfedb13.grafana.net/api/login/ping:0
[162050182ms] [ERROR] WebSocket connection to 'wss://devfedb13.grafana.net/api/live/ws' failed: HTTP Authentication failed; no valid credentials available @ https://grafana-assets.grafana.net/grafana/13.2.0-30616302309/public/build/3788-react19.93988d65f50992991cc7.js:291
[162050597ms] [ERROR] Failed to load resource: the server responded with a status of 401 () @ https://devfedb13.grafana.net/api/login/ping:0
[162746307ms] [ERROR] WebSocket connection to 'wss://devfedb13.grafana.net/api/live/ws' failed: HTTP Authentication failed; no valid credentials available @ https://grafana-assets.grafana.net/grafana/13.2.0-30616302309/public/build/3788-react19.93988d65f50992991cc7.js:291
[162746611ms] [ERROR] Failed to load resource: the server responded with a status of 401 () @ https://devfedb13.grafana.net/api/login/ping:0
[163787890ms] [ERROR] WebSocket connection to 'wss://devfedb13.grafana.net/api/live/ws' failed: HTTP Authentication failed; no valid credentials available @ https://grafana-assets.grafana.net/grafana/13.2.0-30616302309/public/build/3788-react19.93988d65f50992991cc7.js:291
[163788391ms] [ERROR] Failed to load resource: the server responded with a status of 401 () @ https://devfedb13.grafana.net/api/login/ping:0
[164806136ms] [ERROR] WebSocket connection to 'wss://devfedb13.grafana.net/api/live/ws' failed: HTTP Authentication failed; no valid credentials available @ https://grafana-assets.grafana.net/grafana/13.2.0-30616302309/public/build/3788-react19.93988d65f50992991cc7.js:291
[164806436ms] [ERROR] Failed to load resource: the server responded with a status of 401 () @ https://devfedb13.grafana.net/api/login/ping:0
[165800633ms] [ERROR] WebSocket connection to 'wss://devfedb13.grafana.net/api/live/ws' failed: HTTP Authentication failed; no valid credentials available @ https://grafana-assets.grafana.net/grafana/13.2.0-30616302309/public/build/3788-react19.93988d65f50992991cc7.js:291
[165801046ms] [ERROR] Failed to load resource: the server responded with a status of 401 () @ https://devfedb13.grafana.net/api/login/ping:0
[166422082ms] [ERROR] WebSocket connection to 'wss://devfedb13.grafana.net/api/live/ws' failed: HTTP Authentication failed; no valid credentials available @ https://grafana-assets.grafana.net/grafana/13.2.0-30616302309/public/build/3788-react19.93988d65f50992991cc7.js:291
[166422555ms] [ERROR] Failed to load resource: the server responded with a status of 401 () @ https://devfedb13.grafana.net/api/login/ping:0
[167562540ms] [ERROR] WebSocket connection to 'wss://devfedb13.grafana.net/api/live/ws' failed: HTTP Authentication failed; no valid credentials available @ https://grafana-assets.grafana.net/grafana/13.2.0-30616302309/public/build/3788-react19.93988d65f50992991cc7.js:291
[167562783ms] [ERROR] Failed to load resource: the server responded with a status of 401 () @ https://devfedb13.grafana.net/api/login/ping:0
[168733127ms] [ERROR] WebSocket connection to 'wss://devfedb13.grafana.net/api/live/ws' failed: HTTP Authentication failed; no valid credentials available @ https://grafana-assets.grafana.net/grafana/13.2.0-30616302309/public/build/3788-react19.93988d65f50992991cc7.js:291
[168733456ms] [ERROR] Failed to load resource: the server responded with a status of 401 () @ https://devfedb13.grafana.net/api/login/ping:0
[171098680ms] [ERROR] WebSocket connection to 'wss://devfedb13.grafana.net/api/live/ws' failed: Error in connection establishment: net::ERR_NAME_NOT_RESOLVED @ https://grafana-assets.grafana.net/grafana/13.2.0-30616302309/public/build/3788-react19.93988d65f50992991cc7.js:291
[171098915ms] [ERROR] Failed to load resource: net::ERR_NETWORK_CHANGED @ https://devfedb13.grafana.net/api/login/ping:0
[171100446ms] [ERROR] WebSocket connection to 'wss://devfedb13.grafana.net/api/live/ws' failed: HTTP Authentication failed; no valid credentials available @ https://grafana-assets.grafana.net/grafana/13.2.0-30616302309/public/build/3788-react19.93988d65f50992991cc7.js:291
[171102619ms] [ERROR] WebSocket connection to 'wss://devfedb13.grafana.net/api/live/ws' failed: HTTP Authentication failed; no valid credentials available @ https://grafana-assets.grafana.net/grafana/13.2.0-30616302309/public/build/3788-react19.93988d65f50992991cc7.js:291
[172111804ms] [ERROR] WebSocket connection to 'wss://devfedb13.grafana.net/api/live/ws' failed: HTTP Authentication failed; no valid credentials available @ https://grafana-assets.grafana.net/grafana/13.2.0-30616302309/public/build/3788-react19.93988d65f50992991cc7.js:291
[172112277ms] [ERROR] Failed to load resource: the server responded with a status of 401 () @ https://devfedb13.grafana.net/api/login/ping:0
[173720756ms] [ERROR] WebSocket connection to 'wss://devfedb13.grafana.net/api/live/ws' failed: HTTP Authentication failed; no valid credentials available @ https://grafana-assets.grafana.net/grafana/13.2.0-30616302309/public/build/3788-react19.93988d65f50992991cc7.js:291
[173721359ms] [ERROR] Failed to load resource: the server responded with a status of 401 () @ https://devfedb13.grafana.net/api/login/ping:0
[175704968ms] [ERROR] WebSocket connection to 'wss://devfedb13.grafana.net/api/live/ws' failed: HTTP Authentication failed; no valid credentials available @ https://grafana-assets.grafana.net/grafana/13.2.0-30616302309/public/build/3788-react19.93988d65f50992991cc7.js:291
[175705307ms] [ERROR] Failed to load resource: the server responded with a status of 401 () @ https://devfedb13.grafana.net/api/login/ping:0
[180332525ms] [ERROR] WebSocket connection to 'wss://devfedb13.grafana.net/api/live/ws' failed: HTTP Authentication failed; no valid credentials available @ https://grafana-assets.grafana.net/grafana/13.2.0-30616302309/public/build/3788-react19.93988d65f50992991cc7.js:291
[180332888ms] [ERROR] Failed to load resource: the server responded with a status of 401 () @ https://devfedb13.grafana.net/api/login/ping:0
[181040809ms] [ERROR] Failed to load resource: net::ERR_NETWORK_CHANGED @ https://faro-collector-ops-eu-south-0.grafana-ops.net/collect/bc03dd0f2a088059ae67a23bc296a26d:0
[181040927ms] [ERROR] Failed to load resource: net::ERR_NETWORK_CHANGED @ https://faro-collector-ops-eu-south-0.grafana-ops.net/collect/bc03dd0f2a088059ae67a23bc296a26d:0
[183142489ms] [ERROR] WebSocket connection to 'wss://devfedb13.grafana.net/api/live/ws' failed: Error in connection establishment: net::ERR_NAME_NOT_RESOLVED @ https://grafana-assets.grafana.net/grafana/13.2.0-30616302309/public/build/3788-react19.93988d65f50992991cc7.js:291
[183142596ms] [ERROR] Failed to load resource: net::ERR_NETWORK_CHANGED @ https://devfedb13.grafana.net/api/login/ping:0
[183143072ms] [ERROR] Failed to load resource: net::ERR_NETWORK_CHANGED @ https://faro-collector-ops-eu-south-0.grafana-ops.net/collect/2aaaae17b963ac219cd6e23a4850f00e:0
[183143073ms] [ERROR] Faro
 @grafana/faro-web-sdk:transport-fetch
 Failed sending payload to the receiver
 {meta: Object, events: Array(4)} TypeError: Failed to fetch
    at https://grafana-assets.grafana.net/grafana/13.2.0-30616302309/public/build/1849-react19.2ac26fdddffdb4cf8597.js:177:52559
    at window.fetch (https://plugins-cdn.grafana.net/grafana-kowalski-app/1.64.0/public/plugins/grafana-kowalski-app/463.js?_cache=1ed629a5641ef9c0de99:2:206687)
    at https://plugins-cdn.grafana.net/grafana-kowalski-app/1.64.0/public/plugins/grafana-kowalski-app/463.js?_cache=1ed629a5641ef9c0de99:2:336969
    at o.<computed>.o.<computed> (https://rsi.grafana.com/v1.1/js-integrations/Fullstory.min.js:1:5852)
    at Mr.<anonymous> (https://plugins-cdn.grafana.net/grafana-kowalski-app/1.64.0/public/plugins/grafana-kowalski-app/463.js?_cache=1ed629a5641ef9c0de99:2:268575)
    at Generator.next (<anonymous>)
    at https://plugins-cdn.grafana.net/grafana-kowalski-app/1.64.0/public/plugins/grafana-kowalski-app/463.js?_cache=1ed629a5641ef9c0de99:2:264856
    at new Promise (<anonymous>)
    at Tr (https://plugins-cdn.grafana.net/grafana-kowalski-app/1.64.0/public/plugins/grafana-kowalski-app/463.js?_cache=1ed629a5641ef9c0de99:2:264601)
    at Mr.fetchWithKeepaliveRetry (https://plugins-cdn.grafana.net/grafana-kowalski-app/1.64.0/public/plugins/grafana-kowalski-app/463.js?_cache=1ed629a5641ef9c0de99:2:268487) @ https://plugins-cdn.grafana.net/grafana-kowalski-app/1.64.0/public/plugins/grafana-kowalski-app/463.js?_cache=1ed629a5641ef9c0de99:1
[184211640ms] [ERROR] WebSocket connection to 'wss://devfedb13.grafana.net/api/live/ws' failed: HTTP Authentication failed; no valid credentials available @ https://grafana-assets.grafana.net/grafana/13.2.0-30616302309/public/build/3788-react19.93988d65f50992991cc7.js:291
[184212014ms] [ERROR] Failed to load resource: the server responded with a status of 401 () @ https://devfedb13.grafana.net/api/login/ping:0
[184702073ms] [ERROR] Failed to load resource: net::ERR_NETWORK_CHANGED @ https://faro-collector-ops-eu-south-0.grafana-ops.net/collect/bc03dd0f2a088059ae67a23bc296a26d:0
[188055576ms] [ERROR] WebSocket connection to 'wss://devfedb13.grafana.net/api/live/ws' failed: HTTP Authentication failed; no valid credentials available @ https://grafana-assets.grafana.net/grafana/13.2.0-30616302309/public/build/3788-react19.93988d65f50992991cc7.js:291
[188056090ms] [ERROR] Failed to load resource: the server responded with a status of 401 () @ https://devfedb13.grafana.net/api/login/ping:0
[190654246ms] [ERROR] WebSocket connection to 'wss://devfedb13.grafana.net/api/live/ws' failed: Error in connection establishment: net::ERR_NAME_NOT_RESOLVED @ https://grafana-assets.grafana.net/grafana/13.2.0-30616302309/public/build/3788-react19.93988d65f50992991cc7.js:291
[190654291ms] [ERROR] Failed to load resource: net::ERR_NETWORK_CHANGED @ https://devfedb13.grafana.net/api/login/ping:0
[190654582ms] [ERROR] Failed to load resource: net::ERR_NETWORK_CHANGED @ https://faro-collector-ops-eu-south-0.grafana-ops.net/collect/2aaaae17b963ac219cd6e23a4850f00e:0
[190654584ms] [ERROR] Faro
 @grafana/faro-web-sdk:transport-fetch
 Failed sending payload to the receiver
 {meta: Object, events: Array(4)} TypeError: Failed to fetch
    at https://grafana-assets.grafana.net/grafana/13.2.0-30616302309/public/build/1849-react19.2ac26fdddffdb4cf8597.js:177:52559
    at window.fetch (https://plugins-cdn.grafana.net/grafana-kowalski-app/1.64.0/public/plugins/grafana-kowalski-app/463.js?_cache=1ed629a5641ef9c0de99:2:206687)
    at https://plugins-cdn.grafana.net/grafana-kowalski-app/1.64.0/public/plugins/grafana-kowalski-app/463.js?_cache=1ed629a5641ef9c0de99:2:336969
    at o.<computed>.o.<computed> (https://rsi.grafana.com/v1.1/js-integrations/Fullstory.min.js:1:5852)
    at Mr.<anonymous> (https://plugins-cdn.grafana.net/grafana-kowalski-app/1.64.0/public/plugins/grafana-kowalski-app/463.js?_cache=1ed629a5641ef9c0de99:2:268575)
    at Generator.next (<anonymous>)
    at https://plugins-cdn.grafana.net/grafana-kowalski-app/1.64.0/public/plugins/grafana-kowalski-app/463.js?_cache=1ed629a5641ef9c0de99:2:264856
    at new Promise (<anonymous>)
    at Tr (https://plugins-cdn.grafana.net/grafana-kowalski-app/1.64.0/public/plugins/grafana-kowalski-app/463.js?_cache=1ed629a5641ef9c0de99:2:264601)
    at Mr.fetchWithKeepaliveRetry (https://plugins-cdn.grafana.net/grafana-kowalski-app/1.64.0/public/plugins/grafana-kowalski-app/463.js?_cache=1ed629a5641ef9c0de99:2:268487) @ https://plugins-cdn.grafana.net/grafana-kowalski-app/1.64.0/public/plugins/grafana-kowalski-app/463.js?_cache=1ed629a5641ef9c0de99:1
[190655954ms] [ERROR] WebSocket connection to 'wss://devfedb13.grafana.net/api/live/ws' failed: HTTP Authentication failed; no valid credentials available @ https://grafana-assets.grafana.net/grafana/13.2.0-30616302309/public/build/3788-react19.93988d65f50992991cc7.js:291
[190658845ms] [ERROR] WebSocket connection to 'wss://devfedb13.grafana.net/api/live/ws' failed: HTTP Authentication failed; no valid credentials available @ https://grafana-assets.grafana.net/grafana/13.2.0-30616302309/public/build/3788-react19.93988d65f50992991cc7.js:291
[190660107ms] [ERROR] WebSocket connection to 'wss://devfedb13.grafana.net/api/live/ws' failed: HTTP Authentication failed; no valid credentials available @ https://grafana-assets.grafana.net/grafana/13.2.0-30616302309/public/build/3788-react19.93988d65f50992991cc7.js:291
[190660372ms] [ERROR] Failed to load resource: the server responded with a status of 401 () @ https://devfedb13.grafana.net/api/login/ping:0
[190938472ms] [ERROR] Failed to load resource: net::ERR_NETWORK_CHANGED @ https://faro-collector-ops-eu-south-0.grafana-ops.net/collect/bc03dd0f2a088059ae67a23bc296a26d:0
[190938527ms] [ERROR] Failed to load resource: net::ERR_NAME_NOT_RESOLVED @ https://faro-collector-ops-eu-south-0.grafana-ops.net/collect/bc03dd0f2a088059ae67a23bc296a26d:0
[191794467ms] [ERROR] WebSocket connection to 'wss://devfedb13.grafana.net/api/live/ws' failed: Error in connection establishment: net::ERR_INTERNET_DISCONNECTED @ https://grafana-assets.grafana.net/grafana/13.2.0-30616302309/public/build/3788-react19.93988d65f50992991cc7.js:291
[191794508ms] [ERROR] Failed to load resource: net::ERR_INTERNET_DISCONNECTED @ https://devfedb13.grafana.net/api/login/ping:0
[191794655ms] [ERROR] Failed to load resource: net::ERR_INTERNET_DISCONNECTED @ https://faro-collector-ops-eu-south-0.grafana-ops.net/collect/2aaaae17b963ac219cd6e23a4850f00e:0
[191794657ms] [ERROR] Faro
 @grafana/faro-web-sdk:transport-fetch
 Failed sending payload to the receiver
 {meta: Object, events: Array(4)} TypeError: Failed to fetch
    at https://grafana-assets.grafana.net/grafana/13.2.0-30616302309/public/build/1849-react19.2ac26fdddffdb4cf8597.js:177:52559
    at window.fetch (https://plugins-cdn.grafana.net/grafana-kowalski-app/1.64.0/public/plugins/grafana-kowalski-app/463.js?_cache=1ed629a5641ef9c0de99:2:206687)
    at https://plugins-cdn.grafana.net/grafana-kowalski-app/1.64.0/public/plugins/grafana-kowalski-app/463.js?_cache=1ed629a5641ef9c0de99:2:336969
    at o.<computed>.o.<computed> (https://rsi.grafana.com/v1.1/js-integrations/Fullstory.min.js:1:5852)
    at Mr.<anonymous> (https://plugins-cdn.grafana.net/grafana-kowalski-app/1.64.0/public/plugins/grafana-kowalski-app/463.js?_cache=1ed629a5641ef9c0de99:2:268575)
    at Generator.next (<anonymous>)
    at https://plugins-cdn.grafana.net/grafana-kowalski-app/1.64.0/public/plugins/grafana-kowalski-app/463.js?_cache=1ed629a5641ef9c0de99:2:264856
    at new Promise (<anonymous>)
    at Tr (https://plugins-cdn.grafana.net/grafana-kowalski-app/1.64.0/public/plugins/grafana-kowalski-app/463.js?_cache=1ed629a5641ef9c0de99:2:264601)
    at Mr.fetchWithKeepaliveRetry (https://plugins-cdn.grafana.net/grafana-kowalski-app/1.64.0/public/plugins/grafana-kowalski-app/463.js?_cache=1ed629a5641ef9c0de99:2:268487) @ https://plugins-cdn.grafana.net/grafana-kowalski-app/1.64.0/public/plugins/grafana-kowalski-app/463.js?_cache=1ed629a5641ef9c0de99:1
[191794720ms] [ERROR] Failed to load resource: net::ERR_INTERNET_DISCONNECTED @ https://faro-collector-ops-eu-south-0.grafana-ops.net/collect/bc03dd0f2a088059ae67a23bc296a26d:0
[191794724ms] [ERROR] Failed to load resource: net::ERR_INTERNET_DISCONNECTED @ https://faro-collector-ops-eu-south-0.grafana-ops.net/collect/bc03dd0f2a088059ae67a23bc296a26d:0
[191795104ms] [ERROR] WebSocket connection to 'wss://devfedb13.grafana.net/api/live/ws' failed: Error in connection establishment: net::ERR_INTERNET_DISCONNECTED @ https://grafana-assets.grafana.net/grafana/13.2.0-30616302309/public/build/3788-react19.93988d65f50992991cc7.js:291
[191796731ms] [ERROR] Failed to load resource: net::ERR_INTERNET_DISCONNECTED @ https://faro-collector-ops-eu-south-0.grafana-ops.net/collect/bc03dd0f2a088059ae67a23bc296a26d:0
[191796734ms] [ERROR] Failed to load resource: net::ERR_INTERNET_DISCONNECTED @ https://faro-collector-ops-eu-south-0.grafana-ops.net/collect/bc03dd0f2a088059ae67a23bc296a26d:0
[191797303ms] [ERROR] WebSocket connection to 'wss://devfedb13.grafana.net/api/live/ws' failed: Error in connection establishment: net::ERR_INTERNET_DISCONNECTED @ https://grafana-assets.grafana.net/grafana/13.2.0-30616302309/public/build/3788-react19.93988d65f50992991cc7.js:291
[191799540ms] [ERROR] Failed to load resource: net::ERR_NETWORK_CHANGED @ https://devfedb13.grafana.net/api/plugin-proxy/grafana-kowalski-app/api-proxy/api/v1/app:0
[191799690ms] [ERROR] WebSocket connection to 'wss://devfedb13.grafana.net/api/live/ws' failed: HTTP Authentication failed; no valid credentials available @ https://grafana-assets.grafana.net/grafana/13.2.0-30616302309/public/build/3788-react19.93988d65f50992991cc7.js:291
[191800753ms] [ERROR] Failed to load resource: the server responded with a status of 401 () @ https://devfedb13.grafana.net/api/login/ping:0
[191800772ms] [ERROR] WebSocket connection to 'wss://devfedb13.grafana.net/api/live/ws' failed: HTTP Authentication failed; no valid credentials available @ https://grafana-assets.grafana.net/grafana/13.2.0-30616302309/public/build/3788-react19.93988d65f50992991cc7.js:291
[191800931ms] [ERROR] Failed to load resource: the server responded with a status of 401 () @ https://devfedb13.grafana.net/api/plugin-proxy/grafana-kowalski-app/api-proxy/api/v1/app:0
[191801599ms] [WARNING] SceneObject already has a parent set that is different from the new parent. You cannot share the same SceneObject instance in multiple scenes or in multiple different places of the same scene graph. Use SceneObject.clone() to duplicate a SceneObject or store a state key reference and use sceneGraph.findObject to locate it. u zv @ https://edge.fullstory.com/s/fs.js:1
[191801602ms] [ERROR] Faro
 Attempted to create a new user action while one is already running. This is not possible. @ https://plugins-cdn.grafana.net/grafana-kowalski-app/1.64.0/public/plugins/grafana-kowalski-app/463.js?_cache=1ed629a5641ef9c0de99:1
[191801636ms] [ERROR] Faro
 Attempted to create a new user action while one is already running. This is not possible. @ https://plugins-cdn.grafana.net/grafana-kowalski-app/1.64.0/public/plugins/grafana-kowalski-app/463.js?_cache=1ed629a5641ef9c0de99:1
[191801651ms] [WARNING] SceneObject already has a parent set that is different from the new parent. You cannot share the same SceneObject instance in multiple scenes or in multiple different places of the same scene graph. Use SceneObject.clone() to duplicate a SceneObject or store a state key reference and use sceneGraph.findObject to locate it. sr u @ https://edge.fullstory.com/s/fs.js:1
[191801652ms] [WARNING] SceneObject already has a parent set that is different from the new parent. You cannot share the same SceneObject instance in multiple scenes or in multiple different places of the same scene graph. Use SceneObject.clone() to duplicate a SceneObject or store a state key reference and use sceneGraph.findObject to locate it. d u @ https://edge.fullstory.com/s/fs.js:1
[191801653ms] [WARNING] SceneObject already has a parent set that is different from the new parent. You cannot share the same SceneObject instance in multiple scenes or in multiple different places of the same scene graph. Use SceneObject.clone() to duplicate a SceneObject or store a state key reference and use sceneGraph.findObject to locate it. d u @ https://edge.fullstory.com/s/fs.js:1
[191801653ms] [WARNING] SceneObject already has a parent set that is different from the new parent. You cannot share the same SceneObject instance in multiple scenes or in multiple different places of the same scene graph. Use SceneObject.clone() to duplicate a SceneObject or store a state key reference and use sceneGraph.findObject to locate it. d u @ https://edge.fullstory.com/s/fs.js:1
[191801653ms] [WARNING] SceneObject already has a parent set that is different from the new parent. You cannot share the same SceneObject instance in multiple scenes or in multiple different places of the same scene graph. Use SceneObject.clone() to duplicate a SceneObject or store a state key reference and use sceneGraph.findObject to locate it. HI u @ https://edge.fullstory.com/s/fs.js:1
[191801654ms] [WARNING] SceneObject already has a parent set that is different from the new parent. You cannot share the same SceneObject instance in multiple scenes or in multiple different places of the same scene graph. Use SceneObject.clone() to duplicate a SceneObject or store a state key reference and use sceneGraph.findObject to locate it. vt u @ https://edge.fullstory.com/s/fs.js:1
[191801654ms] [WARNING] SceneObject already has a parent set that is different from the new parent. You cannot share the same SceneObject instance in multiple scenes or in multiple different places of the same scene graph. Use SceneObject.clone() to duplicate a SceneObject or store a state key reference and use sceneGraph.findObject to locate it. c u @ https://edge.fullstory.com/s/fs.js:1
[191801654ms] [WARNING] SceneObject already has a parent set that is different from the new parent. You cannot share the same SceneObject instance in multiple scenes or in multiple different places of the same scene graph. Use SceneObject.clone() to duplicate a SceneObject or store a state key reference and use sceneGraph.findObject to locate it. c u @ https://edge.fullstory.com/s/fs.js:1
[191801655ms] [WARNING] SceneObject already has a parent set that is different from the new parent. You cannot share the same SceneObject instance in multiple scenes or in multiple different places of the same scene graph. Use SceneObject.clone() to duplicate a SceneObject or store a state key reference and use sceneGraph.findObject to locate it. NE u @ https://edge.fullstory.com/s/fs.js:1
[191801655ms] [WARNING] SceneObject already has a parent set that is different from the new parent. You cannot share the same SceneObject instance in multiple scenes or in multiple different places of the same scene graph. Use SceneObject.clone() to duplicate a SceneObject or store a state key reference and use sceneGraph.findObject to locate it. IE u @ https://edge.fullstory.com/s/fs.js:1
[191801655ms] [WARNING] SceneObject already has a parent set that is different from the new parent. You cannot share the same SceneObject instance in multiple scenes or in multiple different places of the same scene graph. Use SceneObject.clone() to duplicate a SceneObject or store a state key reference and use sceneGraph.findObject to locate it. c u @ https://edge.fullstory.com/s/fs.js:1
[191801656ms] [WARNING] SceneObject already has a parent set that is different from the new parent. You cannot share the same SceneObject instance in multiple scenes or in multiple different places of the same scene graph. Use SceneObject.clone() to duplicate a SceneObject or store a state key reference and use sceneGraph.findObject to locate it. c u @ https://edge.fullstory.com/s/fs.js:1
[191801656ms] [WARNING] SceneObject already has a parent set that is different from the new parent. You cannot share the same SceneObject instance in multiple scenes or in multiple different places of the same scene graph. Use SceneObject.clone() to duplicate a SceneObject or store a state key reference and use sceneGraph.findObject to locate it. c u @ https://edge.fullstory.com/s/fs.js:1
[191801657ms] [WARNING] SceneObject already has a parent set that is different from the new parent. You cannot share the same SceneObject instance in multiple scenes or in multiple different places of the same scene graph. Use SceneObject.clone() to duplicate a SceneObject or store a state key reference and use sceneGraph.findObject to locate it. c u @ https://edge.fullstory.com/s/fs.js:1
[191801657ms] [WARNING] SceneObject already has a parent set that is different from the new parent. You cannot share the same SceneObject instance in multiple scenes or in multiple different places of the same scene graph. Use SceneObject.clone() to duplicate a SceneObject or store a state key reference and use sceneGraph.findObject to locate it. c u @ https://edge.fullstory.com/s/fs.js:1
[191801657ms] [WARNING] SceneObject already has a parent set that is different from the new parent. You cannot share the same SceneObject instance in multiple scenes or in multiple different places of the same scene graph. Use SceneObject.clone() to duplicate a SceneObject or store a state key reference and use sceneGraph.findObject to locate it. c u @ https://edge.fullstory.com/s/fs.js:1
[191801658ms] [WARNING] SceneObject already has a parent set that is different from the new parent. You cannot share the same SceneObject instance in multiple scenes or in multiple different places of the same scene graph. Use SceneObject.clone() to duplicate a SceneObject or store a state key reference and use sceneGraph.findObject to locate it. c u @ https://edge.fullstory.com/s/fs.js:1
[191801659ms] [WARNING] SceneObject already has a parent set that is different from the new parent. You cannot share the same SceneObject instance in multiple scenes or in multiple different places of the same scene graph. Use SceneObject.clone() to duplicate a SceneObject or store a state key reference and use sceneGraph.findObject to locate it. c u @ https://edge.fullstory.com/s/fs.js:1
[191801659ms] [WARNING] SceneObject already has a parent set that is different from the new parent. You cannot share the same SceneObject instance in multiple scenes or in multiple different places of the same scene graph. Use SceneObject.clone() to duplicate a SceneObject or store a state key reference and use sceneGraph.findObject to locate it. c u @ https://edge.fullstory.com/s/fs.js:1
[191801660ms] [WARNING] SceneObject already has a parent set that is different from the new parent. You cannot share the same SceneObject instance in multiple scenes or in multiple different places of the same scene graph. Use SceneObject.clone() to duplicate a SceneObject or store a state key reference and use sceneGraph.findObject to locate it. c u @ https://edge.fullstory.com/s/fs.js:1
[191801661ms] [WARNING] SceneObject already has a parent set that is different from the new parent. You cannot share the same SceneObject instance in multiple scenes or in multiple different places of the same scene graph. Use SceneObject.clone() to duplicate a SceneObject or store a state key reference and use sceneGraph.findObject to locate it. c u @ https://edge.fullstory.com/s/fs.js:1
[191801661ms] [WARNING] SceneObject already has a parent set that is different from the new parent. You cannot share the same SceneObject instance in multiple scenes or in multiple different places of the same scene graph. Use SceneObject.clone() to duplicate a SceneObject or store a state key reference and use sceneGraph.findObject to locate it. c u @ https://edge.fullstory.com/s/fs.js:1
[191801662ms] [WARNING] SceneObject already has a parent set that is different from the new parent. You cannot share the same SceneObject instance in multiple scenes or in multiple different places of the same scene graph. Use SceneObject.clone() to duplicate a SceneObject or store a state key reference and use sceneGraph.findObject to locate it. c u @ https://edge.fullstory.com/s/fs.js:1
[191801662ms] [WARNING] SceneObject already has a parent set that is different from the new parent. You cannot share the same SceneObject instance in multiple scenes or in multiple different places of the same scene graph. Use SceneObject.clone() to duplicate a SceneObject or store a state key reference and use sceneGraph.findObject to locate it. c u @ https://edge.fullstory.com/s/fs.js:1
[191801663ms] [WARNING] SceneObject already has a parent set that is different from the new parent. You cannot share the same SceneObject instance in multiple scenes or in multiple different places of the same scene graph. Use SceneObject.clone() to duplicate a SceneObject or store a state key reference and use sceneGraph.findObject to locate it. c u @ https://edge.fullstory.com/s/fs.js:1
[191801663ms] [WARNING] SceneObject already has a parent set that is different from the new parent. You cannot share the same SceneObject instance in multiple scenes or in multiple different places of the same scene graph. Use SceneObject.clone() to duplicate a SceneObject or store a state key reference and use sceneGraph.findObject to locate it. c u @ https://edge.fullstory.com/s/fs.js:1
[191801663ms] [WARNING] SceneObject already has a parent set that is different from the new parent. You cannot share the same SceneObject instance in multiple scenes or in multiple different places of the same scene graph. Use SceneObject.clone() to duplicate a SceneObject or store a state key reference and use sceneGraph.findObject to locate it. c u @ https://edge.fullstory.com/s/fs.js:1
[191801665ms] [ERROR] Faro
 Attempted to create a new user action while one is already running. This is not possible. @ https://plugins-cdn.grafana.net/grafana-kowalski-app/1.64.0/public/plugins/grafana-kowalski-app/463.js?_cache=1ed629a5641ef9c0de99:1
[191801687ms] [WARNING] SceneObject already has a parent set that is different from the new parent. You cannot share the same SceneObject instance in multiple scenes or in multiple different places of the same scene graph. Use SceneObject.clone() to duplicate a SceneObject or store a state key reference and use sceneGraph.findObject to locate it. h y @ https://edge.fullstory.com/s/fs.js:1
[191801689ms] [WARNING] SceneObject already has a parent set that is different from the new parent. You cannot share the same SceneObject instance in multiple scenes or in multiple different places of the same scene graph. Use SceneObject.clone() to duplicate a SceneObject or store a state key reference and use sceneGraph.findObject to locate it. h y @ https://edge.fullstory.com/s/fs.js:1
[191801690ms] [WARNING] SceneObject already has a parent set that is different from the new parent. You cannot share the same SceneObject instance in multiple scenes or in multiple different places of the same scene graph. Use SceneObject.clone() to duplicate a SceneObject or store a state key reference and use sceneGraph.findObject to locate it. h y @ https://edge.fullstory.com/s/fs.js:1
[191801692ms] [WARNING] SceneObject already has a parent set that is different from the new parent. You cannot share the same SceneObject instance in multiple scenes or in multiple different places of the same scene graph. Use SceneObject.clone() to duplicate a SceneObject or store a state key reference and use sceneGraph.findObject to locate it. L y @ https://edge.fullstory.com/s/fs.js:1
[191801699ms] [WARNING] SceneObject already has a parent set that is different from the new parent. You cannot share the same SceneObject instance in multiple scenes or in multiple different places of the same scene graph. Use SceneObject.clone() to duplicate a SceneObject or store a state key reference and use sceneGraph.findObject to locate it. d u @ https://edge.fullstory.com/s/fs.js:1
[193065897ms] [ERROR] WebSocket connection to 'wss://devfedb13.grafana.net/api/live/ws' failed: HTTP Authentication failed; no valid credentials available @ https://grafana-assets.grafana.net/grafana/13.2.0-30616302309/public/build/3788-react19.93988d65f50992991cc7.js:291
[193066400ms] [ERROR] Failed to load resource: the server responded with a status of 401 () @ https://devfedb13.grafana.net/api/login/ping:0
[193067166ms] [ERROR] Faro
 @grafana/faro-web-sdk:transport-fetch
 Failed sending payload to the receiver
 {meta: Object, events: Array(2)} TypeError: Cannot read properties of undefined (reading 'internalLogger')
    at logDebug (https://plugins-cdn.grafana.net/grafana-kowalski-app/1.64.0/public/plugins/grafana-kowalski-app/463.js?_cache=1ed629a5641ef9c0de99:2:659)
    at Mr.extendFaroSession (https://plugins-cdn.grafana.net/grafana-kowalski-app/1.64.0/public/plugins/grafana-kowalski-app/463.js?_cache=1ed629a5641ef9c0de99:2:269852)
    at Mr.<anonymous> (https://plugins-cdn.grafana.net/grafana-kowalski-app/1.64.0/public/plugins/grafana-kowalski-app/463.js?_cache=1ed629a5641ef9c0de99:2:269074)
    at Generator.next (<anonymous>)
    at https://plugins-cdn.grafana.net/grafana-kowalski-app/1.64.0/public/plugins/grafana-kowalski-app/463.js?_cache=1ed629a5641ef9c0de99:2:264856
    at new Promise (<anonymous>)
    at Tr (https://plugins-cdn.grafana.net/grafana-kowalski-app/1.64.0/public/plugins/grafana-kowalski-app/463.js?_cache=1ed629a5641ef9c0de99:2:264601)
    at Mr.handleResponse (https://plugins-cdn.grafana.net/grafana-kowalski-app/1.64.0/public/plugins/grafana-kowalski-app/463.js?_cache=1ed629a5641ef9c0de99:2:268963)
    at Mr.<anonymous> (https://plugins-cdn.grafana.net/grafana-kowalski-app/1.64.0/public/plugins/grafana-kowalski-app/463.js?_cache=1ed629a5641ef9c0de99:2:268655)
    at Generator.next (<anonymous>) @ https://plugins-cdn.grafana.net/grafana-kowalski-app/1.64.0/public/plugins/grafana-kowalski-app/463.js?_cache=1ed629a5641ef9c0de99:1
[193254676ms] [ERROR] Failed to load resource: net::ERR_NETWORK_CHANGED @ https://faro-collector-ops-eu-south-0.grafana-ops.net/collect/2aaaae17b963ac219cd6e23a4850f00e:0
[193254677ms] [ERROR] Faro
 @grafana/faro-web-sdk:transport-fetch
 Failed sending payload to the receiver
 {meta: Object, events: Array(4)} TypeError: Failed to fetch
    at https://grafana-assets.grafana.net/grafana/13.2.0-30616302309/public/build/1849-react19.2ac26fdddffdb4cf8597.js:177:52559
    at window.fetch (https://plugins-cdn.grafana.net/grafana-kowalski-app/1.64.0/public/plugins/grafana-kowalski-app/463.js?_cache=1ed629a5641ef9c0de99:2:206687)
    at https://plugins-cdn.grafana.net/grafana-kowalski-app/1.64.0/public/plugins/grafana-kowalski-app/463.js?_cache=1ed629a5641ef9c0de99:2:336969
    at o.<computed>.o.<computed> (https://rsi.grafana.com/v1.1/js-integrations/Fullstory.min.js:1:5852)
    at Mr.<anonymous> (https://plugins-cdn.grafana.net/grafana-kowalski-app/1.64.0/public/plugins/grafana-kowalski-app/463.js?_cache=1ed629a5641ef9c0de99:2:268575)
    at Generator.next (<anonymous>)
    at https://plugins-cdn.grafana.net/grafana-kowalski-app/1.64.0/public/plugins/grafana-kowalski-app/463.js?_cache=1ed629a5641ef9c0de99:2:264856
    at new Promise (<anonymous>)
    at Tr (https://plugins-cdn.grafana.net/grafana-kowalski-app/1.64.0/public/plugins/grafana-kowalski-app/463.js?_cache=1ed629a5641ef9c0de99:2:264601)
    at Mr.fetchWithKeepaliveRetry (https://plugins-cdn.grafana.net/grafana-kowalski-app/1.64.0/public/plugins/grafana-kowalski-app/463.js?_cache=1ed629a5641ef9c0de99:2:268487) @ https://plugins-cdn.grafana.net/grafana-kowalski-app/1.64.0/public/plugins/grafana-kowalski-app/463.js?_cache=1ed629a5641ef9c0de99:1
[193254678ms] [ERROR] Failed to load resource: net::ERR_NETWORK_CHANGED @ https://faro-collector-ops-eu-south-0.grafana-ops.net/collect/bc03dd0f2a088059ae67a23bc296a26d:0
[193254769ms] [ERROR] Failed to load resource: net::ERR_NETWORK_CHANGED @ https://faro-collector-ops-eu-south-0.grafana-ops.net/collect/bc03dd0f2a088059ae67a23bc296a26d:0
[194813845ms] [ERROR] WebSocket connection to 'wss://devfedb13.grafana.net/api/live/ws' failed: HTTP Authentication failed; no valid credentials available @ https://grafana-assets.grafana.net/grafana/13.2.0-30616302309/public/build/3788-react19.93988d65f50992991cc7.js:291
[195684675ms] [ERROR] Failed to load resource: net::ERR_NETWORK_CHANGED @ https://devfedb13.grafana.net/api/login/ping:0
[195685020ms] [ERROR] Failed to load resource: net::ERR_NETWORK_CHANGED @ https://faro-collector-ops-eu-south-0.grafana-ops.net/collect/2aaaae17b963ac219cd6e23a4850f00e:0
[195685021ms] [ERROR] Faro
 @grafana/faro-web-sdk:transport-fetch
 Failed sending payload to the receiver
 {meta: Object, events: Array(4)} TypeError: Failed to fetch
    at https://grafana-assets.grafana.net/grafana/13.2.0-30616302309/public/build/1849-react19.2ac26fdddffdb4cf8597.js:177:52559
    at window.fetch (https://plugins-cdn.grafana.net/grafana-kowalski-app/1.64.0/public/plugins/grafana-kowalski-app/463.js?_cache=1ed629a5641ef9c0de99:2:206687)
    at https://plugins-cdn.grafana.net/grafana-kowalski-app/1.64.0/public/plugins/grafana-kowalski-app/463.js?_cache=1ed629a5641ef9c0de99:2:336969
    at o.<computed>.o.<computed> (https://rsi.grafana.com/v1.1/js-integrations/Fullstory.min.js:1:5852)
    at Mr.<anonymous> (https://plugins-cdn.grafana.net/grafana-kowalski-app/1.64.0/public/plugins/grafana-kowalski-app/463.js?_cache=1ed629a5641ef9c0de99:2:268575)
    at Generator.next (<anonymous>)
    at https://plugins-cdn.grafana.net/grafana-kowalski-app/1.64.0/public/plugins/grafana-kowalski-app/463.js?_cache=1ed629a5641ef9c0de99:2:264856
    at new Promise (<anonymous>)
    at Tr (https://plugins-cdn.grafana.net/grafana-kowalski-app/1.64.0/public/plugins/grafana-kowalski-app/463.js?_cache=1ed629a5641ef9c0de99:2:264601)
    at Mr.fetchWithKeepaliveRetry (https://plugins-cdn.grafana.net/grafana-kowalski-app/1.64.0/public/plugins/grafana-kowalski-app/463.js?_cache=1ed629a5641ef9c0de99:2:268487) @ https://plugins-cdn.grafana.net/grafana-kowalski-app/1.64.0/public/plugins/grafana-kowalski-app/463.js?_cache=1ed629a5641ef9c0de99:1
[195685032ms] [ERROR] WebSocket connection to 'wss://devfedb13.grafana.net/api/live/ws' failed: HTTP Authentication failed; no valid credentials available @ https://grafana-assets.grafana.net/grafana/13.2.0-30616302309/public/build/3788-react19.93988d65f50992991cc7.js:291
[195685560ms] [ERROR] Failed to load resource: the server responded with a status of 401 () @ https://devfedb13.grafana.net/api/login/ping:0
[198436345ms] [ERROR] WebSocket connection to 'wss://devfedb13.grafana.net/api/live/ws' failed: HTTP Authentication failed; no valid credentials available @ https://grafana-assets.grafana.net/grafana/13.2.0-30616302309/public/build/3788-react19.93988d65f50992991cc7.js:291
[198436855ms] [ERROR] Failed to load resource: the server responded with a status of 401 () @ https://devfedb13.grafana.net/api/login/ping:0
[199499932ms] [ERROR] WebSocket connection to 'wss://devfedb13.grafana.net/api/live/ws' failed: HTTP Authentication failed; no valid credentials available @ https://grafana-assets.grafana.net/grafana/13.2.0-30616302309/public/build/3788-react19.93988d65f50992991cc7.js:291
[199500360ms] [ERROR] Failed to load resource: the server responded with a status of 401 () @ https://devfedb13.grafana.net/api/login/ping:0
[202101209ms] [ERROR] WebSocket connection to 'wss://devfedb13.grafana.net/api/live/ws' failed: HTTP Authentication failed; no valid credentials available @ https://grafana-assets.grafana.net/grafana/13.2.0-30616302309/public/build/3788-react19.93988d65f50992991cc7.js:291
[202101570ms] [ERROR] Failed to load resource: the server responded with a status of 401 () @ https://devfedb13.grafana.net/api/login/ping:0
