[    2692ms] [ERROR] Failed to load resource: the server responded with a status of 404 () @ https://deveadf53.grafana.net/apis/userstorage.grafana.app/v0alpha1/namespaces/stacks-1744045/user-storage/saved-queries:efts33ixamkn4b:0
[    2847ms] [ERROR] Faro
 @grafana/faro-instrumentation-replay
 Error occurred during session replay SyntaxError: Failed to execute 'insertRule' on 'CSSStyleSheet': Failed to parse the rule '.inci-qkfbqu-btn::-moz-focus-inner{border:0;padding:0;}'.
    at https://plugins-cdn.grafana.net/grafana-kowalski-app/1.64.0/public/plugins/grafana-kowalski-app/463.js?_cache=1ed629a5641ef9c0de99:2:160861
    at Object.apply (https://plugins-cdn.grafana.net/grafana-kowalski-app/1.64.0/public/plugins/grafana-kowalski-app/463.js?_cache=1ed629a5641ef9c0de99:2:152759)
    at t.insert (https://plugins-cdn.grafana.net/grafana-irm-app/0.113.0/public/plugins/grafana-irm-app/vendor-13d7706362b7b61d07de.js:2:49401)
    at f (https://plugins-cdn.grafana.net/grafana-irm-app/0.113.0/public/plugins/grafana-irm-app/vendor-13d7706362b7b61d07de.js:2:57681)
    at Array.p (https://plugins-cdn.grafana.net/grafana-irm-app/0.113.0/public/plugins/grafana-irm-app/vendor-13d7706362b7b61d07de.js:2:57726)
    at m (https://plugins-cdn.grafana.net/grafana-irm-app/0.113.0/public/plugins/grafana-irm-app/vendor-13d7706362b7b61d07de.js:2:57815)
    at U (https://plugins-cdn.grafana.net/grafana-irm-app/0.113.0/public/plugins/grafana-irm-app/vendor-13d7706362b7b61d07de.js:2:51382)
    at Object.o [as insert] (https://plugins-cdn.grafana.net/grafana-irm-app/0.113.0/public/plugins/grafana-irm-app/vendor-13d7706362b7b61d07de.js:2:57864)
    at o (https://plugins-cdn.grafana.net/grafana-irm-app/0.113.0/public/plugins/grafana-irm-app/vendor-13d7706362b7b61d07de.js:2:62950)
    at n (https://plugins-cdn.grafana.net/grafana-irm-app/0.113.0/public/plugins/grafana-irm-app/vendor-13d7706362b7b61d07de.js:2:58335) @ https://plugins-cdn.grafana.net/grafana-kowalski-app/1.64.0/public/plugins/grafana-kowalski-app/463.js?_cache=1ed629a5641ef9c0de99:1
[    2874ms] [ERROR] Faro
 @grafana/faro-instrumentation-replay
 Error occurred during session replay SyntaxError: Failed to execute 'insertRule' on 'CSSStyleSheet': Failed to parse the rule '.inci-1c5615l-btn::-moz-focus-inner{border:0;padding:0;}'.
    at https://plugins-cdn.grafana.net/grafana-kowalski-app/1.64.0/public/plugins/grafana-kowalski-app/463.js?_cache=1ed629a5641ef9c0de99:2:160861
    at Object.apply (https://plugins-cdn.grafana.net/grafana-kowalski-app/1.64.0/public/plugins/grafana-kowalski-app/463.js?_cache=1ed629a5641ef9c0de99:2:152759)
    at t.insert (https://plugins-cdn.grafana.net/grafana-irm-app/0.113.0/public/plugins/grafana-irm-app/vendor-13d7706362b7b61d07de.js:2:49401)
    at f (https://plugins-cdn.grafana.net/grafana-irm-app/0.113.0/public/plugins/grafana-irm-app/vendor-13d7706362b7b61d07de.js:2:57681)
    at Array.p (https://plugins-cdn.grafana.net/grafana-irm-app/0.113.0/public/plugins/grafana-irm-app/vendor-13d7706362b7b61d07de.js:2:57726)
    at m (https://plugins-cdn.grafana.net/grafana-irm-app/0.113.0/public/plugins/grafana-irm-app/vendor-13d7706362b7b61d07de.js:2:57815)
    at U (https://plugins-cdn.grafana.net/grafana-irm-app/0.113.0/public/plugins/grafana-irm-app/vendor-13d7706362b7b61d07de.js:2:51382)
    at Object.o [as insert] (https://plugins-cdn.grafana.net/grafana-irm-app/0.113.0/public/plugins/grafana-irm-app/vendor-13d7706362b7b61d07de.js:2:57864)
    at o (https://plugins-cdn.grafana.net/grafana-irm-app/0.113.0/public/plugins/grafana-irm-app/vendor-13d7706362b7b61d07de.js:2:62950)
    at n (https://plugins-cdn.grafana.net/grafana-irm-app/0.113.0/public/plugins/grafana-irm-app/vendor-13d7706362b7b61d07de.js:2:58335) @ https://plugins-cdn.grafana.net/grafana-kowalski-app/1.64.0/public/plugins/grafana-kowalski-app/463.js?_cache=1ed629a5641ef9c0de99:1
[    2874ms] [ERROR] Faro
 @grafana/faro-instrumentation-replay
 Error occurred during session replay SyntaxError: Failed to execute 'insertRule' on 'CSSStyleSheet': Failed to parse the rule '.inci-zrn669-btn-menu-item::-moz-focus-inner{border:0;padding:0;}'.
    at https://plugins-cdn.grafana.net/grafana-kowalski-app/1.64.0/public/plugins/grafana-kowalski-app/463.js?_cache=1ed629a5641ef9c0de99:2:160861
    at Object.apply (https://plugins-cdn.grafana.net/grafana-kowalski-app/1.64.0/public/plugins/grafana-kowalski-app/463.js?_cache=1ed629a5641ef9c0de99:2:152759)
    at t.insert (https://plugins-cdn.grafana.net/grafana-irm-app/0.113.0/public/plugins/grafana-irm-app/vendor-13d7706362b7b61d07de.js:2:49401)
    at f (https://plugins-cdn.grafana.net/grafana-irm-app/0.113.0/public/plugins/grafana-irm-app/vendor-13d7706362b7b61d07de.js:2:57681)
    at Array.p (https://plugins-cdn.grafana.net/grafana-irm-app/0.113.0/public/plugins/grafana-irm-app/vendor-13d7706362b7b61d07de.js:2:57726)
    at m (https://plugins-cdn.grafana.net/grafana-irm-app/0.113.0/public/plugins/grafana-irm-app/vendor-13d7706362b7b61d07de.js:2:57815)
    at U (https://plugins-cdn.grafana.net/grafana-irm-app/0.113.0/public/plugins/grafana-irm-app/vendor-13d7706362b7b61d07de.js:2:51382)
    at Object.o [as insert] (https://plugins-cdn.grafana.net/grafana-irm-app/0.113.0/public/plugins/grafana-irm-app/vendor-13d7706362b7b61d07de.js:2:57864)
    at o (https://plugins-cdn.grafana.net/grafana-irm-app/0.113.0/public/plugins/grafana-irm-app/vendor-13d7706362b7b61d07de.js:2:62950)
    at n (https://plugins-cdn.grafana.net/grafana-irm-app/0.113.0/public/plugins/grafana-irm-app/vendor-13d7706362b7b61d07de.js:2:58335) @ https://plugins-cdn.grafana.net/grafana-kowalski-app/1.64.0/public/plugins/grafana-kowalski-app/463.js?_cache=1ed629a5641ef9c0de99:1
[    3144ms] [ERROR] Faro
 Attempted to create a new user action while one is already running. This is not possible. @ https://plugins-cdn.grafana.net/grafana-kowalski-app/1.64.0/public/plugins/grafana-kowalski-app/463.js?_cache=1ed629a5641ef9c0de99:1
[    3347ms] [ERROR] Faro
 Attempted to create a new user action while one is already running. This is not possible. @ https://plugins-cdn.grafana.net/grafana-kowalski-app/1.64.0/public/plugins/grafana-kowalski-app/463.js?_cache=1ed629a5641ef9c0de99:1
[    3351ms] [WARNING] SceneObject already has a parent set that is different from the new parent. You cannot share the same SceneObject instance in multiple scenes or in multiple different places of the same scene graph. Use SceneObject.clone() to duplicate a SceneObject or store a state key reference and use sceneGraph.findObject to locate it. u zv @ https://plugins-cdn.grafana.net/grafana-kowalski-app/1.64.0/public/plugins/grafana-kowalski-app/141.js?_cache=3493fae15aff159eec22:0
[    3351ms] [ERROR] Faro
 Attempted to create a new user action while one is already running. This is not possible. @ https://plugins-cdn.grafana.net/grafana-kowalski-app/1.64.0/public/plugins/grafana-kowalski-app/463.js?_cache=1ed629a5641ef9c0de99:1
[    3364ms] [ERROR] Faro
 Attempted to create a new user action while one is already running. This is not possible. @ https://plugins-cdn.grafana.net/grafana-kowalski-app/1.64.0/public/plugins/grafana-kowalski-app/463.js?_cache=1ed629a5641ef9c0de99:1
[    3372ms] [ERROR] Faro
 Attempted to create a new user action while one is already running. This is not possible. @ https://plugins-cdn.grafana.net/grafana-kowalski-app/1.64.0/public/plugins/grafana-kowalski-app/463.js?_cache=1ed629a5641ef9c0de99:1
[    3377ms] [ERROR] Faro
 Attempted to create a new user action while one is already running. This is not possible. @ https://plugins-cdn.grafana.net/grafana-kowalski-app/1.64.0/public/plugins/grafana-kowalski-app/463.js?_cache=1ed629a5641ef9c0de99:1
[    3385ms] [WARNING] SceneObject already has a parent set that is different from the new parent. You cannot share the same SceneObject instance in multiple scenes or in multiple different places of the same scene graph. Use SceneObject.clone() to duplicate a SceneObject or store a state key reference and use sceneGraph.findObject to locate it. u zv @ https://edge.fullstory.com/s/fs.js:1
[    3386ms] [ERROR] Faro
 Attempted to create a new user action while one is already running. This is not possible. @ https://plugins-cdn.grafana.net/grafana-kowalski-app/1.64.0/public/plugins/grafana-kowalski-app/463.js?_cache=1ed629a5641ef9c0de99:1
[    3390ms] [ERROR] Faro
 Attempted to create a new user action while one is already running. This is not possible. @ https://plugins-cdn.grafana.net/grafana-kowalski-app/1.64.0/public/plugins/grafana-kowalski-app/463.js?_cache=1ed629a5641ef9c0de99:1
[    3394ms] [ERROR] Faro
 Attempted to create a new user action while one is already running. This is not possible. @ https://plugins-cdn.grafana.net/grafana-kowalski-app/1.64.0/public/plugins/grafana-kowalski-app/463.js?_cache=1ed629a5641ef9c0de99:1
[    3397ms] [WARNING] SceneObject already has a parent set that is different from the new parent. You cannot share the same SceneObject instance in multiple scenes or in multiple different places of the same scene graph. Use SceneObject.clone() to duplicate a SceneObject or store a state key reference and use sceneGraph.findObject to locate it. u wN @ https://edge.fullstory.com/s/fs.js:1
[    3397ms] [WARNING] SceneObject already has a parent set that is different from the new parent. You cannot share the same SceneObject instance in multiple scenes or in multiple different places of the same scene graph. Use SceneObject.clone() to duplicate a SceneObject or store a state key reference and use sceneGraph.findObject to locate it. u gN @ https://edge.fullstory.com/s/fs.js:1
[   74968ms] [WARNING] SceneObject already has a parent set that is different from the new parent. You cannot share the same SceneObject instance in multiple scenes or in multiple different places of the same scene graph. Use SceneObject.clone() to duplicate a SceneObject or store a state key reference and use sceneGraph.findObject to locate it. u gN @ https://edge.fullstory.com/s/fs.js:1
[   74969ms] [WARNING] SceneObject already has a parent set that is different from the new parent. You cannot share the same SceneObject instance in multiple scenes or in multiple different places of the same scene graph. Use SceneObject.clone() to duplicate a SceneObject or store a state key reference and use sceneGraph.findObject to locate it. u gN @ https://edge.fullstory.com/s/fs.js:1
[ 2280705ms] [ERROR] WebSocket connection to 'wss://deveadf53.grafana.net/api/live/ws' failed: Error in connection establishment: net::ERR_INTERNET_DISCONNECTED @ https://grafana-assets.grafana.net/grafana/13.2.0-30402795349/public/build/8021-react19.98b0598537b074241f06.js:291
[ 2281280ms] [ERROR] Failed to load resource: net::ERR_INTERNET_DISCONNECTED @ https://deveadf53.grafana.net/api/login/ping:0
[ 2282798ms] [ERROR] Failed to load resource: net::ERR_INTERNET_DISCONNECTED @ https://rs.fullstory.com/rec/bundle/v2?OrgId=o-1CN5TD-na1&UserId=410a4cd9-52c5-4d49-bd6c-8534fa18d9f4&SessionId=d9ab5c6e-a2aa-4a4e-a44f-7d78210e89eb&PageId=49d7b148-026f-473d-8a89-722876af87c4&Seq=10&ClientTime=1785527952266&CompiledVersion=9bbbb374ae53b05bf846c25ac5292f2621b8322e&PageStart=1785525674645&PrevBundleTime=1785526804919&SkipResponseBody=true:0
[ 2282804ms] [ERROR] Failed to load resource: net::ERR_INTERNET_DISCONNECTED @ https://rs.fullstory.com/rec/bundle/v2?OrgId=o-1CN5TD-na1&UserId=410a4cd9-52c5-4d49-bd6c-8534fa18d9f4&SessionId=d9ab5c6e-a2aa-4a4e-a44f-7d78210e89eb&PageId=49d7b148-026f-473d-8a89-722876af87c4&Seq=10&ClientTime=1785527952488&CompiledVersion=9bbbb374ae53b05bf846c25ac5292f2621b8322e&PageStart=1785525674645&PrevBundleTime=1785526804919&LastActivity=2176814&ContentEncoding=gzip:0
[ 2282958ms] [ERROR] Failed to load resource: net::ERR_INTERNET_DISCONNECTED @ https://faro-collector-ops-eu-south-0.grafana-ops.net/collect/2aaaae17b963ac219cd6e23a4850f00e:0
[ 2282965ms] [ERROR] Failed to load resource: net::ERR_INTERNET_DISCONNECTED @ https://faro-collector-ops-eu-south-0.grafana-ops.net/collect/2aaaae17b963ac219cd6e23a4850f00e:0
[ 2282977ms] [ERROR] WebSocket connection to 'wss://deveadf53.grafana.net/api/live/ws' failed: Error in connection establishment: net::ERR_INTERNET_DISCONNECTED @ https://grafana-assets.grafana.net/grafana/13.2.0-30402795349/public/build/8021-react19.98b0598537b074241f06.js:291
[ 2283002ms] [ERROR] Failed to load resource: net::ERR_INTERNET_DISCONNECTED @ https://faro-collector-ops-eu-south-0.grafana-ops.net/collect/2aaaae17b963ac219cd6e23a4850f00e:0
[ 2283004ms] [ERROR] Faro
 @grafana/faro-web-sdk:transport-fetch
 Failed sending payload to the receiver
 {meta: Object, events: Array(1)} TypeError: Failed to fetch
    at https://grafana-assets.grafana.net/grafana/13.2.0-30402795349/public/build/51849-react19.65c79a8b63097dcd175d.js:177:54112
    at window.fetch (https://plugins-cdn.grafana.net/grafana-kowalski-app/1.64.0/public/plugins/grafana-kowalski-app/463.js?_cache=1ed629a5641ef9c0de99:2:206687)
    at https://plugins-cdn.grafana.net/grafana-kowalski-app/1.64.0/public/plugins/grafana-kowalski-app/463.js?_cache=1ed629a5641ef9c0de99:2:336969
    at o.<computed>.o.<computed> (https://rsi.grafana.com/v1.1/js-integrations/Fullstory.min.js:1:5852)
    at Mr.<anonymous> (https://plugins-cdn.grafana.net/grafana-kowalski-app/1.64.0/public/plugins/grafana-kowalski-app/463.js?_cache=1ed629a5641ef9c0de99:2:268817)
    at Generator.throw (<anonymous>)
    at a (https://plugins-cdn.grafana.net/grafana-kowalski-app/1.64.0/public/plugins/grafana-kowalski-app/463.js?_cache=1ed629a5641ef9c0de99:2:264709) @ https://plugins-cdn.grafana.net/grafana-kowalski-app/1.64.0/public/plugins/grafana-kowalski-app/463.js?_cache=1ed629a5641ef9c0de99:1
[ 2283009ms] [ERROR] Failed to load resource: net::ERR_INTERNET_DISCONNECTED @ https://grafana-assets.grafana.net/grafana/13.2.0-30402795349/public/build/img/icons/unicons/exclamation-circle.svg:0
[ 2283010ms] [ERROR] Failed to load resource: net::ERR_INTERNET_DISCONNECTED @ https://faro-collector-ops-eu-south-0.grafana-ops.net/collect/2aaaae17b963ac219cd6e23a4850f00e:0
[ 2283010ms] [ERROR] Faro
 @grafana/faro-web-sdk:transport-fetch
 Failed sending payload to the receiver
 {meta: Object, events: Array(25)} TypeError: Failed to fetch
    at https://grafana-assets.grafana.net/grafana/13.2.0-30402795349/public/build/51849-react19.65c79a8b63097dcd175d.js:177:54112
    at window.fetch (https://plugins-cdn.grafana.net/grafana-kowalski-app/1.64.0/public/plugins/grafana-kowalski-app/463.js?_cache=1ed629a5641ef9c0de99:2:206687)
    at https://plugins-cdn.grafana.net/grafana-kowalski-app/1.64.0/public/plugins/grafana-kowalski-app/463.js?_cache=1ed629a5641ef9c0de99:2:336969
    at o.<computed>.o.<computed> (https://rsi.grafana.com/v1.1/js-integrations/Fullstory.min.js:1:5852)
    at Mr.<anonymous> (https://plugins-cdn.grafana.net/grafana-kowalski-app/1.64.0/public/plugins/grafana-kowalski-app/463.js?_cache=1ed629a5641ef9c0de99:2:268817)
    at Generator.throw (<anonymous>)
    at a (https://plugins-cdn.grafana.net/grafana-kowalski-app/1.64.0/public/plugins/grafana-kowalski-app/463.js?_cache=1ed629a5641ef9c0de99:2:264709) @ https://plugins-cdn.grafana.net/grafana-kowalski-app/1.64.0/public/plugins/grafana-kowalski-app/463.js?_cache=1ed629a5641ef9c0de99:1
[ 2283010ms] [ERROR] Failed to load resource: net::ERR_INTERNET_DISCONNECTED @ https://faro-collector-ops-eu-south-0.grafana-ops.net/collect/bc03dd0f2a088059ae67a23bc296a26d:0
[ 2283022ms] [ERROR] Failed to load resource: net::ERR_INTERNET_DISCONNECTED @ https://faro-collector-ops-eu-south-0.grafana-ops.net/collect/2aaaae17b963ac219cd6e23a4850f00e:0
[ 2283022ms] [ERROR] Failed to load resource: net::ERR_INTERNET_DISCONNECTED @ https://faro-collector-ops-eu-south-0.grafana-ops.net/collect/bc03dd0f2a088059ae67a23bc296a26d:0
[ 2283030ms] [ERROR] Failed to load resource: net::ERR_INTERNET_DISCONNECTED @ https://faro-collector-ops-eu-south-0.grafana-ops.net/collect/2aaaae17b963ac219cd6e23a4850f00e:0
[ 2283030ms] [ERROR] Faro
 @grafana/faro-web-sdk:transport-fetch
 Failed sending payload to the receiver
 {meta: Object, events: Array(1)} TypeError: Failed to fetch
    at https://grafana-assets.grafana.net/grafana/13.2.0-30402795349/public/build/51849-react19.65c79a8b63097dcd175d.js:177:54112
    at window.fetch (https://plugins-cdn.grafana.net/grafana-kowalski-app/1.64.0/public/plugins/grafana-kowalski-app/463.js?_cache=1ed629a5641ef9c0de99:2:206687)
    at https://plugins-cdn.grafana.net/grafana-kowalski-app/1.64.0/public/plugins/grafana-kowalski-app/463.js?_cache=1ed629a5641ef9c0de99:2:336969
    at o.<computed>.o.<computed> (https://rsi.grafana.com/v1.1/js-integrations/Fullstory.min.js:1:5852)
    at Mr.<anonymous> (https://plugins-cdn.grafana.net/grafana-kowalski-app/1.64.0/public/plugins/grafana-kowalski-app/463.js?_cache=1ed629a5641ef9c0de99:2:268817)
    at Generator.throw (<anonymous>)
    at a (https://plugins-cdn.grafana.net/grafana-kowalski-app/1.64.0/public/plugins/grafana-kowalski-app/463.js?_cache=1ed629a5641ef9c0de99:2:264709) @ https://plugins-cdn.grafana.net/grafana-kowalski-app/1.64.0/public/plugins/grafana-kowalski-app/463.js?_cache=1ed629a5641ef9c0de99:1
[ 2283938ms] [ERROR] WebSocket connection to 'wss://deveadf53.grafana.net/api/live/ws' failed: Error in connection establishment: net::ERR_INTERNET_DISCONNECTED @ https://grafana-assets.grafana.net/grafana/13.2.0-30402795349/public/build/8021-react19.98b0598537b074241f06.js:291
[ 2892052ms] [ERROR] Failed to load resource: net::ERR_INTERNET_DISCONNECTED @ https://faro-collector-ops-eu-south-0.grafana-ops.net/collect/bc03dd0f2a088059ae67a23bc296a26d:0
[ 2892065ms] [ERROR] Failed to load resource: net::ERR_INTERNET_DISCONNECTED @ https://faro-collector-ops-eu-south-0.grafana-ops.net/collect/bc03dd0f2a088059ae67a23bc296a26d:0
[ 2894227ms] [ERROR] WebSocket connection to 'wss://deveadf53.grafana.net/api/live/ws' failed: Error in connection establishment: net::ERR_INTERNET_DISCONNECTED @ https://grafana-assets.grafana.net/grafana/13.2.0-30402795349/public/build/8021-react19.98b0598537b074241f06.js:291
[ 2894318ms] [ERROR] Failed to load resource: net::ERR_INTERNET_DISCONNECTED @ https://deveadf53.grafana.net/api/login/ping:0
[ 2894419ms] [ERROR] Failed to load resource: net::ERR_INTERNET_DISCONNECTED @ https://faro-collector-ops-eu-south-0.grafana-ops.net/collect/2aaaae17b963ac219cd6e23a4850f00e:0
[ 2894422ms] [ERROR] Failed to load resource: net::ERR_INTERNET_DISCONNECTED @ https://faro-collector-ops-eu-south-0.grafana-ops.net/collect/2aaaae17b963ac219cd6e23a4850f00e:0
[ 2894423ms] [ERROR] Faro
 @grafana/faro-web-sdk:transport-fetch
 Failed sending payload to the receiver
 {meta: Object, events: Array(1)} TypeError: Failed to fetch
    at https://grafana-assets.grafana.net/grafana/13.2.0-30402795349/public/build/51849-react19.65c79a8b63097dcd175d.js:177:54112
    at window.fetch (https://plugins-cdn.grafana.net/grafana-kowalski-app/1.64.0/public/plugins/grafana-kowalski-app/463.js?_cache=1ed629a5641ef9c0de99:2:206687)
    at https://plugins-cdn.grafana.net/grafana-kowalski-app/1.64.0/public/plugins/grafana-kowalski-app/463.js?_cache=1ed629a5641ef9c0de99:2:336969
    at o.<computed>.o.<computed> (https://rsi.grafana.com/v1.1/js-integrations/Fullstory.min.js:1:5852)
    at Mr.<anonymous> (https://plugins-cdn.grafana.net/grafana-kowalski-app/1.64.0/public/plugins/grafana-kowalski-app/463.js?_cache=1ed629a5641ef9c0de99:2:268817)
    at Generator.throw (<anonymous>)
    at a (https://plugins-cdn.grafana.net/grafana-kowalski-app/1.64.0/public/plugins/grafana-kowalski-app/463.js?_cache=1ed629a5641ef9c0de99:2:264709) @ https://plugins-cdn.grafana.net/grafana-kowalski-app/1.64.0/public/plugins/grafana-kowalski-app/463.js?_cache=1ed629a5641ef9c0de99:1
[ 2896077ms] [ERROR] Failed to load resource: net::ERR_INTERNET_DISCONNECTED @ https://faro-collector-ops-eu-south-0.grafana-ops.net/collect/bc03dd0f2a088059ae67a23bc296a26d:0
[ 2896133ms] [ERROR] Failed to load resource: net::ERR_INTERNET_DISCONNECTED @ https://faro-collector-ops-eu-south-0.grafana-ops.net/collect/bc03dd0f2a088059ae67a23bc296a26d:0
[ 2896433ms] [ERROR] WebSocket connection to 'wss://deveadf53.grafana.net/api/live/ws' failed: Error in connection establishment: net::ERR_INTERNET_DISCONNECTED @ https://grafana-assets.grafana.net/grafana/13.2.0-30402795349/public/build/8021-react19.98b0598537b074241f06.js:291
[ 2897782ms] [ERROR] Failed to load resource: net::ERR_INTERNET_DISCONNECTED @ https://faro-collector-ops-eu-south-0.grafana-ops.net/collect/2aaaae17b963ac219cd6e23a4850f00e:0
[ 2897817ms] [ERROR] Faro
 @grafana/faro-web-sdk:transport-fetch
 Failed sending payload to the receiver
 {meta: Object, events: Array(3)} TypeError: Failed to fetch
    at https://grafana-assets.grafana.net/grafana/13.2.0-30402795349/public/build/51849-react19.65c79a8b63097dcd175d.js:177:54112
    at window.fetch (https://plugins-cdn.grafana.net/grafana-kowalski-app/1.64.0/public/plugins/grafana-kowalski-app/463.js?_cache=1ed629a5641ef9c0de99:2:206687)
    at https://plugins-cdn.grafana.net/grafana-kowalski-app/1.64.0/public/plugins/grafana-kowalski-app/463.js?_cache=1ed629a5641ef9c0de99:2:336969
    at o.<computed>.o.<computed> (https://rsi.grafana.com/v1.1/js-integrations/Fullstory.min.js:1:5852)
    at Mr.<anonymous> (https://plugins-cdn.grafana.net/grafana-kowalski-app/1.64.0/public/plugins/grafana-kowalski-app/463.js?_cache=1ed629a5641ef9c0de99:2:268575)
    at Generator.next (<anonymous>)
    at https://plugins-cdn.grafana.net/grafana-kowalski-app/1.64.0/public/plugins/grafana-kowalski-app/463.js?_cache=1ed629a5641ef9c0de99:2:264856
    at new Promise (<anonymous>)
    at Tr (https://plugins-cdn.grafana.net/grafana-kowalski-app/1.64.0/public/plugins/grafana-kowalski-app/463.js?_cache=1ed629a5641ef9c0de99:2:264601)
    at Mr.fetchWithKeepaliveRetry (https://plugins-cdn.grafana.net/grafana-kowalski-app/1.64.0/public/plugins/grafana-kowalski-app/463.js?_cache=1ed629a5641ef9c0de99:2:268487) @ https://plugins-cdn.grafana.net/grafana-kowalski-app/1.64.0/public/plugins/grafana-kowalski-app/463.js?_cache=1ed629a5641ef9c0de99:1
[ 2911467ms] [ERROR] WebSocket connection to 'wss://deveadf53.grafana.net/api/live/ws' failed: Error in connection establishment: net::ERR_INTERNET_DISCONNECTED @ https://grafana-assets.grafana.net/grafana/13.2.0-30402795349/public/build/8021-react19.98b0598537b074241f06.js:291
[ 2911578ms] [ERROR] Failed to load resource: net::ERR_INTERNET_DISCONNECTED @ https://deveadf53.grafana.net/api/login/ping:0
[ 2911918ms] [ERROR] Failed to load resource: net::ERR_INTERNET_DISCONNECTED @ https://faro-collector-ops-eu-south-0.grafana-ops.net/collect/2aaaae17b963ac219cd6e23a4850f00e:0
[ 2911926ms] [ERROR] Failed to load resource: net::ERR_INTERNET_DISCONNECTED @ https://grafana-assets.grafana.net/grafana/13.2.0-30402795349/public/build/img/icons/unicons/exclamation-circle.svg:0
[ 2911937ms] [ERROR] Failed to load resource: net::ERR_INTERNET_DISCONNECTED @ https://faro-collector-ops-eu-south-0.grafana-ops.net/collect/2aaaae17b963ac219cd6e23a4850f00e:0
[ 2911943ms] [ERROR] Faro
 @grafana/faro-web-sdk:transport-fetch
 Failed sending payload to the receiver
 {meta: Object, events: Array(2)} TypeError: Failed to fetch
    at https://grafana-assets.grafana.net/grafana/13.2.0-30402795349/public/build/51849-react19.65c79a8b63097dcd175d.js:177:54112
    at window.fetch (https://plugins-cdn.grafana.net/grafana-kowalski-app/1.64.0/public/plugins/grafana-kowalski-app/463.js?_cache=1ed629a5641ef9c0de99:2:206687)
    at https://plugins-cdn.grafana.net/grafana-kowalski-app/1.64.0/public/plugins/grafana-kowalski-app/463.js?_cache=1ed629a5641ef9c0de99:2:336969
    at o.<computed>.o.<computed> (https://rsi.grafana.com/v1.1/js-integrations/Fullstory.min.js:1:5852)
    at Mr.<anonymous> (https://plugins-cdn.grafana.net/grafana-kowalski-app/1.64.0/public/plugins/grafana-kowalski-app/463.js?_cache=1ed629a5641ef9c0de99:2:268817)
    at Generator.throw (<anonymous>)
    at a (https://plugins-cdn.grafana.net/grafana-kowalski-app/1.64.0/public/plugins/grafana-kowalski-app/463.js?_cache=1ed629a5641ef9c0de99:2:264709) @ https://plugins-cdn.grafana.net/grafana-kowalski-app/1.64.0/public/plugins/grafana-kowalski-app/463.js?_cache=1ed629a5641ef9c0de99:1
[ 2912041ms] [ERROR] Failed to load resource: net::ERR_INTERNET_DISCONNECTED @ https://faro-collector-ops-eu-south-0.grafana-ops.net/collect/bc03dd0f2a088059ae67a23bc296a26d:0
[ 2912047ms] [ERROR] Failed to load resource: net::ERR_INTERNET_DISCONNECTED @ https://faro-collector-ops-eu-south-0.grafana-ops.net/collect/bc03dd0f2a088059ae67a23bc296a26d:0
[ 2912176ms] [ERROR] Failed to load resource: net::ERR_INTERNET_DISCONNECTED @ https://faro-collector-ops-eu-south-0.grafana-ops.net/collect/2aaaae17b963ac219cd6e23a4850f00e:0
[ 2912178ms] [ERROR] Failed to load resource: net::ERR_INTERNET_DISCONNECTED @ https://faro-collector-ops-eu-south-0.grafana-ops.net/collect/2aaaae17b963ac219cd6e23a4850f00e:0
[ 2912178ms] [ERROR] Faro
 @grafana/faro-web-sdk:transport-fetch
 Failed sending payload to the receiver
 {meta: Object, events: Array(1)} TypeError: Failed to fetch
    at https://grafana-assets.grafana.net/grafana/13.2.0-30402795349/public/build/51849-react19.65c79a8b63097dcd175d.js:177:54112
    at window.fetch (https://plugins-cdn.grafana.net/grafana-kowalski-app/1.64.0/public/plugins/grafana-kowalski-app/463.js?_cache=1ed629a5641ef9c0de99:2:206687)
    at https://plugins-cdn.grafana.net/grafana-kowalski-app/1.64.0/public/plugins/grafana-kowalski-app/463.js?_cache=1ed629a5641ef9c0de99:2:336969
    at o.<computed>.o.<computed> (https://rsi.grafana.com/v1.1/js-integrations/Fullstory.min.js:1:5852)
    at Mr.<anonymous> (https://plugins-cdn.grafana.net/grafana-kowalski-app/1.64.0/public/plugins/grafana-kowalski-app/463.js?_cache=1ed629a5641ef9c0de99:2:268817)
    at Generator.throw (<anonymous>)
    at a (https://plugins-cdn.grafana.net/grafana-kowalski-app/1.64.0/public/plugins/grafana-kowalski-app/463.js?_cache=1ed629a5641ef9c0de99:2:264709) @ https://plugins-cdn.grafana.net/grafana-kowalski-app/1.64.0/public/plugins/grafana-kowalski-app/463.js?_cache=1ed629a5641ef9c0de99:1
[ 3965933ms] [ERROR] Failed to load resource: net::ERR_INTERNET_DISCONNECTED @ https://faro-collector-ops-eu-south-0.grafana-ops.net/collect/bc03dd0f2a088059ae67a23bc296a26d:0
[ 3965936ms] [ERROR] Failed to load resource: net::ERR_INTERNET_DISCONNECTED @ https://faro-collector-ops-eu-south-0.grafana-ops.net/collect/bc03dd0f2a088059ae67a23bc296a26d:0
[ 3965939ms] [ERROR] Failed to load resource: net::ERR_INTERNET_DISCONNECTED @ https://faro-collector-ops-eu-south-0.grafana-ops.net/collect/bc03dd0f2a088059ae67a23bc296a26d:0
[ 3965939ms] [ERROR] Failed to load resource: net::ERR_INTERNET_DISCONNECTED @ https://faro-collector-ops-eu-south-0.grafana-ops.net/collect/bc03dd0f2a088059ae67a23bc296a26d:0
[ 3967587ms] [ERROR] WebSocket connection to 'wss://deveadf53.grafana.net/api/live/ws' failed: Error in connection establishment: net::ERR_INTERNET_DISCONNECTED @ https://grafana-assets.grafana.net/grafana/13.2.0-30402795349/public/build/8021-react19.98b0598537b074241f06.js:291
[ 3967602ms] [ERROR] Failed to load resource: net::ERR_INTERNET_DISCONNECTED @ https://deveadf53.grafana.net/api/login/ping:0
[ 3967918ms] [ERROR] Failed to load resource: net::ERR_INTERNET_DISCONNECTED @ https://faro-collector-ops-eu-south-0.grafana-ops.net/collect/2aaaae17b963ac219cd6e23a4850f00e:0
[ 3967919ms] [ERROR] Failed to load resource: net::ERR_INTERNET_DISCONNECTED @ https://faro-collector-ops-eu-south-0.grafana-ops.net/collect/bc03dd0f2a088059ae67a23bc296a26d:0
[ 3967921ms] [ERROR] Failed to load resource: net::ERR_INTERNET_DISCONNECTED @ https://faro-collector-ops-eu-south-0.grafana-ops.net/collect/bc03dd0f2a088059ae67a23bc296a26d:0
[ 3967921ms] [ERROR] Failed to load resource: net::ERR_INTERNET_DISCONNECTED @ https://faro-collector-ops-eu-south-0.grafana-ops.net/collect/2aaaae17b963ac219cd6e23a4850f00e:0
[ 3967921ms] [ERROR] Faro
 @grafana/faro-web-sdk:transport-fetch
 Failed sending payload to the receiver
 {meta: Object, events: Array(1)} TypeError: Failed to fetch
    at https://grafana-assets.grafana.net/grafana/13.2.0-30402795349/public/build/51849-react19.65c79a8b63097dcd175d.js:177:54112
    at window.fetch (https://plugins-cdn.grafana.net/grafana-kowalski-app/1.64.0/public/plugins/grafana-kowalski-app/463.js?_cache=1ed629a5641ef9c0de99:2:206687)
    at https://plugins-cdn.grafana.net/grafana-kowalski-app/1.64.0/public/plugins/grafana-kowalski-app/463.js?_cache=1ed629a5641ef9c0de99:2:336969
    at o.<computed>.o.<computed> (https://rsi.grafana.com/v1.1/js-integrations/Fullstory.min.js:1:5852)
    at Mr.<anonymous> (https://plugins-cdn.grafana.net/grafana-kowalski-app/1.64.0/public/plugins/grafana-kowalski-app/463.js?_cache=1ed629a5641ef9c0de99:2:268817)
    at Generator.throw (<anonymous>)
    at a (https://plugins-cdn.grafana.net/grafana-kowalski-app/1.64.0/public/plugins/grafana-kowalski-app/463.js?_cache=1ed629a5641ef9c0de99:2:264709) @ https://plugins-cdn.grafana.net/grafana-kowalski-app/1.64.0/public/plugins/grafana-kowalski-app/463.js?_cache=1ed629a5641ef9c0de99:1
[ 3968756ms] [ERROR] WebSocket connection to 'wss://deveadf53.grafana.net/api/live/ws' failed: Error in connection establishment: net::ERR_INTERNET_DISCONNECTED @ https://grafana-assets.grafana.net/grafana/13.2.0-30402795349/public/build/8021-react19.98b0598537b074241f06.js:291
[ 3969910ms] [ERROR] Failed to load resource: net::ERR_INTERNET_DISCONNECTED @ https://faro-collector-ops-eu-south-0.grafana-ops.net/collect/bc03dd0f2a088059ae67a23bc296a26d:0
[ 3969915ms] [ERROR] Failed to load resource: net::ERR_INTERNET_DISCONNECTED @ https://faro-collector-ops-eu-south-0.grafana-ops.net/collect/bc03dd0f2a088059ae67a23bc296a26d:0
[ 4906131ms] [ERROR] Failed to load resource: net::ERR_INTERNET_DISCONNECTED @ https://faro-collector-ops-eu-south-0.grafana-ops.net/collect/2aaaae17b963ac219cd6e23a4850f00e:0
[ 4906355ms] [ERROR] Faro
 @grafana/faro-web-sdk:transport-fetch
 Failed sending payload to the receiver
 {meta: Object, events: Array(3)} TypeError: Failed to fetch
    at https://grafana-assets.grafana.net/grafana/13.2.0-30402795349/public/build/51849-react19.65c79a8b63097dcd175d.js:177:54112
    at window.fetch (https://plugins-cdn.grafana.net/grafana-kowalski-app/1.64.0/public/plugins/grafana-kowalski-app/463.js?_cache=1ed629a5641ef9c0de99:2:206687)
    at https://plugins-cdn.grafana.net/grafana-kowalski-app/1.64.0/public/plugins/grafana-kowalski-app/463.js?_cache=1ed629a5641ef9c0de99:2:336969
    at o.<computed>.o.<computed> (https://rsi.grafana.com/v1.1/js-integrations/Fullstory.min.js:1:5852)
    at Mr.<anonymous> (https://plugins-cdn.grafana.net/grafana-kowalski-app/1.64.0/public/plugins/grafana-kowalski-app/463.js?_cache=1ed629a5641ef9c0de99:2:268575)
    at Generator.next (<anonymous>)
    at https://plugins-cdn.grafana.net/grafana-kowalski-app/1.64.0/public/plugins/grafana-kowalski-app/463.js?_cache=1ed629a5641ef9c0de99:2:264856
    at new Promise (<anonymous>)
    at Tr (https://plugins-cdn.grafana.net/grafana-kowalski-app/1.64.0/public/plugins/grafana-kowalski-app/463.js?_cache=1ed629a5641ef9c0de99:2:264601)
    at Mr.fetchWithKeepaliveRetry (https://plugins-cdn.grafana.net/grafana-kowalski-app/1.64.0/public/plugins/grafana-kowalski-app/463.js?_cache=1ed629a5641ef9c0de99:2:268487) @ https://plugins-cdn.grafana.net/grafana-kowalski-app/1.64.0/public/plugins/grafana-kowalski-app/463.js?_cache=1ed629a5641ef9c0de99:1
[ 5978224ms] [ERROR] WebSocket connection to 'wss://deveadf53.grafana.net/api/live/ws' failed: Error in connection establishment: net::ERR_INTERNET_DISCONNECTED @ https://grafana-assets.grafana.net/grafana/13.2.0-30402795349/public/build/8021-react19.98b0598537b074241f06.js:291
[ 5978722ms] [ERROR] Failed to load resource: net::ERR_INTERNET_DISCONNECTED @ https://deveadf53.grafana.net/api/login/ping:0
[ 5980003ms] [ERROR] Failed to load resource: net::ERR_INTERNET_DISCONNECTED @ https://faro-collector-ops-eu-south-0.grafana-ops.net/collect/2aaaae17b963ac219cd6e23a4850f00e:0
[ 5980016ms] [ERROR] Faro
 @grafana/faro-web-sdk:transport-fetch
 Failed sending payload to the receiver
 {meta: Object, events: Array(4)} TypeError: Failed to fetch
    at https://grafana-assets.grafana.net/grafana/13.2.0-30402795349/public/build/51849-react19.65c79a8b63097dcd175d.js:177:54112
    at window.fetch (https://plugins-cdn.grafana.net/grafana-kowalski-app/1.64.0/public/plugins/grafana-kowalski-app/463.js?_cache=1ed629a5641ef9c0de99:2:206687)
    at https://plugins-cdn.grafana.net/grafana-kowalski-app/1.64.0/public/plugins/grafana-kowalski-app/463.js?_cache=1ed629a5641ef9c0de99:2:336969
    at o.<computed>.o.<computed> (https://rsi.grafana.com/v1.1/js-integrations/Fullstory.min.js:1:5852)
    at Mr.<anonymous> (https://plugins-cdn.grafana.net/grafana-kowalski-app/1.64.0/public/plugins/grafana-kowalski-app/463.js?_cache=1ed629a5641ef9c0de99:2:268575)
    at Generator.next (<anonymous>)
    at https://plugins-cdn.grafana.net/grafana-kowalski-app/1.64.0/public/plugins/grafana-kowalski-app/463.js?_cache=1ed629a5641ef9c0de99:2:264856
    at new Promise (<anonymous>)
    at Tr (https://plugins-cdn.grafana.net/grafana-kowalski-app/1.64.0/public/plugins/grafana-kowalski-app/463.js?_cache=1ed629a5641ef9c0de99:2:264601)
    at Mr.fetchWithKeepaliveRetry (https://plugins-cdn.grafana.net/grafana-kowalski-app/1.64.0/public/plugins/grafana-kowalski-app/463.js?_cache=1ed629a5641ef9c0de99:2:268487) @ https://plugins-cdn.grafana.net/grafana-kowalski-app/1.64.0/public/plugins/grafana-kowalski-app/463.js?_cache=1ed629a5641ef9c0de99:1
[ 5980017ms] [ERROR] Failed to load resource: net::ERR_INTERNET_DISCONNECTED @ https://grafana-assets.grafana.net/grafana/13.2.0-30402795349/public/build/img/icons/unicons/exclamation-circle.svg:0
[ 5980018ms] [ERROR] Failed to load resource: net::ERR_INTERNET_DISCONNECTED @ https://faro-collector-ops-eu-south-0.grafana-ops.net/collect/bc03dd0f2a088059ae67a23bc296a26d:0
[ 5980034ms] [ERROR] Failed to load resource: net::ERR_INTERNET_DISCONNECTED @ https://faro-collector-ops-eu-south-0.grafana-ops.net/collect/bc03dd0f2a088059ae67a23bc296a26d:0
[ 5980158ms] [ERROR] Failed to load resource: net::ERR_INTERNET_DISCONNECTED @ https://faro-collector-ops-eu-south-0.grafana-ops.net/collect/2aaaae17b963ac219cd6e23a4850f00e:0
[ 5980161ms] [ERROR] Failed to load resource: net::ERR_INTERNET_DISCONNECTED @ https://faro-collector-ops-eu-south-0.grafana-ops.net/collect/2aaaae17b963ac219cd6e23a4850f00e:0
[ 5980161ms] [ERROR] Faro
 @grafana/faro-web-sdk:transport-fetch
 Failed sending payload to the receiver
 {meta: Object, events: Array(1)} TypeError: Failed to fetch
    at https://grafana-assets.grafana.net/grafana/13.2.0-30402795349/public/build/51849-react19.65c79a8b63097dcd175d.js:177:54112
    at window.fetch (https://plugins-cdn.grafana.net/grafana-kowalski-app/1.64.0/public/plugins/grafana-kowalski-app/463.js?_cache=1ed629a5641ef9c0de99:2:206687)
    at https://plugins-cdn.grafana.net/grafana-kowalski-app/1.64.0/public/plugins/grafana-kowalski-app/463.js?_cache=1ed629a5641ef9c0de99:2:336969
    at o.<computed>.o.<computed> (https://rsi.grafana.com/v1.1/js-integrations/Fullstory.min.js:1:5852)
    at Mr.<anonymous> (https://plugins-cdn.grafana.net/grafana-kowalski-app/1.64.0/public/plugins/grafana-kowalski-app/463.js?_cache=1ed629a5641ef9c0de99:2:268817)
    at Generator.throw (<anonymous>)
    at a (https://plugins-cdn.grafana.net/grafana-kowalski-app/1.64.0/public/plugins/grafana-kowalski-app/463.js?_cache=1ed629a5641ef9c0de99:2:264709) @ https://plugins-cdn.grafana.net/grafana-kowalski-app/1.64.0/public/plugins/grafana-kowalski-app/463.js?_cache=1ed629a5641ef9c0de99:1
[ 5981512ms] [ERROR] Failed to load resource: net::ERR_INTERNET_DISCONNECTED @ https://faro-collector-ops-eu-south-0.grafana-ops.net/collect/bc03dd0f2a088059ae67a23bc296a26d:0
[ 5981513ms] [ERROR] Failed to load resource: net::ERR_INTERNET_DISCONNECTED @ https://faro-collector-ops-eu-south-0.grafana-ops.net/collect/bc03dd0f2a088059ae67a23bc296a26d:0
[ 5981589ms] [ERROR] WebSocket connection to 'wss://deveadf53.grafana.net/api/live/ws' failed: Error in connection establishment: net::ERR_INTERNET_DISCONNECTED @ https://grafana-assets.grafana.net/grafana/13.2.0-30402795349/public/build/8021-react19.98b0598537b074241f06.js:291
[ 6828175ms] [ERROR] Failed to load resource: net::ERR_INTERNET_DISCONNECTED @ https://faro-collector-ops-eu-south-0.grafana-ops.net/collect/2aaaae17b963ac219cd6e23a4850f00e:0
[ 6828176ms] [ERROR] Faro
 @grafana/faro-web-sdk:transport-fetch
 Failed sending payload to the receiver
 {meta: Object, events: Array(3)} TypeError: Failed to fetch
    at https://grafana-assets.grafana.net/grafana/13.2.0-30402795349/public/build/51849-react19.65c79a8b63097dcd175d.js:177:54112
    at window.fetch (https://plugins-cdn.grafana.net/grafana-kowalski-app/1.64.0/public/plugins/grafana-kowalski-app/463.js?_cache=1ed629a5641ef9c0de99:2:206687)
    at https://plugins-cdn.grafana.net/grafana-kowalski-app/1.64.0/public/plugins/grafana-kowalski-app/463.js?_cache=1ed629a5641ef9c0de99:2:336969
    at o.<computed>.o.<computed> (https://rsi.grafana.com/v1.1/js-integrations/Fullstory.min.js:1:5852)
    at Mr.<anonymous> (https://plugins-cdn.grafana.net/grafana-kowalski-app/1.64.0/public/plugins/grafana-kowalski-app/463.js?_cache=1ed629a5641ef9c0de99:2:268575)
    at Generator.next (<anonymous>)
    at https://plugins-cdn.grafana.net/grafana-kowalski-app/1.64.0/public/plugins/grafana-kowalski-app/463.js?_cache=1ed629a5641ef9c0de99:2:264856
    at new Promise (<anonymous>)
    at Tr (https://plugins-cdn.grafana.net/grafana-kowalski-app/1.64.0/public/plugins/grafana-kowalski-app/463.js?_cache=1ed629a5641ef9c0de99:2:264601)
    at Mr.fetchWithKeepaliveRetry (https://plugins-cdn.grafana.net/grafana-kowalski-app/1.64.0/public/plugins/grafana-kowalski-app/463.js?_cache=1ed629a5641ef9c0de99:2:268487) @ https://plugins-cdn.grafana.net/grafana-kowalski-app/1.64.0/public/plugins/grafana-kowalski-app/463.js?_cache=1ed629a5641ef9c0de99:1
[ 6832253ms] [ERROR] WebSocket connection to 'wss://deveadf53.grafana.net/api/live/ws' failed: HTTP Authentication failed; no valid credentials available @ https://grafana-assets.grafana.net/grafana/13.2.0-30402795349/public/build/8021-react19.98b0598537b074241f06.js:291
[ 6833615ms] [ERROR] WebSocket connection to 'wss://deveadf53.grafana.net/api/live/ws' failed: HTTP Authentication failed; no valid credentials available @ https://grafana-assets.grafana.net/grafana/13.2.0-30402795349/public/build/8021-react19.98b0598537b074241f06.js:291
[ 6834244ms] [ERROR] Failed to load resource: the server responded with a status of 401 () @ https://deveadf53.grafana.net/api/login/ping:0
[ 6834288ms] [ERROR] Failed to load resource: the server responded with a status of 401 () @ https://deveadf53.grafana.net/api/plugin-proxy/grafana-kowalski-app/api-proxy/api/v1/app:0
[ 6834292ms] [ERROR] Failed to load resource: the server responded with a status of 401 () @ https://deveadf53.grafana.net/api/ds/query?ds_type=tempo&requestId=trace:df238d63faaf83beb4937a8544cb25ee:0
[ 6835321ms] [WARNING] SceneObject already has a parent set that is different from the new parent. You cannot share the same SceneObject instance in multiple scenes or in multiple different places of the same scene graph. Use SceneObject.clone() to duplicate a SceneObject or store a state key reference and use sceneGraph.findObject to locate it. u zv @ https://edge.fullstory.com/s/fs.js:1
[ 6835327ms] [ERROR] Faro
 Attempted to create a new user action while one is already running. This is not possible. @ https://plugins-cdn.grafana.net/grafana-kowalski-app/1.64.0/public/plugins/grafana-kowalski-app/463.js?_cache=1ed629a5641ef9c0de99:1
[ 6835454ms] [ERROR] Faro
 Attempted to create a new user action while one is already running. This is not possible. @ https://plugins-cdn.grafana.net/grafana-kowalski-app/1.64.0/public/plugins/grafana-kowalski-app/463.js?_cache=1ed629a5641ef9c0de99:1
[ 6835510ms] [ERROR] Faro
 Attempted to create a new user action while one is already running. This is not possible. @ https://plugins-cdn.grafana.net/grafana-kowalski-app/1.64.0/public/plugins/grafana-kowalski-app/463.js?_cache=1ed629a5641ef9c0de99:1
[ 6835538ms] [WARNING] SceneObject already has a parent set that is different from the new parent. You cannot share the same SceneObject instance in multiple scenes or in multiple different places of the same scene graph. Use SceneObject.clone() to duplicate a SceneObject or store a state key reference and use sceneGraph.findObject to locate it. u wN @ https://edge.fullstory.com/s/fs.js:1
[ 6835545ms] [WARNING] SceneObject already has a parent set that is different from the new parent. You cannot share the same SceneObject instance in multiple scenes or in multiple different places of the same scene graph. Use SceneObject.clone() to duplicate a SceneObject or store a state key reference and use sceneGraph.findObject to locate it. u gN @ https://edge.fullstory.com/s/fs.js:1
[ 6835910ms] [WARNING] SceneObject already has a parent set that is different from the new parent. You cannot share the same SceneObject instance in multiple scenes or in multiple different places of the same scene graph. Use SceneObject.clone() to duplicate a SceneObject or store a state key reference and use sceneGraph.findObject to locate it. u gN @ https://edge.fullstory.com/s/fs.js:1
[13511624ms] [ERROR] WebSocket connection to 'wss://deveadf53.grafana.net/api/live/ws' failed: HTTP Authentication failed; no valid credentials available @ https://grafana-assets.grafana.net/grafana/13.2.0-30402795349/public/build/8021-react19.98b0598537b074241f06.js:291
[13512241ms] [ERROR] Failed to load resource: the server responded with a status of 401 () @ https://deveadf53.grafana.net/api/login/ping:0
[14430812ms] [ERROR] Failed to load resource: net::ERR_NETWORK_CHANGED @ https://faro-collector-ops-eu-south-0.grafana-ops.net/collect/bc03dd0f2a088059ae67a23bc296a26d:0
[14430931ms] [ERROR] Failed to load resource: net::ERR_NETWORK_CHANGED @ https://faro-collector-ops-eu-south-0.grafana-ops.net/collect/bc03dd0f2a088059ae67a23bc296a26d:0
[18110222ms] [ERROR] WebSocket connection to 'wss://deveadf53.grafana.net/api/live/ws' failed: HTTP Authentication failed; no valid credentials available @ https://grafana-assets.grafana.net/grafana/13.2.0-30402795349/public/build/8021-react19.98b0598537b074241f06.js:291
[18110580ms] [ERROR] Failed to load resource: the server responded with a status of 401 () @ https://deveadf53.grafana.net/api/login/ping:0
[18110944ms] [ERROR] Failed to load resource: net::ERR_NETWORK_CHANGED @ https://deveadf53.grafana.net/api/login/ping:0
[21792639ms] [ERROR] WebSocket connection to 'wss://deveadf53.grafana.net/api/live/ws' failed: HTTP Authentication failed; no valid credentials available @ https://grafana-assets.grafana.net/grafana/13.2.0-30402795349/public/build/8021-react19.98b0598537b074241f06.js:291
[21793016ms] [ERROR] Failed to load resource: the server responded with a status of 401 () @ https://deveadf53.grafana.net/api/login/ping:0
[21907619ms] [ERROR] Failed to load resource: net::ERR_NETWORK_CHANGED @ https://faro-collector-ops-eu-south-0.grafana-ops.net/collect/bc03dd0f2a088059ae67a23bc296a26d:0
[25381450ms] [ERROR] WebSocket connection to 'wss://deveadf53.grafana.net/api/live/ws' failed: Error in connection establishment: net::ERR_NAME_NOT_RESOLVED @ https://grafana-assets.grafana.net/grafana/13.2.0-30402795349/public/build/8021-react19.98b0598537b074241f06.js:291
[25381517ms] [ERROR] Failed to load resource: net::ERR_NETWORK_CHANGED @ https://deveadf53.grafana.net/api/login/ping:0
[25381798ms] [ERROR] Failed to load resource: net::ERR_NETWORK_CHANGED @ https://faro-collector-ops-eu-south-0.grafana-ops.net/collect/2aaaae17b963ac219cd6e23a4850f00e:0
[25381800ms] [ERROR] Faro
 @grafana/faro-web-sdk:transport-fetch
 Failed sending payload to the receiver
 {meta: Object, events: Array(4)} TypeError: Failed to fetch
    at https://grafana-assets.grafana.net/grafana/13.2.0-30402795349/public/build/51849-react19.65c79a8b63097dcd175d.js:177:54112
    at window.fetch (https://plugins-cdn.grafana.net/grafana-kowalski-app/1.64.0/public/plugins/grafana-kowalski-app/463.js?_cache=1ed629a5641ef9c0de99:2:206687)
    at https://plugins-cdn.grafana.net/grafana-kowalski-app/1.64.0/public/plugins/grafana-kowalski-app/463.js?_cache=1ed629a5641ef9c0de99:2:336969
    at o.<computed>.o.<computed> (https://rsi.grafana.com/v1.1/js-integrations/Fullstory.min.js:1:5852)
    at Mr.<anonymous> (https://plugins-cdn.grafana.net/grafana-kowalski-app/1.64.0/public/plugins/grafana-kowalski-app/463.js?_cache=1ed629a5641ef9c0de99:2:268575)
    at Generator.next (<anonymous>)
    at https://plugins-cdn.grafana.net/grafana-kowalski-app/1.64.0/public/plugins/grafana-kowalski-app/463.js?_cache=1ed629a5641ef9c0de99:2:264856
    at new Promise (<anonymous>)
    at Tr (https://plugins-cdn.grafana.net/grafana-kowalski-app/1.64.0/public/plugins/grafana-kowalski-app/463.js?_cache=1ed629a5641ef9c0de99:2:264601)
    at Mr.fetchWithKeepaliveRetry (https://plugins-cdn.grafana.net/grafana-kowalski-app/1.64.0/public/plugins/grafana-kowalski-app/463.js?_cache=1ed629a5641ef9c0de99:2:268487) @ https://plugins-cdn.grafana.net/grafana-kowalski-app/1.64.0/public/plugins/grafana-kowalski-app/463.js?_cache=1ed629a5641ef9c0de99:1
[25382763ms] [ERROR] WebSocket connection to 'wss://deveadf53.grafana.net/api/live/ws' failed: HTTP Authentication failed; no valid credentials available @ https://grafana-assets.grafana.net/grafana/13.2.0-30402795349/public/build/8021-react19.98b0598537b074241f06.js:291
[25383977ms] [ERROR] WebSocket connection to 'wss://deveadf53.grafana.net/api/live/ws' failed: HTTP Authentication failed; no valid credentials available @ https://grafana-assets.grafana.net/grafana/13.2.0-30402795349/public/build/8021-react19.98b0598537b074241f06.js:291
[29231446ms] [WARNING] WebSocket connection to 'wss://deveadf53.grafana.net/api/live/ws' failed: WebSocket is closed before the connection is established. @ https://grafana-assets.grafana.net/grafana/13.2.0-30402795349/public/build/8021-react19.98b0598537b074241f06.js:291
[29232270ms] [ERROR] Failed to load resource: the server responded with a status of 401 () @ https://deveadf53.grafana.net/api/login/ping:0
[34893607ms] [ERROR] WebSocket connection to 'wss://deveadf53.grafana.net/api/live/ws' failed: Error in connection establishment: net::ERR_NAME_NOT_RESOLVED @ https://grafana-assets.grafana.net/grafana/13.2.0-30402795349/public/build/8021-react19.98b0598537b074241f06.js:291
[34893738ms] [ERROR] Failed to load resource: net::ERR_NAME_NOT_RESOLVED @ https://deveadf53.grafana.net/api/login/ping:0
[34895213ms] [ERROR] WebSocket connection to 'wss://deveadf53.grafana.net/api/live/ws' failed: HTTP Authentication failed; no valid credentials available @ https://grafana-assets.grafana.net/grafana/13.2.0-30402795349/public/build/8021-react19.98b0598537b074241f06.js:291
[34896441ms] [ERROR] WebSocket connection to 'wss://deveadf53.grafana.net/api/live/ws' failed: HTTP Authentication failed; no valid credentials available @ https://grafana-assets.grafana.net/grafana/13.2.0-30402795349/public/build/8021-react19.98b0598537b074241f06.js:291
[35874808ms] [ERROR] WebSocket connection to 'wss://deveadf53.grafana.net/api/live/ws' failed: HTTP Authentication failed; no valid credentials available @ https://grafana-assets.grafana.net/grafana/13.2.0-30402795349/public/build/8021-react19.98b0598537b074241f06.js:291
[35875376ms] [ERROR] Failed to load resource: the server responded with a status of 401 () @ https://deveadf53.grafana.net/api/login/ping:0
[36551807ms] [ERROR] WebSocket connection to 'wss://deveadf53.grafana.net/api/live/ws' failed: HTTP Authentication failed; no valid credentials available @ https://grafana-assets.grafana.net/grafana/13.2.0-30402795349/public/build/8021-react19.98b0598537b074241f06.js:291
[36552294ms] [ERROR] Failed to load resource: the server responded with a status of 401 () @ https://deveadf53.grafana.net/api/login/ping:0
[39589022ms] [ERROR] WebSocket connection to 'wss://deveadf53.grafana.net/api/live/ws' failed: HTTP Authentication failed; no valid credentials available @ https://grafana-assets.grafana.net/grafana/13.2.0-30402795349/public/build/8021-react19.98b0598537b074241f06.js:291
[39589680ms] [ERROR] Failed to load resource: the server responded with a status of 401 () @ https://deveadf53.grafana.net/api/login/ping:0
[40606684ms] [ERROR] Failed to load resource: net::ERR_NAME_NOT_RESOLVED @ https://faro-collector-ops-eu-south-0.grafana-ops.net/collect/bc03dd0f2a088059ae67a23bc296a26d:0
[40606790ms] [ERROR] Failed to load resource: net::ERR_NAME_NOT_RESOLVED @ https://faro-collector-ops-eu-south-0.grafana-ops.net/collect/bc03dd0f2a088059ae67a23bc296a26d:0
[41683568ms] [ERROR] WebSocket connection to 'wss://deveadf53.grafana.net/api/live/ws' failed: HTTP Authentication failed; no valid credentials available @ https://grafana-assets.grafana.net/grafana/13.2.0-30402795349/public/build/8021-react19.98b0598537b074241f06.js:291
[41684302ms] [ERROR] Failed to load resource: the server responded with a status of 401 () @ https://deveadf53.grafana.net/api/login/ping:0
[43691280ms] [ERROR] WebSocket connection to 'wss://deveadf53.grafana.net/api/live/ws' failed: Error in connection establishment: net::ERR_NAME_NOT_RESOLVED @ https://grafana-assets.grafana.net/grafana/13.2.0-30402795349/public/build/8021-react19.98b0598537b074241f06.js:291
[43691389ms] [ERROR] Failed to load resource: net::ERR_NETWORK_CHANGED @ https://deveadf53.grafana.net/api/login/ping:0
[43691926ms] [ERROR] Failed to load resource: net::ERR_NETWORK_CHANGED @ https://faro-collector-ops-eu-south-0.grafana-ops.net/collect/2aaaae17b963ac219cd6e23a4850f00e:0
[43691954ms] [ERROR] Faro
 @grafana/faro-web-sdk:transport-fetch
 Failed sending payload to the receiver
 {meta: Object, events: Array(4)} TypeError: Failed to fetch
    at https://grafana-assets.grafana.net/grafana/13.2.0-30402795349/public/build/51849-react19.65c79a8b63097dcd175d.js:177:54112
    at window.fetch (https://plugins-cdn.grafana.net/grafana-kowalski-app/1.64.0/public/plugins/grafana-kowalski-app/463.js?_cache=1ed629a5641ef9c0de99:2:206687)
    at https://plugins-cdn.grafana.net/grafana-kowalski-app/1.64.0/public/plugins/grafana-kowalski-app/463.js?_cache=1ed629a5641ef9c0de99:2:336969
    at o.<computed>.o.<computed> (https://rsi.grafana.com/v1.1/js-integrations/Fullstory.min.js:1:5852)
    at Mr.<anonymous> (https://plugins-cdn.grafana.net/grafana-kowalski-app/1.64.0/public/plugins/grafana-kowalski-app/463.js?_cache=1ed629a5641ef9c0de99:2:268575)
    at Generator.next (<anonymous>)
    at https://plugins-cdn.grafana.net/grafana-kowalski-app/1.64.0/public/plugins/grafana-kowalski-app/463.js?_cache=1ed629a5641ef9c0de99:2:264856
    at new Promise (<anonymous>)
    at Tr (https://plugins-cdn.grafana.net/grafana-kowalski-app/1.64.0/public/plugins/grafana-kowalski-app/463.js?_cache=1ed629a5641ef9c0de99:2:264601)
    at Mr.fetchWithKeepaliveRetry (https://plugins-cdn.grafana.net/grafana-kowalski-app/1.64.0/public/plugins/grafana-kowalski-app/463.js?_cache=1ed629a5641ef9c0de99:2:268487) @ https://plugins-cdn.grafana.net/grafana-kowalski-app/1.64.0/public/plugins/grafana-kowalski-app/463.js?_cache=1ed629a5641ef9c0de99:1
[43693887ms] [ERROR] WebSocket connection to 'wss://deveadf53.grafana.net/api/live/ws' failed: HTTP Authentication failed; no valid credentials available @ https://grafana-assets.grafana.net/grafana/13.2.0-30402795349/public/build/8021-react19.98b0598537b074241f06.js:291
[46637114ms] [ERROR] WebSocket connection to 'wss://deveadf53.grafana.net/api/live/ws' failed: HTTP Authentication failed; no valid credentials available @ https://grafana-assets.grafana.net/grafana/13.2.0-30402795349/public/build/8021-react19.98b0598537b074241f06.js:291
[46637473ms] [ERROR] Failed to load resource: the server responded with a status of 401 () @ https://deveadf53.grafana.net/api/login/ping:0
[47667476ms] [ERROR] Failed to load resource: net::ERR_NETWORK_CHANGED @ https://faro-collector-ops-eu-south-0.grafana-ops.net/collect/bc03dd0f2a088059ae67a23bc296a26d:0
[47667547ms] [ERROR] Failed to load resource: net::ERR_NETWORK_CHANGED @ https://faro-collector-ops-eu-south-0.grafana-ops.net/collect/bc03dd0f2a088059ae67a23bc296a26d:0
[50392058ms] [ERROR] WebSocket connection to 'wss://deveadf53.grafana.net/api/live/ws' failed: HTTP Authentication failed; no valid credentials available @ https://grafana-assets.grafana.net/grafana/13.2.0-30402795349/public/build/8021-react19.98b0598537b074241f06.js:291
[50392592ms] [ERROR] Failed to load resource: the server responded with a status of 401 () @ https://deveadf53.grafana.net/api/login/ping:0
[51571492ms] [ERROR] Failed to load resource: net::ERR_NETWORK_CHANGED @ https://faro-collector-ops-eu-south-0.grafana-ops.net/collect/bc03dd0f2a088059ae67a23bc296a26d:0
[51571685ms] [ERROR] Failed to load resource: net::ERR_NETWORK_CHANGED @ https://faro-collector-ops-eu-south-0.grafana-ops.net/collect/bc03dd0f2a088059ae67a23bc296a26d:0
[57675003ms] [ERROR] WebSocket connection to 'wss://deveadf53.grafana.net/api/live/ws' failed: HTTP Authentication failed; no valid credentials available @ https://grafana-assets.grafana.net/grafana/13.2.0-30402795349/public/build/8021-react19.98b0598537b074241f06.js:291
[57675581ms] [ERROR] Failed to load resource: the server responded with a status of 401 () @ https://deveadf53.grafana.net/api/login/ping:0
[61479427ms] [ERROR] WebSocket connection to 'wss://deveadf53.grafana.net/api/live/ws' failed: HTTP Authentication failed; no valid credentials available @ https://grafana-assets.grafana.net/grafana/13.2.0-30402795349/public/build/8021-react19.98b0598537b074241f06.js:291
[61479820ms] [ERROR] Failed to load resource: the server responded with a status of 401 () @ https://deveadf53.grafana.net/api/login/ping:0
[66162771ms] [ERROR] WebSocket connection to 'wss://deveadf53.grafana.net/api/live/ws' failed: HTTP Authentication failed; no valid credentials available @ https://grafana-assets.grafana.net/grafana/13.2.0-30402795349/public/build/8021-react19.98b0598537b074241f06.js:291
[67167396ms] [ERROR] Failed to load resource: net::ERR_NETWORK_CHANGED @ https://deveadf53.grafana.net/api/login/ping:0
[67168048ms] [ERROR] WebSocket connection to 'wss://deveadf53.grafana.net/api/live/ws' failed: HTTP Authentication failed; no valid credentials available @ https://grafana-assets.grafana.net/grafana/13.2.0-30402795349/public/build/8021-react19.98b0598537b074241f06.js:291
[67168222ms] [ERROR] Failed to load resource: net::ERR_NAME_NOT_RESOLVED @ https://deveadf53.grafana.net/api/login/ping:0
[67170715ms] [ERROR] WebSocket connection to 'wss://deveadf53.grafana.net/api/live/ws' failed: HTTP Authentication failed; no valid credentials available @ https://grafana-assets.grafana.net/grafana/13.2.0-30402795349/public/build/8021-react19.98b0598537b074241f06.js:291
[68162605ms] [ERROR] WebSocket connection to 'wss://deveadf53.grafana.net/api/live/ws' failed: HTTP Authentication failed; no valid credentials available @ https://grafana-assets.grafana.net/grafana/13.2.0-30402795349/public/build/8021-react19.98b0598537b074241f06.js:291
[68162730ms] [ERROR] Failed to load resource: net::ERR_NETWORK_CHANGED @ https://deveadf53.grafana.net/api/login/ping:0
[68163110ms] [ERROR] Failed to load resource: net::ERR_NETWORK_CHANGED @ https://faro-collector-ops-eu-south-0.grafana-ops.net/collect/2aaaae17b963ac219cd6e23a4850f00e:0
[72454693ms] [WARNING] WebSocket connection to 'wss://deveadf53.grafana.net/api/live/ws' failed: WebSocket is closed before the connection is established. @ https://grafana-assets.grafana.net/grafana/13.2.0-30402795349/public/build/8021-react19.98b0598537b074241f06.js:291
[72455498ms] [ERROR] Failed to load resource: the server responded with a status of 401 () @ https://deveadf53.grafana.net/api/login/ping:0
[74477868ms] [ERROR] WebSocket connection to 'wss://deveadf53.grafana.net/api/live/ws' failed: HTTP Authentication failed; no valid credentials available @ https://grafana-assets.grafana.net/grafana/13.2.0-30402795349/public/build/8021-react19.98b0598537b074241f06.js:291
[75393268ms] [ERROR] Failed to load resource: net::ERR_NETWORK_CHANGED @ https://deveadf53.grafana.net/api/login/ping:0
[75393804ms] [ERROR] Failed to load resource: net::ERR_NETWORK_CHANGED @ https://faro-collector-ops-eu-south-0.grafana-ops.net/collect/2aaaae17b963ac219cd6e23a4850f00e:0
[75393807ms] [ERROR] Faro
 @grafana/faro-web-sdk:transport-fetch
 Failed sending payload to the receiver
 {meta: Object, events: Array(4)} TypeError: Failed to fetch
    at https://grafana-assets.grafana.net/grafana/13.2.0-30402795349/public/build/51849-react19.65c79a8b63097dcd175d.js:177:54112
    at window.fetch (https://plugins-cdn.grafana.net/grafana-kowalski-app/1.64.0/public/plugins/grafana-kowalski-app/463.js?_cache=1ed629a5641ef9c0de99:2:206687)
    at https://plugins-cdn.grafana.net/grafana-kowalski-app/1.64.0/public/plugins/grafana-kowalski-app/463.js?_cache=1ed629a5641ef9c0de99:2:336969
    at o.<computed>.o.<computed> (https://rsi.grafana.com/v1.1/js-integrations/Fullstory.min.js:1:5852)
    at Mr.<anonymous> (https://plugins-cdn.grafana.net/grafana-kowalski-app/1.64.0/public/plugins/grafana-kowalski-app/463.js?_cache=1ed629a5641ef9c0de99:2:268575)
    at Generator.next (<anonymous>)
    at https://plugins-cdn.grafana.net/grafana-kowalski-app/1.64.0/public/plugins/grafana-kowalski-app/463.js?_cache=1ed629a5641ef9c0de99:2:264856
    at new Promise (<anonymous>)
    at Tr (https://plugins-cdn.grafana.net/grafana-kowalski-app/1.64.0/public/plugins/grafana-kowalski-app/463.js?_cache=1ed629a5641ef9c0de99:2:264601)
    at Mr.fetchWithKeepaliveRetry (https://plugins-cdn.grafana.net/grafana-kowalski-app/1.64.0/public/plugins/grafana-kowalski-app/463.js?_cache=1ed629a5641ef9c0de99:2:268487) @ https://plugins-cdn.grafana.net/grafana-kowalski-app/1.64.0/public/plugins/grafana-kowalski-app/463.js?_cache=1ed629a5641ef9c0de99:1
[75397573ms] [ERROR] WebSocket connection to 'wss://deveadf53.grafana.net/api/live/ws' failed: HTTP Authentication failed; no valid credentials available @ https://grafana-assets.grafana.net/grafana/13.2.0-30402795349/public/build/8021-react19.98b0598537b074241f06.js:291
[76012425ms] [ERROR] Failed to load resource: net::ERR_NETWORK_IO_SUSPENDED @ https://deveadf53.grafana.net/api/login/ping:0
[76019367ms] [ERROR] WebSocket connection to 'wss://deveadf53.grafana.net/api/live/ws' failed: HTTP Authentication failed; no valid credentials available @ https://grafana-assets.grafana.net/grafana/13.2.0-30402795349/public/build/8021-react19.98b0598537b074241f06.js:291
[76019891ms] [ERROR] Failed to load resource: the server responded with a status of 401 () @ https://deveadf53.grafana.net/api/login/ping:0
[77027316ms] [ERROR] WebSocket connection to 'wss://deveadf53.grafana.net/api/live/ws' failed: HTTP Authentication failed; no valid credentials available @ https://grafana-assets.grafana.net/grafana/13.2.0-30402795349/public/build/8021-react19.98b0598537b074241f06.js:291
[77029097ms] [ERROR] Failed to load resource: the server responded with a status of 401 () @ https://deveadf53.grafana.net/api/login/ping:0
[78082423ms] [ERROR] Failed to load resource: net::ERR_NETWORK_CHANGED @ https://faro-collector-ops-eu-south-0.grafana-ops.net/collect/2aaaae17b963ac219cd6e23a4850f00e:0
[78082435ms] [ERROR] Failed to load resource: net::ERR_NETWORK_CHANGED @ https://faro-collector-ops-eu-south-0.grafana-ops.net/collect/bc03dd0f2a088059ae67a23bc296a26d:0
[78082441ms] [ERROR] Failed to load resource: net::ERR_NETWORK_CHANGED @ https://faro-collector-ops-eu-south-0.grafana-ops.net/collect/2aaaae17b963ac219cd6e23a4850f00e:0
[78082442ms] [ERROR] Failed to load resource: net::ERR_NETWORK_CHANGED @ https://faro-collector-ops-eu-south-0.grafana-ops.net/collect/2aaaae17b963ac219cd6e23a4850f00e:0
[78082928ms] [ERROR] Failed to load resource: net::ERR_NETWORK_CHANGED @ https://faro-collector-ops-eu-south-0.grafana-ops.net/collect/2aaaae17b963ac219cd6e23a4850f00e:0
[78082937ms] [ERROR] Faro
 @grafana/faro-web-sdk:transport-fetch
 Failed sending payload to the receiver
 {meta: Object, events: Array(1)} TypeError: Failed to fetch
    at https://grafana-assets.grafana.net/grafana/13.2.0-30402795349/public/build/51849-react19.65c79a8b63097dcd175d.js:177:54112
    at window.fetch (https://plugins-cdn.grafana.net/grafana-kowalski-app/1.64.0/public/plugins/grafana-kowalski-app/463.js?_cache=1ed629a5641ef9c0de99:2:206687)
    at https://plugins-cdn.grafana.net/grafana-kowalski-app/1.64.0/public/plugins/grafana-kowalski-app/463.js?_cache=1ed629a5641ef9c0de99:2:336969
    at o.<computed>.o.<computed> (https://rsi.grafana.com/v1.1/js-integrations/Fullstory.min.js:1:5852)
    at Mr.<anonymous> (https://plugins-cdn.grafana.net/grafana-kowalski-app/1.64.0/public/plugins/grafana-kowalski-app/463.js?_cache=1ed629a5641ef9c0de99:2:268817)
    at Generator.throw (<anonymous>)
    at a (https://plugins-cdn.grafana.net/grafana-kowalski-app/1.64.0/public/plugins/grafana-kowalski-app/463.js?_cache=1ed629a5641ef9c0de99:2:264709) @ https://plugins-cdn.grafana.net/grafana-kowalski-app/1.64.0/public/plugins/grafana-kowalski-app/463.js?_cache=1ed629a5641ef9c0de99:1
[78082942ms] [ERROR] Failed to load resource: net::ERR_NETWORK_CHANGED @ https://faro-collector-ops-eu-south-0.grafana-ops.net/collect/bc03dd0f2a088059ae67a23bc296a26d:0
[78082942ms] [ERROR] Failed to load resource: net::ERR_NETWORK_CHANGED @ https://faro-collector-ops-eu-south-0.grafana-ops.net/collect/2aaaae17b963ac219cd6e23a4850f00e:0
[78082942ms] [ERROR] Faro
 @grafana/faro-web-sdk:transport-fetch
 Failed sending payload to the receiver
 {meta: Object, events: Array(1)} TypeError: Failed to fetch
    at https://grafana-assets.grafana.net/grafana/13.2.0-30402795349/public/build/51849-react19.65c79a8b63097dcd175d.js:177:54112
    at window.fetch (https://plugins-cdn.grafana.net/grafana-kowalski-app/1.64.0/public/plugins/grafana-kowalski-app/463.js?_cache=1ed629a5641ef9c0de99:2:206687)
    at https://plugins-cdn.grafana.net/grafana-kowalski-app/1.64.0/public/plugins/grafana-kowalski-app/463.js?_cache=1ed629a5641ef9c0de99:2:336969
    at o.<computed>.o.<computed> (https://rsi.grafana.com/v1.1/js-integrations/Fullstory.min.js:1:5852)
    at Mr.<anonymous> (https://plugins-cdn.grafana.net/grafana-kowalski-app/1.64.0/public/plugins/grafana-kowalski-app/463.js?_cache=1ed629a5641ef9c0de99:2:268817)
    at Generator.throw (<anonymous>)
    at a (https://plugins-cdn.grafana.net/grafana-kowalski-app/1.64.0/public/plugins/grafana-kowalski-app/463.js?_cache=1ed629a5641ef9c0de99:2:264709) @ https://plugins-cdn.grafana.net/grafana-kowalski-app/1.64.0/public/plugins/grafana-kowalski-app/463.js?_cache=1ed629a5641ef9c0de99:1
[78082942ms] [ERROR] Failed to load resource: net::ERR_NETWORK_CHANGED @ https://faro-collector-ops-eu-south-0.grafana-ops.net/collect/2aaaae17b963ac219cd6e23a4850f00e:0
[78082942ms] [ERROR] Faro
 @grafana/faro-web-sdk:transport-fetch
 Failed sending payload to the receiver
 {meta: Object, events: Array(1)} TypeError: Failed to fetch
    at https://grafana-assets.grafana.net/grafana/13.2.0-30402795349/public/build/51849-react19.65c79a8b63097dcd175d.js:177:54112
    at window.fetch (https://plugins-cdn.grafana.net/grafana-kowalski-app/1.64.0/public/plugins/grafana-kowalski-app/463.js?_cache=1ed629a5641ef9c0de99:2:206687)
    at https://plugins-cdn.grafana.net/grafana-kowalski-app/1.64.0/public/plugins/grafana-kowalski-app/463.js?_cache=1ed629a5641ef9c0de99:2:336969
    at o.<computed>.o.<computed> (https://rsi.grafana.com/v1.1/js-integrations/Fullstory.min.js:1:5852)
    at Mr.<anonymous> (https://plugins-cdn.grafana.net/grafana-kowalski-app/1.64.0/public/plugins/grafana-kowalski-app/463.js?_cache=1ed629a5641ef9c0de99:2:268817)
    at Generator.throw (<anonymous>)
    at a (https://plugins-cdn.grafana.net/grafana-kowalski-app/1.64.0/public/plugins/grafana-kowalski-app/463.js?_cache=1ed629a5641ef9c0de99:2:264709) @ https://plugins-cdn.grafana.net/grafana-kowalski-app/1.64.0/public/plugins/grafana-kowalski-app/463.js?_cache=1ed629a5641ef9c0de99:1
[78082943ms] [ERROR] Failed to load resource: net::ERR_NETWORK_CHANGED @ https://faro-collector-ops-eu-south-0.grafana-ops.net/collect/2aaaae17b963ac219cd6e23a4850f00e:0
[78082968ms] [ERROR] Faro
 @grafana/faro-web-sdk:transport-fetch
 Failed sending payload to the receiver
 {meta: Object, events: Array(4)} TypeError: Failed to fetch
    at https://grafana-assets.grafana.net/grafana/13.2.0-30402795349/public/build/51849-react19.65c79a8b63097dcd175d.js:177:54112
    at window.fetch (https://plugins-cdn.grafana.net/grafana-kowalski-app/1.64.0/public/plugins/grafana-kowalski-app/463.js?_cache=1ed629a5641ef9c0de99:2:206687)
    at https://plugins-cdn.grafana.net/grafana-kowalski-app/1.64.0/public/plugins/grafana-kowalski-app/463.js?_cache=1ed629a5641ef9c0de99:2:336969
    at o.<computed>.o.<computed> (https://rsi.grafana.com/v1.1/js-integrations/Fullstory.min.js:1:5852)
    at Mr.<anonymous> (https://plugins-cdn.grafana.net/grafana-kowalski-app/1.64.0/public/plugins/grafana-kowalski-app/463.js?_cache=1ed629a5641ef9c0de99:2:268575)
    at Generator.next (<anonymous>)
    at https://plugins-cdn.grafana.net/grafana-kowalski-app/1.64.0/public/plugins/grafana-kowalski-app/463.js?_cache=1ed629a5641ef9c0de99:2:264856
    at new Promise (<anonymous>)
    at Tr (https://plugins-cdn.grafana.net/grafana-kowalski-app/1.64.0/public/plugins/grafana-kowalski-app/463.js?_cache=1ed629a5641ef9c0de99:2:264601)
    at Mr.fetchWithKeepaliveRetry (https://plugins-cdn.grafana.net/grafana-kowalski-app/1.64.0/public/plugins/grafana-kowalski-app/463.js?_cache=1ed629a5641ef9c0de99:2:268487) @ https://plugins-cdn.grafana.net/grafana-kowalski-app/1.64.0/public/plugins/grafana-kowalski-app/463.js?_cache=1ed629a5641ef9c0de99:1
[78082968ms] [ERROR] Failed to load resource: net::ERR_NETWORK_CHANGED @ https://faro-collector-ops-eu-south-0.grafana-ops.net/collect/bc03dd0f2a088059ae67a23bc296a26d:0
[78083099ms] [ERROR] Failed to load resource: net::ERR_NETWORK_CHANGED @ https://faro-collector-ops-eu-south-0.grafana-ops.net/collect/bc03dd0f2a088059ae67a23bc296a26d:0
[79030082ms] [ERROR] Failed to load resource: net::ERR_NETWORK_CHANGED @ https://deveadf53.grafana.net/api/user/auth-tokens/rotate:0
[79030122ms] [ERROR] TypeError: Failed to fetch
    at https://grafana-assets.grafana.net/grafana/13.2.0-30402795349/public/build/51849-react19.65c79a8b63097dcd175d.js:177:55150
    at $E.with (https://grafana-assets.grafana.net/grafana/13.2.0-30402795349/public/build/51849-react19.65c79a8b63097dcd175d.js:177:30367)
    at s.with (https://grafana-assets.grafana.net/grafana/13.2.0-30402795349/public/build/8021-react19.98b0598537b074241f06.js:86:16213)
    at https://grafana-assets.grafana.net/grafana/13.2.0-30402795349/public/build/51849-react19.65c79a8b63097dcd175d.js:177:55053
    at window.fetch (https://plugins-cdn.grafana.net/grafana-kowalski-app/1.64.0/public/plugins/grafana-kowalski-app/463.js?_cache=1ed629a5641ef9c0de99:2:206687)
    at https://plugins-cdn.grafana.net/grafana-kowalski-app/1.64.0/public/plugins/grafana-kowalski-app/463.js?_cache=1ed629a5641ef9c0de99:2:338072
    at $E.with (https://grafana-assets.grafana.net/grafana/13.2.0-30402795349/public/build/51849-react19.65c79a8b63097dcd175d.js:177:30367)
    at e.with (https://plugins-cdn.grafana.net/grafana-kowalski-app/1.64.0/public/plugins/grafana-kowalski-app/463.js?_cache=1ed629a5641ef9c0de99:2:279933)
    at https://plugins-cdn.grafana.net/grafana-kowalski-app/1.64.0/public/plugins/grafana-kowalski-app/463.js?_cache=1ed629a5641ef9c0de99:2:337978
    at o.<computed>.o.<computed> (https://rsi.grafana.com/v1.1/js-integrations/Fullstory.min.js:1:5852) @ https://edge.fullstory.com/s/fs.js:1
[79971736ms] [ERROR] WebSocket connection to 'wss://deveadf53.grafana.net/api/live/ws' failed: HTTP Authentication failed; no valid credentials available @ https://grafana-assets.grafana.net/grafana/13.2.0-30402795349/public/build/8021-react19.98b0598537b074241f06.js:291
[79972383ms] [ERROR] Failed to load resource: the server responded with a status of 401 () @ https://deveadf53.grafana.net/api/login/ping:0
[81993298ms] [ERROR] WebSocket connection to 'wss://deveadf53.grafana.net/api/live/ws' failed: HTTP Authentication failed; no valid credentials available @ https://grafana-assets.grafana.net/grafana/13.2.0-30402795349/public/build/8021-react19.98b0598537b074241f06.js:291
[81993654ms] [ERROR] Failed to load resource: the server responded with a status of 401 () @ https://deveadf53.grafana.net/api/login/ping:0
[82904467ms] [ERROR] Failed to load resource: net::ERR_NETWORK_CHANGED @ https://deveadf53.grafana.net/api/login/ping:0
[82904505ms] [ERROR] Failed to load resource: net::ERR_NAME_NOT_RESOLVED @ https://faro-collector-ops-eu-south-0.grafana-ops.net/collect/2aaaae17b963ac219cd6e23a4850f00e:0
[82904506ms] [ERROR] Failed to load resource: net::ERR_NAME_NOT_RESOLVED @ https://faro-collector-ops-eu-south-0.grafana-ops.net/collect/bc03dd0f2a088059ae67a23bc296a26d:0
[82904707ms] [ERROR] Failed to load resource: net::ERR_NETWORK_CHANGED @ https://faro-collector-ops-eu-south-0.grafana-ops.net/collect/2aaaae17b963ac219cd6e23a4850f00e:0
[82904708ms] [ERROR] Faro
 @grafana/faro-web-sdk:transport-fetch
 Failed sending payload to the receiver
 {meta: Object, events: Array(2)} TypeError: Failed to fetch
    at https://grafana-assets.grafana.net/grafana/13.2.0-30402795349/public/build/51849-react19.65c79a8b63097dcd175d.js:177:54112
    at window.fetch (https://plugins-cdn.grafana.net/grafana-kowalski-app/1.64.0/public/plugins/grafana-kowalski-app/463.js?_cache=1ed629a5641ef9c0de99:2:206687)
    at https://plugins-cdn.grafana.net/grafana-kowalski-app/1.64.0/public/plugins/grafana-kowalski-app/463.js?_cache=1ed629a5641ef9c0de99:2:336969
    at o.<computed>.o.<computed> (https://rsi.grafana.com/v1.1/js-integrations/Fullstory.min.js:1:5852)
    at Mr.<anonymous> (https://plugins-cdn.grafana.net/grafana-kowalski-app/1.64.0/public/plugins/grafana-kowalski-app/463.js?_cache=1ed629a5641ef9c0de99:2:268817)
    at Generator.throw (<anonymous>)
    at a (https://plugins-cdn.grafana.net/grafana-kowalski-app/1.64.0/public/plugins/grafana-kowalski-app/463.js?_cache=1ed629a5641ef9c0de99:2:264709) @ https://plugins-cdn.grafana.net/grafana-kowalski-app/1.64.0/public/plugins/grafana-kowalski-app/463.js?_cache=1ed629a5641ef9c0de99:1
[82904709ms] [ERROR] Failed to load resource: net::ERR_NETWORK_CHANGED @ https://faro-collector-ops-eu-south-0.grafana-ops.net/collect/bc03dd0f2a088059ae67a23bc296a26d:0
[83278687ms] [ERROR] WebSocket connection to 'wss://deveadf53.grafana.net/api/live/ws' failed: HTTP Authentication failed; no valid credentials available @ https://grafana-assets.grafana.net/grafana/13.2.0-30402795349/public/build/8021-react19.98b0598537b074241f06.js:291
[83278952ms] [ERROR] Failed to load resource: the server responded with a status of 401 () @ https://deveadf53.grafana.net/api/login/ping:0
[86941854ms] [ERROR] WebSocket connection to 'wss://deveadf53.grafana.net/api/live/ws' failed: HTTP Authentication failed; no valid credentials available @ https://grafana-assets.grafana.net/grafana/13.2.0-30402795349/public/build/8021-react19.98b0598537b074241f06.js:291
[86942252ms] [ERROR] Failed to load resource: the server responded with a status of 401 () @ https://deveadf53.grafana.net/api/login/ping:0
[91578923ms] [ERROR] WebSocket connection to 'wss://deveadf53.grafana.net/api/live/ws' failed: Error in connection establishment: net::ERR_NAME_NOT_RESOLVED @ https://grafana-assets.grafana.net/grafana/13.2.0-30402795349/public/build/8021-react19.98b0598537b074241f06.js:291
[91579584ms] [ERROR] Failed to load resource: the server responded with a status of 401 () @ https://deveadf53.grafana.net/api/login/ping:0
[95186353ms] [ERROR] WebSocket connection to 'wss://deveadf53.grafana.net/api/live/ws' failed: HTTP Authentication failed; no valid credentials available @ https://grafana-assets.grafana.net/grafana/13.2.0-30402795349/public/build/8021-react19.98b0598537b074241f06.js:291
[95186670ms] [ERROR] Failed to load resource: the server responded with a status of 401 () @ https://deveadf53.grafana.net/api/login/ping:0
[96251881ms] [ERROR] Failed to load resource: net::ERR_NETWORK_CHANGED @ https://faro-collector-ops-eu-south-0.grafana-ops.net/collect/bc03dd0f2a088059ae67a23bc296a26d:0
[96251882ms] [ERROR] Failed to load resource: net::ERR_NETWORK_CHANGED @ https://faro-collector-ops-eu-south-0.grafana-ops.net/collect/bc03dd0f2a088059ae67a23bc296a26d:0
[96252080ms] [ERROR] Failed to load resource: net::ERR_NETWORK_CHANGED @ https://faro-collector-ops-eu-south-0.grafana-ops.net/collect/bc03dd0f2a088059ae67a23bc296a26d:0
[96252081ms] [ERROR] Failed to load resource: net::ERR_NETWORK_CHANGED @ https://faro-collector-ops-eu-south-0.grafana-ops.net/collect/bc03dd0f2a088059ae67a23bc296a26d:0
[99005863ms] [ERROR] WebSocket connection to 'wss://deveadf53.grafana.net/api/live/ws' failed: HTTP Authentication failed; no valid credentials available @ https://grafana-assets.grafana.net/grafana/13.2.0-30402795349/public/build/8021-react19.98b0598537b074241f06.js:291
[99006162ms] [ERROR] Failed to load resource: the server responded with a status of 401 () @ https://deveadf53.grafana.net/api/login/ping:0
[99993103ms] [ERROR] Failed to load resource: net::ERR_NETWORK_CHANGED @ https://faro-collector-ops-eu-south-0.grafana-ops.net/collect/bc03dd0f2a088059ae67a23bc296a26d:0
[99993147ms] [ERROR] Failed to load resource: net::ERR_NAME_NOT_RESOLVED @ https://faro-collector-ops-eu-south-0.grafana-ops.net/collect/bc03dd0f2a088059ae67a23bc296a26d:0
[99993244ms] [ERROR] Failed to load resource: net::ERR_NAME_NOT_RESOLVED @ https://faro-collector-ops-eu-south-0.grafana-ops.net/collect/2aaaae17b963ac219cd6e23a4850f00e:0
[99993256ms] [ERROR] Faro
 @grafana/faro-web-sdk:transport-fetch
 Failed sending payload to the receiver
 {meta: Object, events: Array(4)} TypeError: Failed to fetch
    at https://grafana-assets.grafana.net/grafana/13.2.0-30402795349/public/build/51849-react19.65c79a8b63097dcd175d.js:177:54112
    at window.fetch (https://plugins-cdn.grafana.net/grafana-kowalski-app/1.64.0/public/plugins/grafana-kowalski-app/463.js?_cache=1ed629a5641ef9c0de99:2:206687)
    at https://plugins-cdn.grafana.net/grafana-kowalski-app/1.64.0/public/plugins/grafana-kowalski-app/463.js?_cache=1ed629a5641ef9c0de99:2:336969
    at o.<computed>.o.<computed> (https://rsi.grafana.com/v1.1/js-integrations/Fullstory.min.js:1:5852)
    at Mr.<anonymous> (https://plugins-cdn.grafana.net/grafana-kowalski-app/1.64.0/public/plugins/grafana-kowalski-app/463.js?_cache=1ed629a5641ef9c0de99:2:268575)
    at Generator.next (<anonymous>)
    at https://plugins-cdn.grafana.net/grafana-kowalski-app/1.64.0/public/plugins/grafana-kowalski-app/463.js?_cache=1ed629a5641ef9c0de99:2:264856
    at new Promise (<anonymous>)
    at Tr (https://plugins-cdn.grafana.net/grafana-kowalski-app/1.64.0/public/plugins/grafana-kowalski-app/463.js?_cache=1ed629a5641ef9c0de99:2:264601)
    at Mr.fetchWithKeepaliveRetry (https://plugins-cdn.grafana.net/grafana-kowalski-app/1.64.0/public/plugins/grafana-kowalski-app/463.js?_cache=1ed629a5641ef9c0de99:2:268487) @ https://plugins-cdn.grafana.net/grafana-kowalski-app/1.64.0/public/plugins/grafana-kowalski-app/463.js?_cache=1ed629a5641ef9c0de99:1
[99993304ms] [ERROR] Failed to load resource: net::ERR_NETWORK_CHANGED @ https://faro-collector-ops-eu-south-0.grafana-ops.net/collect/2aaaae17b963ac219cd6e23a4850f00e:0
[99993490ms] [ERROR] Failed to load resource: net::ERR_NETWORK_CHANGED @ https://faro-collector-ops-eu-south-0.grafana-ops.net/collect/2aaaae17b963ac219cd6e23a4850f00e:0
[99993490ms] [ERROR] Faro
 @grafana/faro-web-sdk:transport-fetch
 Failed sending payload to the receiver
 {meta: Object, events: Array(1)} TypeError: Failed to fetch
    at https://grafana-assets.grafana.net/grafana/13.2.0-30402795349/public/build/51849-react19.65c79a8b63097dcd175d.js:177:54112
    at window.fetch (https://plugins-cdn.grafana.net/grafana-kowalski-app/1.64.0/public/plugins/grafana-kowalski-app/463.js?_cache=1ed629a5641ef9c0de99:2:206687)
    at https://plugins-cdn.grafana.net/grafana-kowalski-app/1.64.0/public/plugins/grafana-kowalski-app/463.js?_cache=1ed629a5641ef9c0de99:2:336969
    at o.<computed>.o.<computed> (https://rsi.grafana.com/v1.1/js-integrations/Fullstory.min.js:1:5852)
    at Mr.<anonymous> (https://plugins-cdn.grafana.net/grafana-kowalski-app/1.64.0/public/plugins/grafana-kowalski-app/463.js?_cache=1ed629a5641ef9c0de99:2:268817)
    at Generator.throw (<anonymous>)
    at a (https://plugins-cdn.grafana.net/grafana-kowalski-app/1.64.0/public/plugins/grafana-kowalski-app/463.js?_cache=1ed629a5641ef9c0de99:2:264709) @ https://plugins-cdn.grafana.net/grafana-kowalski-app/1.64.0/public/plugins/grafana-kowalski-app/463.js?_cache=1ed629a5641ef9c0de99:1
[99993514ms] [ERROR] WebSocket connection to 'wss://deveadf53.grafana.net/api/live/ws' failed: HTTP Authentication failed; no valid credentials available @ https://grafana-assets.grafana.net/grafana/13.2.0-30402795349/public/build/8021-react19.98b0598537b074241f06.js:291
[99993773ms] [ERROR] Failed to load resource: net::ERR_NETWORK_CHANGED @ https://deveadf53.grafana.net/api/login/ping:0
[99996761ms] [ERROR] WebSocket connection to 'wss://deveadf53.grafana.net/api/live/ws' failed: HTTP Authentication failed; no valid credentials available @ https://grafana-assets.grafana.net/grafana/13.2.0-30402795349/public/build/8021-react19.98b0598537b074241f06.js:291
[101011249ms] [ERROR] WebSocket connection to 'wss://deveadf53.grafana.net/api/live/ws' failed: Error in connection establishment: net::ERR_NAME_NOT_RESOLVED @ https://grafana-assets.grafana.net/grafana/13.2.0-30402795349/public/build/8021-react19.98b0598537b074241f06.js:291
[101011333ms] [ERROR] Failed to load resource: net::ERR_NAME_NOT_RESOLVED @ https://deveadf53.grafana.net/api/login/ping:0
[101574267ms] [ERROR] WebSocket connection to 'wss://deveadf53.grafana.net/api/live/ws' failed: Error in connection establishment: net::ERR_NAME_NOT_RESOLVED @ https://grafana-assets.grafana.net/grafana/13.2.0-30402795349/public/build/8021-react19.98b0598537b074241f06.js:291
[101574360ms] [ERROR] Failed to load resource: net::ERR_NETWORK_CHANGED @ https://deveadf53.grafana.net/api/login/ping:0
[101574467ms] [ERROR] Failed to load resource: net::ERR_NETWORK_CHANGED @ https://faro-collector-ops-eu-south-0.grafana-ops.net/collect/2aaaae17b963ac219cd6e23a4850f00e:0
[101574669ms] [ERROR] Failed to load resource: net::ERR_NETWORK_CHANGED @ https://faro-collector-ops-eu-south-0.grafana-ops.net/collect/2aaaae17b963ac219cd6e23a4850f00e:0
[101574669ms] [ERROR] Faro
 @grafana/faro-web-sdk:transport-fetch
 Failed sending payload to the receiver
 {meta: Object, events: Array(1)} TypeError: Failed to fetch
    at https://grafana-assets.grafana.net/grafana/13.2.0-30402795349/public/build/51849-react19.65c79a8b63097dcd175d.js:177:54112
    at window.fetch (https://plugins-cdn.grafana.net/grafana-kowalski-app/1.64.0/public/plugins/grafana-kowalski-app/463.js?_cache=1ed629a5641ef9c0de99:2:206687)
    at https://plugins-cdn.grafana.net/grafana-kowalski-app/1.64.0/public/plugins/grafana-kowalski-app/463.js?_cache=1ed629a5641ef9c0de99:2:336969
    at o.<computed>.o.<computed> (https://rsi.grafana.com/v1.1/js-integrations/Fullstory.min.js:1:5852)
    at Mr.<anonymous> (https://plugins-cdn.grafana.net/grafana-kowalski-app/1.64.0/public/plugins/grafana-kowalski-app/463.js?_cache=1ed629a5641ef9c0de99:2:268817)
    at Generator.throw (<anonymous>)
    at a (https://plugins-cdn.grafana.net/grafana-kowalski-app/1.64.0/public/plugins/grafana-kowalski-app/463.js?_cache=1ed629a5641ef9c0de99:2:264709) @ https://plugins-cdn.grafana.net/grafana-kowalski-app/1.64.0/public/plugins/grafana-kowalski-app/463.js?_cache=1ed629a5641ef9c0de99:1
[101574670ms] [ERROR] Failed to load resource: net::ERR_NETWORK_CHANGED @ https://faro-collector-ops-eu-south-0.grafana-ops.net/collect/2aaaae17b963ac219cd6e23a4850f00e:0
[101574672ms] [ERROR] Faro
 @grafana/faro-web-sdk:transport-fetch
 Failed sending payload to the receiver
 {meta: Object, events: Array(3)} TypeError: Failed to fetch
    at https://grafana-assets.grafana.net/grafana/13.2.0-30402795349/public/build/51849-react19.65c79a8b63097dcd175d.js:177:54112
    at window.fetch (https://plugins-cdn.grafana.net/grafana-kowalski-app/1.64.0/public/plugins/grafana-kowalski-app/463.js?_cache=1ed629a5641ef9c0de99:2:206687)
    at https://plugins-cdn.grafana.net/grafana-kowalski-app/1.64.0/public/plugins/grafana-kowalski-app/463.js?_cache=1ed629a5641ef9c0de99:2:336969
    at o.<computed>.o.<computed> (https://rsi.grafana.com/v1.1/js-integrations/Fullstory.min.js:1:5852)
    at Mr.<anonymous> (https://plugins-cdn.grafana.net/grafana-kowalski-app/1.64.0/public/plugins/grafana-kowalski-app/463.js?_cache=1ed629a5641ef9c0de99:2:268575)
    at Generator.next (<anonymous>)
    at https://plugins-cdn.grafana.net/grafana-kowalski-app/1.64.0/public/plugins/grafana-kowalski-app/463.js?_cache=1ed629a5641ef9c0de99:2:264856
    at new Promise (<anonymous>)
    at Tr (https://plugins-cdn.grafana.net/grafana-kowalski-app/1.64.0/public/plugins/grafana-kowalski-app/463.js?_cache=1ed629a5641ef9c0de99:2:264601)
    at Mr.fetchWithKeepaliveRetry (https://plugins-cdn.grafana.net/grafana-kowalski-app/1.64.0/public/plugins/grafana-kowalski-app/463.js?_cache=1ed629a5641ef9c0de99:2:268487) @ https://plugins-cdn.grafana.net/grafana-kowalski-app/1.64.0/public/plugins/grafana-kowalski-app/463.js?_cache=1ed629a5641ef9c0de99:1
[102511451ms] [ERROR] WebSocket connection to 'wss://deveadf53.grafana.net/api/live/ws' failed: Error in connection establishment: net::ERR_NAME_NOT_RESOLVED @ https://grafana-assets.grafana.net/grafana/13.2.0-30402795349/public/build/8021-react19.98b0598537b074241f06.js:291
[102511566ms] [ERROR] Failed to load resource: net::ERR_NETWORK_CHANGED @ https://deveadf53.grafana.net/api/login/ping:0
[102512032ms] [ERROR] Failed to load resource: net::ERR_NETWORK_CHANGED @ https://faro-collector-ops-eu-south-0.grafana-ops.net/collect/2aaaae17b963ac219cd6e23a4850f00e:0
[102512033ms] [ERROR] Faro
 @grafana/faro-web-sdk:transport-fetch
 Failed sending payload to the receiver
 {meta: Object, events: Array(4)} TypeError: Failed to fetch
    at https://grafana-assets.grafana.net/grafana/13.2.0-30402795349/public/build/51849-react19.65c79a8b63097dcd175d.js:177:54112
    at window.fetch (https://plugins-cdn.grafana.net/grafana-kowalski-app/1.64.0/public/plugins/grafana-kowalski-app/463.js?_cache=1ed629a5641ef9c0de99:2:206687)
    at https://plugins-cdn.grafana.net/grafana-kowalski-app/1.64.0/public/plugins/grafana-kowalski-app/463.js?_cache=1ed629a5641ef9c0de99:2:336969
    at o.<computed>.o.<computed> (https://rsi.grafana.com/v1.1/js-integrations/Fullstory.min.js:1:5852)
    at Mr.<anonymous> (https://plugins-cdn.grafana.net/grafana-kowalski-app/1.64.0/public/plugins/grafana-kowalski-app/463.js?_cache=1ed629a5641ef9c0de99:2:268575)
    at Generator.next (<anonymous>)
    at https://plugins-cdn.grafana.net/grafana-kowalski-app/1.64.0/public/plugins/grafana-kowalski-app/463.js?_cache=1ed629a5641ef9c0de99:2:264856
    at new Promise (<anonymous>)
    at Tr (https://plugins-cdn.grafana.net/grafana-kowalski-app/1.64.0/public/plugins/grafana-kowalski-app/463.js?_cache=1ed629a5641ef9c0de99:2:264601)
    at Mr.fetchWithKeepaliveRetry (https://plugins-cdn.grafana.net/grafana-kowalski-app/1.64.0/public/plugins/grafana-kowalski-app/463.js?_cache=1ed629a5641ef9c0de99:2:268487) @ https://plugins-cdn.grafana.net/grafana-kowalski-app/1.64.0/public/plugins/grafana-kowalski-app/463.js?_cache=1ed629a5641ef9c0de99:1
[103467010ms] [ERROR] WebSocket connection to 'wss://deveadf53.grafana.net/api/live/ws' failed: HTTP Authentication failed; no valid credentials available @ https://grafana-assets.grafana.net/grafana/13.2.0-30402795349/public/build/8021-react19.98b0598537b074241f06.js:291
[103467304ms] [ERROR] Failed to load resource: the server responded with a status of 401 () @ https://deveadf53.grafana.net/api/login/ping:0
[104410471ms] [ERROR] Failed to load resource: net::ERR_NETWORK_CHANGED @ https://faro-collector-ops-eu-south-0.grafana-ops.net/collect/bc03dd0f2a088059ae67a23bc296a26d:0
[104410688ms] [ERROR] Failed to load resource: net::ERR_NETWORK_CHANGED @ https://faro-collector-ops-eu-south-0.grafana-ops.net/collect/bc03dd0f2a088059ae67a23bc296a26d:0
[108890535ms] [ERROR] WebSocket connection to 'wss://deveadf53.grafana.net/api/live/ws' failed: HTTP Authentication failed; no valid credentials available @ https://grafana-assets.grafana.net/grafana/13.2.0-30402795349/public/build/8021-react19.98b0598537b074241f06.js:291
[108890954ms] [ERROR] Failed to load resource: the server responded with a status of 401 () @ https://deveadf53.grafana.net/api/login/ping:0
[109550622ms] [ERROR] Failed to load resource: net::ERR_NETWORK_CHANGED @ https://faro-collector-ops-eu-south-0.grafana-ops.net/collect/bc03dd0f2a088059ae67a23bc296a26d:0
[109550737ms] [ERROR] Failed to load resource: net::ERR_NETWORK_CHANGED @ https://faro-collector-ops-eu-south-0.grafana-ops.net/collect/bc03dd0f2a088059ae67a23bc296a26d:0
[110793979ms] [ERROR] WebSocket connection to 'wss://deveadf53.grafana.net/api/live/ws' failed: HTTP Authentication failed; no valid credentials available @ https://grafana-assets.grafana.net/grafana/13.2.0-30402795349/public/build/8021-react19.98b0598537b074241f06.js:291
[110794502ms] [ERROR] Failed to load resource: the server responded with a status of 401 () @ https://deveadf53.grafana.net/api/login/ping:0
[111742923ms] [ERROR] Failed to load resource: net::ERR_NETWORK_CHANGED @ https://faro-collector-ops-eu-south-0.grafana-ops.net/collect/bc03dd0f2a088059ae67a23bc296a26d:0
[115648725ms] [ERROR] WebSocket connection to 'wss://deveadf53.grafana.net/api/live/ws' failed: HTTP Authentication failed; no valid credentials available @ https://grafana-assets.grafana.net/grafana/13.2.0-30402795349/public/build/8021-react19.98b0598537b074241f06.js:291
[115649142ms] [ERROR] Failed to load resource: the server responded with a status of 401 () @ https://deveadf53.grafana.net/api/login/ping:0
[116209225ms] [ERROR] Failed to load resource: net::ERR_NETWORK_CHANGED @ https://faro-collector-ops-eu-south-0.grafana-ops.net/collect/2aaaae17b963ac219cd6e23a4850f00e:0
[116209228ms] [ERROR] Failed to load resource: net::ERR_NETWORK_CHANGED @ https://faro-collector-ops-eu-south-0.grafana-ops.net/collect/2aaaae17b963ac219cd6e23a4850f00e:0
[116209818ms] [ERROR] Failed to load resource: net::ERR_NETWORK_CHANGED @ https://faro-collector-ops-eu-south-0.grafana-ops.net/collect/2aaaae17b963ac219cd6e23a4850f00e:0
[116209820ms] [ERROR] Faro
 @grafana/faro-web-sdk:transport-fetch
 Failed sending payload to the receiver
 {meta: Object, events: Array(2)} TypeError: Failed to fetch
    at https://grafana-assets.grafana.net/grafana/13.2.0-30402795349/public/build/51849-react19.65c79a8b63097dcd175d.js:177:54112
    at window.fetch (https://plugins-cdn.grafana.net/grafana-kowalski-app/1.64.0/public/plugins/grafana-kowalski-app/463.js?_cache=1ed629a5641ef9c0de99:2:206687)
    at https://plugins-cdn.grafana.net/grafana-kowalski-app/1.64.0/public/plugins/grafana-kowalski-app/463.js?_cache=1ed629a5641ef9c0de99:2:336969
    at o.<computed>.o.<computed> (https://rsi.grafana.com/v1.1/js-integrations/Fullstory.min.js:1:5852)
    at Mr.<anonymous> (https://plugins-cdn.grafana.net/grafana-kowalski-app/1.64.0/public/plugins/grafana-kowalski-app/463.js?_cache=1ed629a5641ef9c0de99:2:268817)
    at Generator.throw (<anonymous>)
    at a (https://plugins-cdn.grafana.net/grafana-kowalski-app/1.64.0/public/plugins/grafana-kowalski-app/463.js?_cache=1ed629a5641ef9c0de99:2:264709) @ https://plugins-cdn.grafana.net/grafana-kowalski-app/1.64.0/public/plugins/grafana-kowalski-app/463.js?_cache=1ed629a5641ef9c0de99:1
[119886466ms] [ERROR] WebSocket connection to 'wss://deveadf53.grafana.net/api/live/ws' failed: HTTP Authentication failed; no valid credentials available @ https://grafana-assets.grafana.net/grafana/13.2.0-30402795349/public/build/8021-react19.98b0598537b074241f06.js:291
[119886844ms] [ERROR] Failed to load resource: the server responded with a status of 401 () @ https://deveadf53.grafana.net/api/login/ping:0
[120794114ms] [ERROR] Failed to load resource: net::ERR_NETWORK_CHANGED @ https://faro-collector-ops-eu-south-0.grafana-ops.net/collect/2aaaae17b963ac219cd6e23a4850f00e:0
[120794115ms] [ERROR] Failed to load resource: net::ERR_NETWORK_CHANGED @ https://faro-collector-ops-eu-south-0.grafana-ops.net/collect/2aaaae17b963ac219cd6e23a4850f00e:0
[120794117ms] [ERROR] Failed to load resource: net::ERR_NETWORK_CHANGED @ https://deveadf53.grafana.net/api/login/ping:0
[120794368ms] [ERROR] Failed to load resource: net::ERR_NETWORK_CHANGED @ https://faro-collector-ops-eu-south-0.grafana-ops.net/collect/2aaaae17b963ac219cd6e23a4850f00e:0
[120794368ms] [ERROR] Faro
 @grafana/faro-web-sdk:transport-fetch
 Failed sending payload to the receiver
 {meta: Object, events: Array(1)} TypeError: Failed to fetch
    at https://grafana-assets.grafana.net/grafana/13.2.0-30402795349/public/build/51849-react19.65c79a8b63097dcd175d.js:177:54112
    at window.fetch (https://plugins-cdn.grafana.net/grafana-kowalski-app/1.64.0/public/plugins/grafana-kowalski-app/463.js?_cache=1ed629a5641ef9c0de99:2:206687)
    at https://plugins-cdn.grafana.net/grafana-kowalski-app/1.64.0/public/plugins/grafana-kowalski-app/463.js?_cache=1ed629a5641ef9c0de99:2:336969
    at o.<computed>.o.<computed> (https://rsi.grafana.com/v1.1/js-integrations/Fullstory.min.js:1:5852)
    at Mr.<anonymous> (https://plugins-cdn.grafana.net/grafana-kowalski-app/1.64.0/public/plugins/grafana-kowalski-app/463.js?_cache=1ed629a5641ef9c0de99:2:268817)
    at Generator.throw (<anonymous>)
    at a (https://plugins-cdn.grafana.net/grafana-kowalski-app/1.64.0/public/plugins/grafana-kowalski-app/463.js?_cache=1ed629a5641ef9c0de99:2:264709) @ https://plugins-cdn.grafana.net/grafana-kowalski-app/1.64.0/public/plugins/grafana-kowalski-app/463.js?_cache=1ed629a5641ef9c0de99:1
[120794369ms] [ERROR] Failed to load resource: net::ERR_NETWORK_CHANGED @ https://faro-collector-ops-eu-south-0.grafana-ops.net/collect/2aaaae17b963ac219cd6e23a4850f00e:0
[120794369ms] [ERROR] Faro
 @grafana/faro-web-sdk:transport-fetch
 Failed sending payload to the receiver
 {meta: Object, events: Array(1)} TypeError: Failed to fetch
    at https://grafana-assets.grafana.net/grafana/13.2.0-30402795349/public/build/51849-react19.65c79a8b63097dcd175d.js:177:54112
    at window.fetch (https://plugins-cdn.grafana.net/grafana-kowalski-app/1.64.0/public/plugins/grafana-kowalski-app/463.js?_cache=1ed629a5641ef9c0de99:2:206687)
    at https://plugins-cdn.grafana.net/grafana-kowalski-app/1.64.0/public/plugins/grafana-kowalski-app/463.js?_cache=1ed629a5641ef9c0de99:2:336969
    at o.<computed>.o.<computed> (https://rsi.grafana.com/v1.1/js-integrations/Fullstory.min.js:1:5852)
    at Mr.<anonymous> (https://plugins-cdn.grafana.net/grafana-kowalski-app/1.64.0/public/plugins/grafana-kowalski-app/463.js?_cache=1ed629a5641ef9c0de99:2:268817)
    at Generator.throw (<anonymous>)
    at a (https://plugins-cdn.grafana.net/grafana-kowalski-app/1.64.0/public/plugins/grafana-kowalski-app/463.js?_cache=1ed629a5641ef9c0de99:2:264709) @ https://plugins-cdn.grafana.net/grafana-kowalski-app/1.64.0/public/plugins/grafana-kowalski-app/463.js?_cache=1ed629a5641ef9c0de99:1
[120794371ms] [ERROR] WebSocket connection to 'wss://deveadf53.grafana.net/api/live/ws' failed: Error in connection establishment: net::ERR_NAME_NOT_RESOLVED @ https://grafana-assets.grafana.net/grafana/13.2.0-30402795349/public/build/8021-react19.98b0598537b074241f06.js:291
[120794543ms] [ERROR] Failed to load resource: net::ERR_NETWORK_CHANGED @ https://faro-collector-ops-eu-south-0.grafana-ops.net/collect/2aaaae17b963ac219cd6e23a4850f00e:0
[120794557ms] [ERROR] Faro
 @grafana/faro-web-sdk:transport-fetch
 Failed sending payload to the receiver
 {meta: Object, events: Array(4)} TypeError: Failed to fetch
    at https://grafana-assets.grafana.net/grafana/13.2.0-30402795349/public/build/51849-react19.65c79a8b63097dcd175d.js:177:54112
    at window.fetch (https://plugins-cdn.grafana.net/grafana-kowalski-app/1.64.0/public/plugins/grafana-kowalski-app/463.js?_cache=1ed629a5641ef9c0de99:2:206687)
    at https://plugins-cdn.grafana.net/grafana-kowalski-app/1.64.0/public/plugins/grafana-kowalski-app/463.js?_cache=1ed629a5641ef9c0de99:2:336969
    at o.<computed>.o.<computed> (https://rsi.grafana.com/v1.1/js-integrations/Fullstory.min.js:1:5852)
    at Mr.<anonymous> (https://plugins-cdn.grafana.net/grafana-kowalski-app/1.64.0/public/plugins/grafana-kowalski-app/463.js?_cache=1ed629a5641ef9c0de99:2:268575)
    at Generator.next (<anonymous>)
    at https://plugins-cdn.grafana.net/grafana-kowalski-app/1.64.0/public/plugins/grafana-kowalski-app/463.js?_cache=1ed629a5641ef9c0de99:2:264856
    at new Promise (<anonymous>)
    at Tr (https://plugins-cdn.grafana.net/grafana-kowalski-app/1.64.0/public/plugins/grafana-kowalski-app/463.js?_cache=1ed629a5641ef9c0de99:2:264601)
    at Mr.fetchWithKeepaliveRetry (https://plugins-cdn.grafana.net/grafana-kowalski-app/1.64.0/public/plugins/grafana-kowalski-app/463.js?_cache=1ed629a5641ef9c0de99:2:268487) @ https://plugins-cdn.grafana.net/grafana-kowalski-app/1.64.0/public/plugins/grafana-kowalski-app/463.js?_cache=1ed629a5641ef9c0de99:1
[120794557ms] [ERROR] Failed to load resource: net::ERR_NETWORK_CHANGED @ https://faro-collector-ops-eu-south-0.grafana-ops.net/collect/2aaaae17b963ac219cd6e23a4850f00e:0
[120794569ms] [ERROR] Faro
 @grafana/faro-web-sdk:transport-fetch
 Failed sending payload to the receiver
 {meta: Object, events: Array(4)} TypeError: Failed to fetch
    at https://grafana-assets.grafana.net/grafana/13.2.0-30402795349/public/build/51849-react19.65c79a8b63097dcd175d.js:177:54112
    at window.fetch (https://plugins-cdn.grafana.net/grafana-kowalski-app/1.64.0/public/plugins/grafana-kowalski-app/463.js?_cache=1ed629a5641ef9c0de99:2:206687)
    at https://plugins-cdn.grafana.net/grafana-kowalski-app/1.64.0/public/plugins/grafana-kowalski-app/463.js?_cache=1ed629a5641ef9c0de99:2:336969
    at o.<computed>.o.<computed> (https://rsi.grafana.com/v1.1/js-integrations/Fullstory.min.js:1:5852)
    at Mr.<anonymous> (https://plugins-cdn.grafana.net/grafana-kowalski-app/1.64.0/public/plugins/grafana-kowalski-app/463.js?_cache=1ed629a5641ef9c0de99:2:268575)
    at Generator.next (<anonymous>)
    at https://plugins-cdn.grafana.net/grafana-kowalski-app/1.64.0/public/plugins/grafana-kowalski-app/463.js?_cache=1ed629a5641ef9c0de99:2:264856
    at new Promise (<anonymous>)
    at Tr (https://plugins-cdn.grafana.net/grafana-kowalski-app/1.64.0/public/plugins/grafana-kowalski-app/463.js?_cache=1ed629a5641ef9c0de99:2:264601)
    at Mr.fetchWithKeepaliveRetry (https://plugins-cdn.grafana.net/grafana-kowalski-app/1.64.0/public/plugins/grafana-kowalski-app/463.js?_cache=1ed629a5641ef9c0de99:2:268487) @ https://plugins-cdn.grafana.net/grafana-kowalski-app/1.64.0/public/plugins/grafana-kowalski-app/463.js?_cache=1ed629a5641ef9c0de99:1
[120794569ms] [ERROR] Failed to load resource: net::ERR_NETWORK_CHANGED @ https://faro-collector-ops-eu-south-0.grafana-ops.net/collect/bc03dd0f2a088059ae67a23bc296a26d:0
[120794591ms] [ERROR] Failed to load resource: net::ERR_NAME_NOT_RESOLVED @ https://deveadf53.grafana.net/api/login/ping:0
[120794624ms] [ERROR] Failed to load resource: net::ERR_NETWORK_CHANGED @ https://faro-collector-ops-eu-south-0.grafana-ops.net/collect/bc03dd0f2a088059ae67a23bc296a26d:0
[120794865ms] [ERROR] Failed to load resource: net::ERR_NETWORK_CHANGED @ https://faro-collector-ops-eu-south-0.grafana-ops.net/collect/2aaaae17b963ac219cd6e23a4850f00e:0
[120796398ms] [ERROR] WebSocket connection to 'wss://deveadf53.grafana.net/api/live/ws' failed: HTTP Authentication failed; no valid credentials available @ https://grafana-assets.grafana.net/grafana/13.2.0-30402795349/public/build/8021-react19.98b0598537b074241f06.js:291
[121785799ms] [ERROR] WebSocket connection to 'wss://deveadf53.grafana.net/api/live/ws' failed: Error in connection establishment: net::ERR_NAME_NOT_RESOLVED @ https://grafana-assets.grafana.net/grafana/13.2.0-30402795349/public/build/8021-react19.98b0598537b074241f06.js:291
[121786356ms] [ERROR] Failed to load resource: the server responded with a status of 401 () @ https://deveadf53.grafana.net/api/login/ping:0
[126563337ms] [ERROR] WebSocket connection to 'wss://deveadf53.grafana.net/api/live/ws' failed: HTTP Authentication failed; no valid credentials available @ https://grafana-assets.grafana.net/grafana/13.2.0-30402795349/public/build/8021-react19.98b0598537b074241f06.js:291
[126563752ms] [ERROR] Failed to load resource: the server responded with a status of 401 () @ https://deveadf53.grafana.net/api/login/ping:0
[127538386ms] [ERROR] Failed to load resource: net::ERR_NAME_NOT_RESOLVED @ https://faro-collector-ops-eu-south-0.grafana-ops.net/collect/bc03dd0f2a088059ae67a23bc296a26d:0
[127538616ms] [ERROR] Failed to load resource: net::ERR_NETWORK_CHANGED @ https://faro-collector-ops-eu-south-0.grafana-ops.net/collect/bc03dd0f2a088059ae67a23bc296a26d:0
[136657404ms] [ERROR] Failed to load resource: net::ERR_NETWORK_CHANGED @ https://faro-collector-ops-eu-south-0.grafana-ops.net/collect/2aaaae17b963ac219cd6e23a4850f00e:0
[136657610ms] [ERROR] Failed to load resource: net::ERR_NETWORK_CHANGED @ https://faro-collector-ops-eu-south-0.grafana-ops.net/collect/2aaaae17b963ac219cd6e23a4850f00e:0
[136657610ms] [ERROR] Faro
 @grafana/faro-web-sdk:transport-fetch
 Failed sending payload to the receiver
 {meta: Object, events: Array(1)} TypeError: Failed to fetch
    at https://grafana-assets.grafana.net/grafana/13.2.0-30402795349/public/build/51849-react19.65c79a8b63097dcd175d.js:177:54112
    at window.fetch (https://plugins-cdn.grafana.net/grafana-kowalski-app/1.64.0/public/plugins/grafana-kowalski-app/463.js?_cache=1ed629a5641ef9c0de99:2:206687)
    at https://plugins-cdn.grafana.net/grafana-kowalski-app/1.64.0/public/plugins/grafana-kowalski-app/463.js?_cache=1ed629a5641ef9c0de99:2:336969
    at o.<computed>.o.<computed> (https://rsi.grafana.com/v1.1/js-integrations/Fullstory.min.js:1:5852)
    at Mr.<anonymous> (https://plugins-cdn.grafana.net/grafana-kowalski-app/1.64.0/public/plugins/grafana-kowalski-app/463.js?_cache=1ed629a5641ef9c0de99:2:268817)
    at Generator.throw (<anonymous>)
    at a (https://plugins-cdn.grafana.net/grafana-kowalski-app/1.64.0/public/plugins/grafana-kowalski-app/463.js?_cache=1ed629a5641ef9c0de99:2:264709) @ https://plugins-cdn.grafana.net/grafana-kowalski-app/1.64.0/public/plugins/grafana-kowalski-app/463.js?_cache=1ed629a5641ef9c0de99:1
[137740650ms] [WARNING] WebSocket connection to 'wss://deveadf53.grafana.net/api/live/ws' failed: WebSocket is closed before the connection is established. @ https://grafana-assets.grafana.net/grafana/13.2.0-30402795349/public/build/8021-react19.98b0598537b074241f06.js:291
[137741317ms] [ERROR] Failed to load resource: the server responded with a status of 401 () @ https://deveadf53.grafana.net/api/login/ping:0
[137741668ms] [ERROR] WebSocket connection to 'wss://deveadf53.grafana.net/api/live/ws' failed: HTTP Authentication failed; no valid credentials available @ https://grafana-assets.grafana.net/grafana/13.2.0-30402795349/public/build/8021-react19.98b0598537b074241f06.js:291
[137742437ms] [ERROR] Faro
 @grafana/faro-web-sdk:transport-fetch
 Failed sending payload to the receiver
 {meta: Object, events: Array(1)} TypeError: Cannot read properties of undefined (reading 'internalLogger')
    at logDebug (https://plugins-cdn.grafana.net/grafana-kowalski-app/1.64.0/public/plugins/grafana-kowalski-app/463.js?_cache=1ed629a5641ef9c0de99:2:659)
    at Mr.extendFaroSession (https://plugins-cdn.grafana.net/grafana-kowalski-app/1.64.0/public/plugins/grafana-kowalski-app/463.js?_cache=1ed629a5641ef9c0de99:2:269852)
    at Mr.<anonymous> (https://plugins-cdn.grafana.net/grafana-kowalski-app/1.64.0/public/plugins/grafana-kowalski-app/463.js?_cache=1ed629a5641ef9c0de99:2:269074)
    at Generator.next (<anonymous>)
    at https://plugins-cdn.grafana.net/grafana-kowalski-app/1.64.0/public/plugins/grafana-kowalski-app/463.js?_cache=1ed629a5641ef9c0de99:2:264856
    at new Promise (<anonymous>)
    at Tr (https://plugins-cdn.grafana.net/grafana-kowalski-app/1.64.0/public/plugins/grafana-kowalski-app/463.js?_cache=1ed629a5641ef9c0de99:2:264601)
    at Mr.handleResponse (https://plugins-cdn.grafana.net/grafana-kowalski-app/1.64.0/public/plugins/grafana-kowalski-app/463.js?_cache=1ed629a5641ef9c0de99:2:268963)
    at Mr.<anonymous> (https://plugins-cdn.grafana.net/grafana-kowalski-app/1.64.0/public/plugins/grafana-kowalski-app/463.js?_cache=1ed629a5641ef9c0de99:2:268655)
    at Generator.next (<anonymous>) @ https://plugins-cdn.grafana.net/grafana-kowalski-app/1.64.0/public/plugins/grafana-kowalski-app/463.js?_cache=1ed629a5641ef9c0de99:1
[141011176ms] [ERROR] WebSocket connection to 'wss://deveadf53.grafana.net/api/live/ws' failed: HTTP Authentication failed; no valid credentials available @ https://grafana-assets.grafana.net/grafana/13.2.0-30402795349/public/build/8021-react19.98b0598537b074241f06.js:291
[141011534ms] [ERROR] Failed to load resource: the server responded with a status of 401 () @ https://deveadf53.grafana.net/api/login/ping:0
[142036296ms] [ERROR] Failed to load resource: net::ERR_NETWORK_CHANGED @ https://faro-collector-ops-eu-south-0.grafana-ops.net/collect/2aaaae17b963ac219cd6e23a4850f00e:0
[142036300ms] [ERROR] Failed to load resource: net::ERR_NETWORK_CHANGED @ https://faro-collector-ops-eu-south-0.grafana-ops.net/collect/2aaaae17b963ac219cd6e23a4850f00e:0
[142036301ms] [ERROR] Failed to load resource: net::ERR_NETWORK_CHANGED @ https://faro-collector-ops-eu-south-0.grafana-ops.net/collect/bc03dd0f2a088059ae67a23bc296a26d:0
[142036538ms] [ERROR] WebSocket connection to 'wss://deveadf53.grafana.net/api/live/ws' failed: HTTP Authentication failed; no valid credentials available @ https://grafana-assets.grafana.net/grafana/13.2.0-30402795349/public/build/8021-react19.98b0598537b074241f06.js:291
[142036568ms] [ERROR] Failed to load resource: net::ERR_NETWORK_CHANGED @ https://faro-collector-ops-eu-south-0.grafana-ops.net/collect/2aaaae17b963ac219cd6e23a4850f00e:0
[142036569ms] [ERROR] Faro
 @grafana/faro-web-sdk:transport-fetch
 Failed sending payload to the receiver
 {meta: Object, events: Array(1)} TypeError: Failed to fetch
    at https://grafana-assets.grafana.net/grafana/13.2.0-30402795349/public/build/51849-react19.65c79a8b63097dcd175d.js:177:54112
    at window.fetch (https://plugins-cdn.grafana.net/grafana-kowalski-app/1.64.0/public/plugins/grafana-kowalski-app/463.js?_cache=1ed629a5641ef9c0de99:2:206687)
    at https://plugins-cdn.grafana.net/grafana-kowalski-app/1.64.0/public/plugins/grafana-kowalski-app/463.js?_cache=1ed629a5641ef9c0de99:2:336969
    at o.<computed>.o.<computed> (https://rsi.grafana.com/v1.1/js-integrations/Fullstory.min.js:1:5852)
    at Mr.<anonymous> (https://plugins-cdn.grafana.net/grafana-kowalski-app/1.64.0/public/plugins/grafana-kowalski-app/463.js?_cache=1ed629a5641ef9c0de99:2:268817)
    at Generator.throw (<anonymous>)
    at a (https://plugins-cdn.grafana.net/grafana-kowalski-app/1.64.0/public/plugins/grafana-kowalski-app/463.js?_cache=1ed629a5641ef9c0de99:2:264709) @ https://plugins-cdn.grafana.net/grafana-kowalski-app/1.64.0/public/plugins/grafana-kowalski-app/463.js?_cache=1ed629a5641ef9c0de99:1
[142036569ms] [ERROR] Failed to load resource: net::ERR_NETWORK_CHANGED @ https://faro-collector-ops-eu-south-0.grafana-ops.net/collect/2aaaae17b963ac219cd6e23a4850f00e:0
[142036569ms] [ERROR] Faro
 @grafana/faro-web-sdk:transport-fetch
 Failed sending payload to the receiver
 {meta: Object, events: Array(2)} TypeError: Failed to fetch
    at https://grafana-assets.grafana.net/grafana/13.2.0-30402795349/public/build/51849-react19.65c79a8b63097dcd175d.js:177:54112
    at window.fetch (https://plugins-cdn.grafana.net/grafana-kowalski-app/1.64.0/public/plugins/grafana-kowalski-app/463.js?_cache=1ed629a5641ef9c0de99:2:206687)
    at https://plugins-cdn.grafana.net/grafana-kowalski-app/1.64.0/public/plugins/grafana-kowalski-app/463.js?_cache=1ed629a5641ef9c0de99:2:336969
    at o.<computed>.o.<computed> (https://rsi.grafana.com/v1.1/js-integrations/Fullstory.min.js:1:5852)
    at Mr.<anonymous> (https://plugins-cdn.grafana.net/grafana-kowalski-app/1.64.0/public/plugins/grafana-kowalski-app/463.js?_cache=1ed629a5641ef9c0de99:2:268817)
    at Generator.throw (<anonymous>)
    at a (https://plugins-cdn.grafana.net/grafana-kowalski-app/1.64.0/public/plugins/grafana-kowalski-app/463.js?_cache=1ed629a5641ef9c0de99:2:264709) @ https://plugins-cdn.grafana.net/grafana-kowalski-app/1.64.0/public/plugins/grafana-kowalski-app/463.js?_cache=1ed629a5641ef9c0de99:1
[142036569ms] [ERROR] Failed to load resource: net::ERR_NETWORK_CHANGED @ https://faro-collector-ops-eu-south-0.grafana-ops.net/collect/bc03dd0f2a088059ae67a23bc296a26d:0
[142036569ms] [ERROR] Failed to load resource: net::ERR_NETWORK_CHANGED @ https://faro-collector-ops-eu-south-0.grafana-ops.net/collect/2aaaae17b963ac219cd6e23a4850f00e:0
[142036583ms] [ERROR] Faro
 @grafana/faro-web-sdk:transport-fetch
 Failed sending payload to the receiver
 {meta: Object, events: Array(3)} TypeError: Failed to fetch
    at https://grafana-assets.grafana.net/grafana/13.2.0-30402795349/public/build/51849-react19.65c79a8b63097dcd175d.js:177:54112
    at window.fetch (https://plugins-cdn.grafana.net/grafana-kowalski-app/1.64.0/public/plugins/grafana-kowalski-app/463.js?_cache=1ed629a5641ef9c0de99:2:206687)
    at https://plugins-cdn.grafana.net/grafana-kowalski-app/1.64.0/public/plugins/grafana-kowalski-app/463.js?_cache=1ed629a5641ef9c0de99:2:336969
    at o.<computed>.o.<computed> (https://rsi.grafana.com/v1.1/js-integrations/Fullstory.min.js:1:5852)
    at Mr.<anonymous> (https://plugins-cdn.grafana.net/grafana-kowalski-app/1.64.0/public/plugins/grafana-kowalski-app/463.js?_cache=1ed629a5641ef9c0de99:2:268575)
    at Generator.next (<anonymous>)
    at https://plugins-cdn.grafana.net/grafana-kowalski-app/1.64.0/public/plugins/grafana-kowalski-app/463.js?_cache=1ed629a5641ef9c0de99:2:264856
    at new Promise (<anonymous>)
    at Tr (https://plugins-cdn.grafana.net/grafana-kowalski-app/1.64.0/public/plugins/grafana-kowalski-app/463.js?_cache=1ed629a5641ef9c0de99:2:264601)
    at Mr.fetchWithKeepaliveRetry (https://plugins-cdn.grafana.net/grafana-kowalski-app/1.64.0/public/plugins/grafana-kowalski-app/463.js?_cache=1ed629a5641ef9c0de99:2:268487) @ https://plugins-cdn.grafana.net/grafana-kowalski-app/1.64.0/public/plugins/grafana-kowalski-app/463.js?_cache=1ed629a5641ef9c0de99:1
[142036615ms] [ERROR] Failed to load resource: net::ERR_NAME_NOT_RESOLVED @ https://deveadf53.grafana.net/api/login/ping:0
[142036780ms] [ERROR] Failed to load resource: net::ERR_NAME_NOT_RESOLVED @ https://faro-collector-ops-eu-south-0.grafana-ops.net/collect/2aaaae17b963ac219cd6e23a4850f00e:0
[142036846ms] [ERROR] Failed to load resource: net::ERR_NETWORK_CHANGED @ https://faro-collector-ops-eu-south-0.grafana-ops.net/collect/2aaaae17b963ac219cd6e23a4850f00e:0
[142036846ms] [ERROR] Faro
 @grafana/faro-web-sdk:transport-fetch
 Failed sending payload to the receiver
 {meta: Object, events: Array(2)} TypeError: Failed to fetch
    at https://grafana-assets.grafana.net/grafana/13.2.0-30402795349/public/build/51849-react19.65c79a8b63097dcd175d.js:177:54112
    at window.fetch (https://plugins-cdn.grafana.net/grafana-kowalski-app/1.64.0/public/plugins/grafana-kowalski-app/463.js?_cache=1ed629a5641ef9c0de99:2:206687)
    at https://plugins-cdn.grafana.net/grafana-kowalski-app/1.64.0/public/plugins/grafana-kowalski-app/463.js?_cache=1ed629a5641ef9c0de99:2:336969
    at o.<computed>.o.<computed> (https://rsi.grafana.com/v1.1/js-integrations/Fullstory.min.js:1:5852)
    at Mr.<anonymous> (https://plugins-cdn.grafana.net/grafana-kowalski-app/1.64.0/public/plugins/grafana-kowalski-app/463.js?_cache=1ed629a5641ef9c0de99:2:268817)
    at Generator.throw (<anonymous>)
    at a (https://plugins-cdn.grafana.net/grafana-kowalski-app/1.64.0/public/plugins/grafana-kowalski-app/463.js?_cache=1ed629a5641ef9c0de99:2:264709) @ https://plugins-cdn.grafana.net/grafana-kowalski-app/1.64.0/public/plugins/grafana-kowalski-app/463.js?_cache=1ed629a5641ef9c0de99:1
[142038379ms] [ERROR] WebSocket connection to 'wss://deveadf53.grafana.net/api/live/ws' failed: HTTP Authentication failed; no valid credentials available @ https://grafana-assets.grafana.net/grafana/13.2.0-30402795349/public/build/8021-react19.98b0598537b074241f06.js:291
[143118345ms] [ERROR] WebSocket connection to 'wss://deveadf53.grafana.net/api/live/ws' failed: Error in connection establishment: net::ERR_NAME_NOT_RESOLVED @ https://grafana-assets.grafana.net/grafana/13.2.0-30402795349/public/build/8021-react19.98b0598537b074241f06.js:291
[143118475ms] [ERROR] Failed to load resource: net::ERR_NETWORK_CHANGED @ https://deveadf53.grafana.net/api/login/ping:0
[143118928ms] [ERROR] Failed to load resource: net::ERR_NAME_NOT_RESOLVED @ https://faro-collector-ops-eu-south-0.grafana-ops.net/collect/2aaaae17b963ac219cd6e23a4850f00e:0
[143118963ms] [ERROR] Failed to load resource: net::ERR_NETWORK_CHANGED @ https://faro-collector-ops-eu-south-0.grafana-ops.net/collect/2aaaae17b963ac219cd6e23a4850f00e:0
[143118963ms] [ERROR] Faro
 @grafana/faro-web-sdk:transport-fetch
 Failed sending payload to the receiver
 {meta: Object, events: Array(1)} TypeError: Failed to fetch
    at https://grafana-assets.grafana.net/grafana/13.2.0-30402795349/public/build/51849-react19.65c79a8b63097dcd175d.js:177:54112
    at window.fetch (https://plugins-cdn.grafana.net/grafana-kowalski-app/1.64.0/public/plugins/grafana-kowalski-app/463.js?_cache=1ed629a5641ef9c0de99:2:206687)
    at https://plugins-cdn.grafana.net/grafana-kowalski-app/1.64.0/public/plugins/grafana-kowalski-app/463.js?_cache=1ed629a5641ef9c0de99:2:336969
    at o.<computed>.o.<computed> (https://rsi.grafana.com/v1.1/js-integrations/Fullstory.min.js:1:5852)
    at Mr.<anonymous> (https://plugins-cdn.grafana.net/grafana-kowalski-app/1.64.0/public/plugins/grafana-kowalski-app/463.js?_cache=1ed629a5641ef9c0de99:2:268817)
    at Generator.throw (<anonymous>)
    at a (https://plugins-cdn.grafana.net/grafana-kowalski-app/1.64.0/public/plugins/grafana-kowalski-app/463.js?_cache=1ed629a5641ef9c0de99:2:264709) @ https://plugins-cdn.grafana.net/grafana-kowalski-app/1.64.0/public/plugins/grafana-kowalski-app/463.js?_cache=1ed629a5641ef9c0de99:1
[143122315ms] [ERROR] WebSocket connection to 'wss://deveadf53.grafana.net/api/live/ws' failed: HTTP Authentication failed; no valid credentials available @ https://grafana-assets.grafana.net/grafana/13.2.0-30402795349/public/build/8021-react19.98b0598537b074241f06.js:291
[148665572ms] [WARNING] WebSocket connection to 'wss://deveadf53.grafana.net/api/live/ws' failed: WebSocket is closed before the connection is established. @ https://grafana-assets.grafana.net/grafana/13.2.0-30402795349/public/build/8021-react19.98b0598537b074241f06.js:291
[148666255ms] [ERROR] Failed to load resource: the server responded with a status of 401 () @ https://deveadf53.grafana.net/api/login/ping:0
[150766341ms] [ERROR] WebSocket connection to 'wss://deveadf53.grafana.net/api/live/ws' failed: HTTP Authentication failed; no valid credentials available @ https://grafana-assets.grafana.net/grafana/13.2.0-30402795349/public/build/8021-react19.98b0598537b074241f06.js:291
[150766717ms] [ERROR] Failed to load resource: the server responded with a status of 401 () @ https://deveadf53.grafana.net/api/login/ping:0
[151748452ms] [ERROR] Failed to load resource: net::ERR_NETWORK_CHANGED @ https://faro-collector-ops-eu-south-0.grafana-ops.net/collect/bc03dd0f2a088059ae67a23bc296a26d:0
[151748709ms] [ERROR] Failed to load resource: net::ERR_NETWORK_CHANGED @ https://faro-collector-ops-eu-south-0.grafana-ops.net/collect/bc03dd0f2a088059ae67a23bc296a26d:0
[152323188ms] [ERROR] WebSocket connection to 'wss://deveadf53.grafana.net/api/live/ws' failed: Error in connection establishment: net::ERR_NAME_NOT_RESOLVED @ https://grafana-assets.grafana.net/grafana/13.2.0-30402795349/public/build/8021-react19.98b0598537b074241f06.js:291
[152323287ms] [ERROR] Failed to load resource: net::ERR_NETWORK_CHANGED @ https://deveadf53.grafana.net/api/login/ping:0
[152323592ms] [ERROR] Failed to load resource: net::ERR_NETWORK_CHANGED @ https://faro-collector-ops-eu-south-0.grafana-ops.net/collect/2aaaae17b963ac219cd6e23a4850f00e:0
[152323593ms] [ERROR] Faro
 @grafana/faro-web-sdk:transport-fetch
 Failed sending payload to the receiver
 {meta: Object, events: Array(4)} TypeError: Failed to fetch
    at https://grafana-assets.grafana.net/grafana/13.2.0-30402795349/public/build/51849-react19.65c79a8b63097dcd175d.js:177:54112
    at window.fetch (https://plugins-cdn.grafana.net/grafana-kowalski-app/1.64.0/public/plugins/grafana-kowalski-app/463.js?_cache=1ed629a5641ef9c0de99:2:206687)
    at https://plugins-cdn.grafana.net/grafana-kowalski-app/1.64.0/public/plugins/grafana-kowalski-app/463.js?_cache=1ed629a5641ef9c0de99:2:336969
    at o.<computed>.o.<computed> (https://rsi.grafana.com/v1.1/js-integrations/Fullstory.min.js:1:5852)
    at Mr.<anonymous> (https://plugins-cdn.grafana.net/grafana-kowalski-app/1.64.0/public/plugins/grafana-kowalski-app/463.js?_cache=1ed629a5641ef9c0de99:2:268575)
    at Generator.next (<anonymous>)
    at https://plugins-cdn.grafana.net/grafana-kowalski-app/1.64.0/public/plugins/grafana-kowalski-app/463.js?_cache=1ed629a5641ef9c0de99:2:264856
    at new Promise (<anonymous>)
    at Tr (https://plugins-cdn.grafana.net/grafana-kowalski-app/1.64.0/public/plugins/grafana-kowalski-app/463.js?_cache=1ed629a5641ef9c0de99:2:264601)
    at Mr.fetchWithKeepaliveRetry (https://plugins-cdn.grafana.net/grafana-kowalski-app/1.64.0/public/plugins/grafana-kowalski-app/463.js?_cache=1ed629a5641ef9c0de99:2:268487) @ https://plugins-cdn.grafana.net/grafana-kowalski-app/1.64.0/public/plugins/grafana-kowalski-app/463.js?_cache=1ed629a5641ef9c0de99:1
[152323594ms] [ERROR] Failed to load resource: net::ERR_NETWORK_CHANGED @ https://faro-collector-ops-eu-south-0.grafana-ops.net/collect/bc03dd0f2a088059ae67a23bc296a26d:0
[152326898ms] [ERROR] WebSocket connection to 'wss://deveadf53.grafana.net/api/live/ws' failed: HTTP Authentication failed; no valid credentials available @ https://grafana-assets.grafana.net/grafana/13.2.0-30402795349/public/build/8021-react19.98b0598537b074241f06.js:291
[153332283ms] [ERROR] WebSocket connection to 'wss://deveadf53.grafana.net/api/live/ws' failed: HTTP Authentication failed; no valid credentials available @ https://grafana-assets.grafana.net/grafana/13.2.0-30402795349/public/build/8021-react19.98b0598537b074241f06.js:291
[153332769ms] [ERROR] Failed to load resource: the server responded with a status of 401 () @ https://deveadf53.grafana.net/api/login/ping:0
[154311576ms] [ERROR] Failed to load resource: net::ERR_NETWORK_CHANGED @ https://faro-collector-ops-eu-south-0.grafana-ops.net/collect/bc03dd0f2a088059ae67a23bc296a26d:0
[154311597ms] [ERROR] Failed to load resource: net::ERR_NETWORK_CHANGED @ https://faro-collector-ops-eu-south-0.grafana-ops.net/collect/bc03dd0f2a088059ae67a23bc296a26d:0
[154314938ms] [ERROR] WebSocket connection to 'wss://deveadf53.grafana.net/api/live/ws' failed: HTTP Authentication failed; no valid credentials available @ https://grafana-assets.grafana.net/grafana/13.2.0-30402795349/public/build/8021-react19.98b0598537b074241f06.js:291
[154315272ms] [ERROR] Failed to load resource: the server responded with a status of 401 () @ https://deveadf53.grafana.net/api/login/ping:0
[155988887ms] [ERROR] WebSocket connection to 'wss://deveadf53.grafana.net/api/live/ws' failed: HTTP Authentication failed; no valid credentials available @ https://grafana-assets.grafana.net/grafana/13.2.0-30402795349/public/build/8021-react19.98b0598537b074241f06.js:291
[155989262ms] [ERROR] Failed to load resource: the server responded with a status of 401 () @ https://deveadf53.grafana.net/api/login/ping:0
[157044329ms] [ERROR] Failed to load resource: net::ERR_NETWORK_CHANGED @ https://faro-collector-ops-eu-south-0.grafana-ops.net/collect/bc03dd0f2a088059ae67a23bc296a26d:0
[157044751ms] [ERROR] Failed to load resource: net::ERR_NETWORK_CHANGED @ https://faro-collector-ops-eu-south-0.grafana-ops.net/collect/bc03dd0f2a088059ae67a23bc296a26d:0
[162531203ms] [WARNING] WebSocket connection to 'wss://deveadf53.grafana.net/api/live/ws' failed: WebSocket is closed before the connection is established. @ https://grafana-assets.grafana.net/grafana/13.2.0-30402795349/public/build/8021-react19.98b0598537b074241f06.js:291
[162531838ms] [ERROR] Failed to load resource: the server responded with a status of 401 () @ https://deveadf53.grafana.net/api/login/ping:0
[163306132ms] [ERROR] Failed to load resource: net::ERR_NETWORK_CHANGED @ https://faro-collector-ops-eu-south-0.grafana-ops.net/collect/bc03dd0f2a088059ae67a23bc296a26d:0
[163306214ms] [ERROR] Failed to load resource: net::ERR_CONNECTION_RESET @ https://faro-collector-ops-eu-south-0.grafana-ops.net/collect/2aaaae17b963ac219cd6e23a4850f00e:0
[163306250ms] [ERROR] Failed to load resource: net::ERR_NETWORK_CHANGED @ https://faro-collector-ops-eu-south-0.grafana-ops.net/collect/bc03dd0f2a088059ae67a23bc296a26d:0
[163306252ms] [ERROR] Failed to load resource: net::ERR_NETWORK_CHANGED @ https://faro-collector-ops-eu-south-0.grafana-ops.net/collect/2aaaae17b963ac219cd6e23a4850f00e:0
[163306253ms] [ERROR] Failed to load resource: net::ERR_NETWORK_CHANGED @ https://faro-collector-ops-eu-south-0.grafana-ops.net/collect/2aaaae17b963ac219cd6e23a4850f00e:0
[163306253ms] [ERROR] Faro
 @grafana/faro-web-sdk:transport-fetch
 Failed sending payload to the receiver
 {meta: Object, events: Array(1)} TypeError: Failed to fetch
    at https://grafana-assets.grafana.net/grafana/13.2.0-30402795349/public/build/51849-react19.65c79a8b63097dcd175d.js:177:54112
    at window.fetch (https://plugins-cdn.grafana.net/grafana-kowalski-app/1.64.0/public/plugins/grafana-kowalski-app/463.js?_cache=1ed629a5641ef9c0de99:2:206687)
    at https://plugins-cdn.grafana.net/grafana-kowalski-app/1.64.0/public/plugins/grafana-kowalski-app/463.js?_cache=1ed629a5641ef9c0de99:2:336969
    at o.<computed>.o.<computed> (https://rsi.grafana.com/v1.1/js-integrations/Fullstory.min.js:1:5852)
    at Mr.<anonymous> (https://plugins-cdn.grafana.net/grafana-kowalski-app/1.64.0/public/plugins/grafana-kowalski-app/463.js?_cache=1ed629a5641ef9c0de99:2:268817)
    at Generator.throw (<anonymous>)
    at a (https://plugins-cdn.grafana.net/grafana-kowalski-app/1.64.0/public/plugins/grafana-kowalski-app/463.js?_cache=1ed629a5641ef9c0de99:2:264709) @ https://plugins-cdn.grafana.net/grafana-kowalski-app/1.64.0/public/plugins/grafana-kowalski-app/463.js?_cache=1ed629a5641ef9c0de99:1
[163306400ms] [ERROR] Failed to load resource: net::ERR_NETWORK_CHANGED @ https://faro-collector-ops-eu-south-0.grafana-ops.net/collect/2aaaae17b963ac219cd6e23a4850f00e:0
[163306400ms] [ERROR] Faro
 @grafana/faro-web-sdk:transport-fetch
 Failed sending payload to the receiver
 {meta: Object, events: Array(2)} TypeError: Failed to fetch
    at https://grafana-assets.grafana.net/grafana/13.2.0-30402795349/public/build/51849-react19.65c79a8b63097dcd175d.js:177:54112
    at window.fetch (https://plugins-cdn.grafana.net/grafana-kowalski-app/1.64.0/public/plugins/grafana-kowalski-app/463.js?_cache=1ed629a5641ef9c0de99:2:206687)
    at https://plugins-cdn.grafana.net/grafana-kowalski-app/1.64.0/public/plugins/grafana-kowalski-app/463.js?_cache=1ed629a5641ef9c0de99:2:336969
    at o.<computed>.o.<computed> (https://rsi.grafana.com/v1.1/js-integrations/Fullstory.min.js:1:5852)
    at Mr.<anonymous> (https://plugins-cdn.grafana.net/grafana-kowalski-app/1.64.0/public/plugins/grafana-kowalski-app/463.js?_cache=1ed629a5641ef9c0de99:2:268817)
    at Generator.throw (<anonymous>)
    at a (https://plugins-cdn.grafana.net/grafana-kowalski-app/1.64.0/public/plugins/grafana-kowalski-app/463.js?_cache=1ed629a5641ef9c0de99:2:264709) @ https://plugins-cdn.grafana.net/grafana-kowalski-app/1.64.0/public/plugins/grafana-kowalski-app/463.js?_cache=1ed629a5641ef9c0de99:1
[163306826ms] [ERROR] Failed to load resource: net::ERR_NAME_NOT_RESOLVED @ https://faro-collector-ops-eu-south-0.grafana-ops.net/collect/bc03dd0f2a088059ae67a23bc296a26d:0
[168713195ms] [WARNING] WebSocket connection to 'wss://deveadf53.grafana.net/api/live/ws' failed: WebSocket is closed before the connection is established. @ https://grafana-assets.grafana.net/grafana/13.2.0-30402795349/public/build/8021-react19.98b0598537b074241f06.js:291
[168713698ms] [ERROR] Failed to load resource: the server responded with a status of 401 () @ https://deveadf53.grafana.net/api/login/ping:0
[173478419ms] [ERROR] WebSocket connection to 'wss://deveadf53.grafana.net/api/live/ws' failed: HTTP Authentication failed; no valid credentials available @ https://grafana-assets.grafana.net/grafana/13.2.0-30402795349/public/build/8021-react19.98b0598537b074241f06.js:291
[173479319ms] [ERROR] Failed to load resource: the server responded with a status of 401 () @ https://deveadf53.grafana.net/api/login/ping:0
[174290319ms] [ERROR] Failed to load resource: net::ERR_NETWORK_CHANGED @ https://faro-collector-ops-eu-south-0.grafana-ops.net/collect/bc03dd0f2a088059ae67a23bc296a26d:0
[174290376ms] [ERROR] Failed to load resource: net::ERR_NAME_NOT_RESOLVED @ https://faro-collector-ops-eu-south-0.grafana-ops.net/collect/bc03dd0f2a088059ae67a23bc296a26d:0
[177950964ms] [ERROR] WebSocket connection to 'wss://deveadf53.grafana.net/api/live/ws' failed: Error in connection establishment: net::ERR_NAME_NOT_RESOLVED @ https://grafana-assets.grafana.net/grafana/13.2.0-30402795349/public/build/8021-react19.98b0598537b074241f06.js:291
[177951053ms] [ERROR] Failed to load resource: net::ERR_NAME_NOT_RESOLVED @ https://deveadf53.grafana.net/api/login/ping:0
[177951346ms] [ERROR] Failed to load resource: net::ERR_NETWORK_CHANGED @ https://faro-collector-ops-eu-south-0.grafana-ops.net/collect/2aaaae17b963ac219cd6e23a4850f00e:0
[177951347ms] [ERROR] Failed to load resource: net::ERR_NETWORK_CHANGED @ https://faro-collector-ops-eu-south-0.grafana-ops.net/collect/2aaaae17b963ac219cd6e23a4850f00e:0
[177953097ms] [ERROR] WebSocket connection to 'wss://deveadf53.grafana.net/api/live/ws' failed: HTTP Authentication failed; no valid credentials available @ https://grafana-assets.grafana.net/grafana/13.2.0-30402795349/public/build/8021-react19.98b0598537b074241f06.js:291
[177955089ms] [ERROR] WebSocket connection to 'wss://deveadf53.grafana.net/api/live/ws' failed: HTTP Authentication failed; no valid credentials available @ https://grafana-assets.grafana.net/grafana/13.2.0-30402795349/public/build/8021-react19.98b0598537b074241f06.js:291
[178999261ms] [ERROR] WebSocket connection to 'wss://deveadf53.grafana.net/api/live/ws' failed: HTTP Authentication failed; no valid credentials available @ https://grafana-assets.grafana.net/grafana/13.2.0-30402795349/public/build/8021-react19.98b0598537b074241f06.js:291
[178999320ms] [ERROR] Failed to load resource: net::ERR_NETWORK_CHANGED @ https://deveadf53.grafana.net/api/login/ping:0
[183561708ms] [WARNING] WebSocket connection to 'wss://deveadf53.grafana.net/api/live/ws' failed: WebSocket is closed before the connection is established. @ https://grafana-assets.grafana.net/grafana/13.2.0-30402795349/public/build/8021-react19.98b0598537b074241f06.js:291
[183562426ms] [ERROR] Failed to load resource: the server responded with a status of 401 () @ https://deveadf53.grafana.net/api/login/ping:0
[184472095ms] [ERROR] Failed to load resource: net::ERR_NETWORK_CHANGED @ https://faro-collector-ops-eu-south-0.grafana-ops.net/collect/bc03dd0f2a088059ae67a23bc296a26d:0
[184472105ms] [ERROR] Failed to load resource: net::ERR_NETWORK_CHANGED @ https://faro-collector-ops-eu-south-0.grafana-ops.net/collect/2aaaae17b963ac219cd6e23a4850f00e:0
[184472107ms] [ERROR] Failed to load resource: net::ERR_NETWORK_CHANGED @ https://faro-collector-ops-eu-south-0.grafana-ops.net/collect/2aaaae17b963ac219cd6e23a4850f00e:0
[184472190ms] [ERROR] Failed to load resource: net::ERR_NETWORK_CHANGED @ https://faro-collector-ops-eu-south-0.grafana-ops.net/collect/bc03dd0f2a088059ae67a23bc296a26d:0
[184472191ms] [ERROR] Failed to load resource: net::ERR_NETWORK_CHANGED @ https://faro-collector-ops-eu-south-0.grafana-ops.net/collect/2aaaae17b963ac219cd6e23a4850f00e:0
[184472192ms] [ERROR] Faro
 @grafana/faro-web-sdk:transport-fetch
 Failed sending payload to the receiver
 {meta: Object, events: Array(1)} TypeError: Failed to fetch
    at https://grafana-assets.grafana.net/grafana/13.2.0-30402795349/public/build/51849-react19.65c79a8b63097dcd175d.js:177:54112
    at window.fetch (https://plugins-cdn.grafana.net/grafana-kowalski-app/1.64.0/public/plugins/grafana-kowalski-app/463.js?_cache=1ed629a5641ef9c0de99:2:206687)
    at https://plugins-cdn.grafana.net/grafana-kowalski-app/1.64.0/public/plugins/grafana-kowalski-app/463.js?_cache=1ed629a5641ef9c0de99:2:336969
    at o.<computed>.o.<computed> (https://rsi.grafana.com/v1.1/js-integrations/Fullstory.min.js:1:5852)
    at Mr.<anonymous> (https://plugins-cdn.grafana.net/grafana-kowalski-app/1.64.0/public/plugins/grafana-kowalski-app/463.js?_cache=1ed629a5641ef9c0de99:2:268817)
    at Generator.throw (<anonymous>)
    at a (https://plugins-cdn.grafana.net/grafana-kowalski-app/1.64.0/public/plugins/grafana-kowalski-app/463.js?_cache=1ed629a5641ef9c0de99:2:264709) @ https://plugins-cdn.grafana.net/grafana-kowalski-app/1.64.0/public/plugins/grafana-kowalski-app/463.js?_cache=1ed629a5641ef9c0de99:1
[184472196ms] [ERROR] Failed to load resource: net::ERR_NETWORK_CHANGED @ https://faro-collector-ops-eu-south-0.grafana-ops.net/collect/2aaaae17b963ac219cd6e23a4850f00e:0
[184472196ms] [ERROR] Faro
 @grafana/faro-web-sdk:transport-fetch
 Failed sending payload to the receiver
 {meta: Object, events: Array(2)} TypeError: Failed to fetch
    at https://grafana-assets.grafana.net/grafana/13.2.0-30402795349/public/build/51849-react19.65c79a8b63097dcd175d.js:177:54112
    at window.fetch (https://plugins-cdn.grafana.net/grafana-kowalski-app/1.64.0/public/plugins/grafana-kowalski-app/463.js?_cache=1ed629a5641ef9c0de99:2:206687)
    at https://plugins-cdn.grafana.net/grafana-kowalski-app/1.64.0/public/plugins/grafana-kowalski-app/463.js?_cache=1ed629a5641ef9c0de99:2:336969
    at o.<computed>.o.<computed> (https://rsi.grafana.com/v1.1/js-integrations/Fullstory.min.js:1:5852)
    at Mr.<anonymous> (https://plugins-cdn.grafana.net/grafana-kowalski-app/1.64.0/public/plugins/grafana-kowalski-app/463.js?_cache=1ed629a5641ef9c0de99:2:268817)
    at Generator.throw (<anonymous>)
    at a (https://plugins-cdn.grafana.net/grafana-kowalski-app/1.64.0/public/plugins/grafana-kowalski-app/463.js?_cache=1ed629a5641ef9c0de99:2:264709) @ https://plugins-cdn.grafana.net/grafana-kowalski-app/1.64.0/public/plugins/grafana-kowalski-app/463.js?_cache=1ed629a5641ef9c0de99:1
[184472790ms] [ERROR] Failed to load resource: net::ERR_NETWORK_CHANGED @ https://faro-collector-ops-eu-south-0.grafana-ops.net/collect/2aaaae17b963ac219cd6e23a4850f00e:0
[184472791ms] [ERROR] Faro
 @grafana/faro-web-sdk:transport-fetch
 Failed sending payload to the receiver
 {meta: Object, events: Array(4)} TypeError: Failed to fetch
    at https://grafana-assets.grafana.net/grafana/13.2.0-30402795349/public/build/51849-react19.65c79a8b63097dcd175d.js:177:54112
    at window.fetch (https://plugins-cdn.grafana.net/grafana-kowalski-app/1.64.0/public/plugins/grafana-kowalski-app/463.js?_cache=1ed629a5641ef9c0de99:2:206687)
    at https://plugins-cdn.grafana.net/grafana-kowalski-app/1.64.0/public/plugins/grafana-kowalski-app/463.js?_cache=1ed629a5641ef9c0de99:2:336969
    at o.<computed>.o.<computed> (https://rsi.grafana.com/v1.1/js-integrations/Fullstory.min.js:1:5852)
    at Mr.<anonymous> (https://plugins-cdn.grafana.net/grafana-kowalski-app/1.64.0/public/plugins/grafana-kowalski-app/463.js?_cache=1ed629a5641ef9c0de99:2:268575)
    at Generator.next (<anonymous>)
    at https://plugins-cdn.grafana.net/grafana-kowalski-app/1.64.0/public/plugins/grafana-kowalski-app/463.js?_cache=1ed629a5641ef9c0de99:2:264856
    at new Promise (<anonymous>)
    at Tr (https://plugins-cdn.grafana.net/grafana-kowalski-app/1.64.0/public/plugins/grafana-kowalski-app/463.js?_cache=1ed629a5641ef9c0de99:2:264601)
    at Mr.fetchWithKeepaliveRetry (https://plugins-cdn.grafana.net/grafana-kowalski-app/1.64.0/public/plugins/grafana-kowalski-app/463.js?_cache=1ed629a5641ef9c0de99:2:268487) @ https://plugins-cdn.grafana.net/grafana-kowalski-app/1.64.0/public/plugins/grafana-kowalski-app/463.js?_cache=1ed629a5641ef9c0de99:1
[185276009ms] [ERROR] WebSocket connection to 'wss://deveadf53.grafana.net/api/live/ws' failed: HTTP Authentication failed; no valid credentials available @ https://grafana-assets.grafana.net/grafana/13.2.0-30402795349/public/build/8021-react19.98b0598537b074241f06.js:291
[185276457ms] [ERROR] Failed to load resource: the server responded with a status of 401 () @ https://deveadf53.grafana.net/api/login/ping:0
[187257004ms] [ERROR] WebSocket connection to 'wss://deveadf53.grafana.net/api/live/ws' failed: HTTP Authentication failed; no valid credentials available @ https://grafana-assets.grafana.net/grafana/13.2.0-30402795349/public/build/8021-react19.98b0598537b074241f06.js:291
[187257379ms] [ERROR] Failed to load resource: the server responded with a status of 401 () @ https://deveadf53.grafana.net/api/login/ping:0
[188935672ms] [ERROR] WebSocket connection to 'wss://deveadf53.grafana.net/api/live/ws' failed: HTTP Authentication failed; no valid credentials available @ https://grafana-assets.grafana.net/grafana/13.2.0-30402795349/public/build/8021-react19.98b0598537b074241f06.js:291
[188936214ms] [ERROR] Failed to load resource: the server responded with a status of 401 () @ https://deveadf53.grafana.net/api/login/ping:0
[191953851ms] [ERROR] WebSocket connection to 'wss://deveadf53.grafana.net/api/live/ws' failed: HTTP Authentication failed; no valid credentials available @ https://grafana-assets.grafana.net/grafana/13.2.0-30402795349/public/build/8021-react19.98b0598537b074241f06.js:291
[191954260ms] [ERROR] Failed to load resource: the server responded with a status of 401 () @ https://deveadf53.grafana.net/api/login/ping:0
[193226433ms] [ERROR] WebSocket connection to 'wss://deveadf53.grafana.net/api/live/ws' failed: HTTP Authentication failed; no valid credentials available @ https://grafana-assets.grafana.net/grafana/13.2.0-30402795349/public/build/8021-react19.98b0598537b074241f06.js:291
[193226972ms] [ERROR] Failed to load resource: the server responded with a status of 401 () @ https://deveadf53.grafana.net/api/login/ping:0
[194244250ms] [ERROR] WebSocket connection to 'wss://deveadf53.grafana.net/api/live/ws' failed: HTTP Authentication failed; no valid credentials available @ https://grafana-assets.grafana.net/grafana/13.2.0-30402795349/public/build/8021-react19.98b0598537b074241f06.js:291
[194244341ms] [ERROR] Failed to load resource: net::ERR_NAME_NOT_RESOLVED @ https://deveadf53.grafana.net/api/login/ping:0
[194246896ms] [ERROR] WebSocket connection to 'wss://deveadf53.grafana.net/api/live/ws' failed: HTTP Authentication failed; no valid credentials available @ https://grafana-assets.grafana.net/grafana/13.2.0-30402795349/public/build/8021-react19.98b0598537b074241f06.js:291
[195180477ms] [ERROR] WebSocket connection to 'wss://deveadf53.grafana.net/api/live/ws' failed: HTTP Authentication failed; no valid credentials available @ https://grafana-assets.grafana.net/grafana/13.2.0-30402795349/public/build/8021-react19.98b0598537b074241f06.js:291
[195180863ms] [ERROR] Failed to load resource: the server responded with a status of 401 () @ https://deveadf53.grafana.net/api/login/ping:0
[195533081ms] [ERROR] WebSocket connection to 'wss://deveadf53.grafana.net/api/live/ws' failed: Error in connection establishment: net::ERR_NAME_NOT_RESOLVED @ https://grafana-assets.grafana.net/grafana/13.2.0-30402795349/public/build/8021-react19.98b0598537b074241f06.js:291
[195533154ms] [ERROR] Failed to load resource: net::ERR_NETWORK_CHANGED @ https://deveadf53.grafana.net/api/login/ping:0
[195533351ms] [ERROR] Failed to load resource: net::ERR_NETWORK_CHANGED @ https://faro-collector-ops-eu-south-0.grafana-ops.net/collect/bc03dd0f2a088059ae67a23bc296a26d:0
[195533502ms] [ERROR] Failed to load resource: net::ERR_NETWORK_CHANGED @ https://faro-collector-ops-eu-south-0.grafana-ops.net/collect/2aaaae17b963ac219cd6e23a4850f00e:0
[195533506ms] [ERROR] Faro
 @grafana/faro-web-sdk:transport-fetch
 Failed sending payload to the receiver
 {meta: Object, events: Array(4)} TypeError: Failed to fetch
    at https://grafana-assets.grafana.net/grafana/13.2.0-30402795349/public/build/51849-react19.65c79a8b63097dcd175d.js:177:54112
    at window.fetch (https://plugins-cdn.grafana.net/grafana-kowalski-app/1.64.0/public/plugins/grafana-kowalski-app/463.js?_cache=1ed629a5641ef9c0de99:2:206687)
    at https://plugins-cdn.grafana.net/grafana-kowalski-app/1.64.0/public/plugins/grafana-kowalski-app/463.js?_cache=1ed629a5641ef9c0de99:2:336969
    at o.<computed>.o.<computed> (https://rsi.grafana.com/v1.1/js-integrations/Fullstory.min.js:1:5852)
    at Mr.<anonymous> (https://plugins-cdn.grafana.net/grafana-kowalski-app/1.64.0/public/plugins/grafana-kowalski-app/463.js?_cache=1ed629a5641ef9c0de99:2:268575)
    at Generator.next (<anonymous>)
    at https://plugins-cdn.grafana.net/grafana-kowalski-app/1.64.0/public/plugins/grafana-kowalski-app/463.js?_cache=1ed629a5641ef9c0de99:2:264856
    at new Promise (<anonymous>)
    at Tr (https://plugins-cdn.grafana.net/grafana-kowalski-app/1.64.0/public/plugins/grafana-kowalski-app/463.js?_cache=1ed629a5641ef9c0de99:2:264601)
    at Mr.fetchWithKeepaliveRetry (https://plugins-cdn.grafana.net/grafana-kowalski-app/1.64.0/public/plugins/grafana-kowalski-app/463.js?_cache=1ed629a5641ef9c0de99:2:268487) @ https://plugins-cdn.grafana.net/grafana-kowalski-app/1.64.0/public/plugins/grafana-kowalski-app/463.js?_cache=1ed629a5641ef9c0de99:1
[195533507ms] [ERROR] Failed to load resource: net::ERR_NETWORK_CHANGED @ https://faro-collector-ops-eu-south-0.grafana-ops.net/collect/bc03dd0f2a088059ae67a23bc296a26d:0
[199272284ms] [ERROR] WebSocket connection to 'wss://deveadf53.grafana.net/api/live/ws' failed: HTTP Authentication failed; no valid credentials available @ https://grafana-assets.grafana.net/grafana/13.2.0-30402795349/public/build/8021-react19.98b0598537b074241f06.js:291
[199272847ms] [ERROR] Failed to load resource: the server responded with a status of 401 () @ https://deveadf53.grafana.net/api/login/ping:0
[203583439ms] [ERROR] WebSocket connection to 'wss://deveadf53.grafana.net/api/live/ws' failed: HTTP Authentication failed; no valid credentials available @ https://grafana-assets.grafana.net/grafana/13.2.0-30402795349/public/build/8021-react19.98b0598537b074241f06.js:291
[203583823ms] [ERROR] Failed to load resource: the server responded with a status of 401 () @ https://deveadf53.grafana.net/api/login/ping:0
[205693756ms] [ERROR] WebSocket connection to 'wss://deveadf53.grafana.net/api/live/ws' failed: HTTP Authentication failed; no valid credentials available @ https://grafana-assets.grafana.net/grafana/13.2.0-30402795349/public/build/8021-react19.98b0598537b074241f06.js:291
[205694179ms] [ERROR] Failed to load resource: the server responded with a status of 401 () @ https://deveadf53.grafana.net/api/login/ping:0
[214289177ms] [ERROR] WebSocket connection to 'wss://deveadf53.grafana.net/api/live/ws' failed: HTTP Authentication failed; no valid credentials available @ https://grafana-assets.grafana.net/grafana/13.2.0-30402795349/public/build/8021-react19.98b0598537b074241f06.js:291
[214290133ms] [ERROR] Failed to load resource: the server responded with a status of 401 () @ https://deveadf53.grafana.net/api/login/ping:0
[220297090ms] [ERROR] WebSocket connection to 'wss://deveadf53.grafana.net/api/live/ws' failed: HTTP Authentication failed; no valid credentials available @ https://grafana-assets.grafana.net/grafana/13.2.0-30402795349/public/build/8021-react19.98b0598537b074241f06.js:291
[220297680ms] [ERROR] Failed to load resource: the server responded with a status of 401 () @ https://deveadf53.grafana.net/api/login/ping:0
[220298373ms] [ERROR] WebSocket connection to 'wss://deveadf53.grafana.net/api/live/ws' failed: HTTP Authentication failed; no valid credentials available @ https://grafana-assets.grafana.net/grafana/13.2.0-30402795349/public/build/8021-react19.98b0598537b074241f06.js:291
[225703775ms] [ERROR] WebSocket connection to 'wss://deveadf53.grafana.net/api/live/ws' failed: HTTP Authentication failed; no valid credentials available @ https://grafana-assets.grafana.net/grafana/13.2.0-30402795349/public/build/8021-react19.98b0598537b074241f06.js:291
[225704089ms] [ERROR] Failed to load resource: the server responded with a status of 401 () @ https://deveadf53.grafana.net/api/login/ping:0
[230870432ms] [ERROR] WebSocket connection to 'wss://deveadf53.grafana.net/api/live/ws' failed: HTTP Authentication failed; no valid credentials available @ https://grafana-assets.grafana.net/grafana/13.2.0-30402795349/public/build/8021-react19.98b0598537b074241f06.js:291
[230871095ms] [ERROR] Failed to load resource: the server responded with a status of 401 () @ https://deveadf53.grafana.net/api/login/ping:0
[235323530ms] [ERROR] WebSocket connection to 'wss://deveadf53.grafana.net/api/live/ws' failed: HTTP Authentication failed; no valid credentials available @ https://grafana-assets.grafana.net/grafana/13.2.0-30402795349/public/build/8021-react19.98b0598537b074241f06.js:291
[235323807ms] [ERROR] Failed to load resource: the server responded with a status of 401 () @ https://deveadf53.grafana.net/api/login/ping:0
[240408326ms] [ERROR] WebSocket connection to 'wss://deveadf53.grafana.net/api/live/ws' failed: HTTP Authentication failed; no valid credentials available @ https://grafana-assets.grafana.net/grafana/13.2.0-30402795349/public/build/8021-react19.98b0598537b074241f06.js:291
[240408746ms] [ERROR] Failed to load resource: the server responded with a status of 401 () @ https://deveadf53.grafana.net/api/login/ping:0
[242286320ms] [ERROR] WebSocket connection to 'wss://deveadf53.grafana.net/api/live/ws' failed: HTTP Authentication failed; no valid credentials available @ https://grafana-assets.grafana.net/grafana/13.2.0-30402795349/public/build/8021-react19.98b0598537b074241f06.js:291
[242286841ms] [ERROR] Failed to load resource: the server responded with a status of 401 () @ https://deveadf53.grafana.net/api/login/ping:0
[244092788ms] [ERROR] WebSocket connection to 'wss://deveadf53.grafana.net/api/live/ws' failed: HTTP Authentication failed; no valid credentials available @ https://grafana-assets.grafana.net/grafana/13.2.0-30402795349/public/build/8021-react19.98b0598537b074241f06.js:291
[244093186ms] [ERROR] Failed to load resource: the server responded with a status of 401 () @ https://deveadf53.grafana.net/api/login/ping:0
[244775634ms] [ERROR] WebSocket connection to 'wss://deveadf53.grafana.net/api/live/ws' failed: HTTP Authentication failed; no valid credentials available @ https://grafana-assets.grafana.net/grafana/13.2.0-30402795349/public/build/8021-react19.98b0598537b074241f06.js:291
[244775947ms] [ERROR] Failed to load resource: the server responded with a status of 401 () @ https://deveadf53.grafana.net/api/login/ping:0
[245533354ms] [ERROR] WebSocket connection to 'wss://deveadf53.grafana.net/api/live/ws' failed: HTTP Authentication failed; no valid credentials available @ https://grafana-assets.grafana.net/grafana/13.2.0-30402795349/public/build/8021-react19.98b0598537b074241f06.js:291
[245533699ms] [ERROR] Failed to load resource: the server responded with a status of 401 () @ https://deveadf53.grafana.net/api/login/ping:0
[246622900ms] [ERROR] WebSocket connection to 'wss://deveadf53.grafana.net/api/live/ws' failed: HTTP Authentication failed; no valid credentials available @ https://grafana-assets.grafana.net/grafana/13.2.0-30402795349/public/build/8021-react19.98b0598537b074241f06.js:291
[246623395ms] [ERROR] Failed to load resource: the server responded with a status of 401 () @ https://deveadf53.grafana.net/api/login/ping:0
[248729655ms] [ERROR] WebSocket connection to 'wss://deveadf53.grafana.net/api/live/ws' failed: HTTP Authentication failed; no valid credentials available @ https://grafana-assets.grafana.net/grafana/13.2.0-30402795349/public/build/8021-react19.98b0598537b074241f06.js:291
[248730146ms] [ERROR] Failed to load resource: the server responded with a status of 401 () @ https://deveadf53.grafana.net/api/login/ping:0
[250684095ms] [ERROR] WebSocket connection to 'wss://deveadf53.grafana.net/api/live/ws' failed: HTTP Authentication failed; no valid credentials available @ https://grafana-assets.grafana.net/grafana/13.2.0-30402795349/public/build/8021-react19.98b0598537b074241f06.js:291
[250684520ms] [ERROR] Failed to load resource: the server responded with a status of 401 () @ https://deveadf53.grafana.net/api/login/ping:0
[251789849ms] [ERROR] WebSocket connection to 'wss://deveadf53.grafana.net/api/live/ws' failed: HTTP Authentication failed; no valid credentials available @ https://grafana-assets.grafana.net/grafana/13.2.0-30402795349/public/build/8021-react19.98b0598537b074241f06.js:291
[251790193ms] [ERROR] Failed to load resource: the server responded with a status of 401 () @ https://deveadf53.grafana.net/api/login/ping:0
[253803043ms] [ERROR] WebSocket connection to 'wss://deveadf53.grafana.net/api/live/ws' failed: HTTP Authentication failed; no valid credentials available @ https://grafana-assets.grafana.net/grafana/13.2.0-30402795349/public/build/8021-react19.98b0598537b074241f06.js:291
[253803379ms] [ERROR] Failed to load resource: the server responded with a status of 401 () @ https://deveadf53.grafana.net/api/login/ping:0
[256151636ms] [ERROR] WebSocket connection to 'wss://deveadf53.grafana.net/api/live/ws' failed: HTTP Authentication failed; no valid credentials available @ https://grafana-assets.grafana.net/grafana/13.2.0-30402795349/public/build/8021-react19.98b0598537b074241f06.js:291
[256152016ms] [ERROR] Failed to load resource: the server responded with a status of 401 () @ https://deveadf53.grafana.net/api/login/ping:0
[258752621ms] [ERROR] WebSocket connection to 'wss://deveadf53.grafana.net/api/live/ws' failed: HTTP Authentication failed; no valid credentials available @ https://grafana-assets.grafana.net/grafana/13.2.0-30402795349/public/build/8021-react19.98b0598537b074241f06.js:291
[258753032ms] [ERROR] Failed to load resource: the server responded with a status of 401 () @ https://deveadf53.grafana.net/api/login/ping:0
[258911986ms] [ERROR] WebSocket connection to 'wss://deveadf53.grafana.net/api/live/ws' failed: Error in connection establishment: net::ERR_INTERNET_DISCONNECTED @ https://grafana-assets.grafana.net/grafana/13.2.0-30402795349/public/build/8021-react19.98b0598537b074241f06.js:291
[258912089ms] [ERROR] Failed to load resource: net::ERR_INTERNET_DISCONNECTED @ https://deveadf53.grafana.net/api/login/ping:0
[258912460ms] [ERROR] Failed to load resource: net::ERR_INTERNET_DISCONNECTED @ https://faro-collector-ops-eu-south-0.grafana-ops.net/collect/2aaaae17b963ac219cd6e23a4850f00e:0
[258912536ms] [ERROR] Failed to load resource: net::ERR_INTERNET_DISCONNECTED @ https://faro-collector-ops-eu-south-0.grafana-ops.net/collect/2aaaae17b963ac219cd6e23a4850f00e:0
[258912559ms] [ERROR] Faro
 @grafana/faro-web-sdk:transport-fetch
 Failed sending payload to the receiver
 {meta: Object, events: Array(1)} TypeError: Failed to fetch
    at https://grafana-assets.grafana.net/grafana/13.2.0-30402795349/public/build/51849-react19.65c79a8b63097dcd175d.js:177:54112
    at window.fetch (https://plugins-cdn.grafana.net/grafana-kowalski-app/1.64.0/public/plugins/grafana-kowalski-app/463.js?_cache=1ed629a5641ef9c0de99:2:206687)
    at https://plugins-cdn.grafana.net/grafana-kowalski-app/1.64.0/public/plugins/grafana-kowalski-app/463.js?_cache=1ed629a5641ef9c0de99:2:336969
    at o.<computed>.o.<computed> (https://rsi.grafana.com/v1.1/js-integrations/Fullstory.min.js:1:5852)
    at Mr.<anonymous> (https://plugins-cdn.grafana.net/grafana-kowalski-app/1.64.0/public/plugins/grafana-kowalski-app/463.js?_cache=1ed629a5641ef9c0de99:2:268817)
    at Generator.throw (<anonymous>)
    at a (https://plugins-cdn.grafana.net/grafana-kowalski-app/1.64.0/public/plugins/grafana-kowalski-app/463.js?_cache=1ed629a5641ef9c0de99:2:264709) @ https://plugins-cdn.grafana.net/grafana-kowalski-app/1.64.0/public/plugins/grafana-kowalski-app/463.js?_cache=1ed629a5641ef9c0de99:1
[258912602ms] [ERROR] Failed to load resource: net::ERR_INTERNET_DISCONNECTED @ https://faro-collector-ops-eu-south-0.grafana-ops.net/collect/2aaaae17b963ac219cd6e23a4850f00e:0
[258912810ms] [ERROR] Failed to load resource: net::ERR_INTERNET_DISCONNECTED @ https://faro-collector-ops-eu-south-0.grafana-ops.net/collect/2aaaae17b963ac219cd6e23a4850f00e:0
[258912811ms] [ERROR] Faro
 @grafana/faro-web-sdk:transport-fetch
 Failed sending payload to the receiver
 {meta: Object, events: Array(1)} TypeError: Failed to fetch
    at https://grafana-assets.grafana.net/grafana/13.2.0-30402795349/public/build/51849-react19.65c79a8b63097dcd175d.js:177:54112
    at window.fetch (https://plugins-cdn.grafana.net/grafana-kowalski-app/1.64.0/public/plugins/grafana-kowalski-app/463.js?_cache=1ed629a5641ef9c0de99:2:206687)
    at https://plugins-cdn.grafana.net/grafana-kowalski-app/1.64.0/public/plugins/grafana-kowalski-app/463.js?_cache=1ed629a5641ef9c0de99:2:336969
    at o.<computed>.o.<computed> (https://rsi.grafana.com/v1.1/js-integrations/Fullstory.min.js:1:5852)
    at Mr.<anonymous> (https://plugins-cdn.grafana.net/grafana-kowalski-app/1.64.0/public/plugins/grafana-kowalski-app/463.js?_cache=1ed629a5641ef9c0de99:2:268817)
    at Generator.throw (<anonymous>)
    at a (https://plugins-cdn.grafana.net/grafana-kowalski-app/1.64.0/public/plugins/grafana-kowalski-app/463.js?_cache=1ed629a5641ef9c0de99:2:264709) @ https://plugins-cdn.grafana.net/grafana-kowalski-app/1.64.0/public/plugins/grafana-kowalski-app/463.js?_cache=1ed629a5641ef9c0de99:1
[258912976ms] [ERROR] Failed to load resource: net::ERR_INTERNET_DISCONNECTED @ https://faro-collector-ops-eu-south-0.grafana-ops.net/collect/bc03dd0f2a088059ae67a23bc296a26d:0
[258913023ms] [ERROR] WebSocket connection to 'wss://deveadf53.grafana.net/api/live/ws' failed: Error in connection establishment: net::ERR_INTERNET_DISCONNECTED @ https://grafana-assets.grafana.net/grafana/13.2.0-30402795349/public/build/8021-react19.98b0598537b074241f06.js:291
[258913029ms] [ERROR] Failed to load resource: net::ERR_INTERNET_DISCONNECTED @ https://faro-collector-ops-eu-south-0.grafana-ops.net/collect/bc03dd0f2a088059ae67a23bc296a26d:0
[258914977ms] [ERROR] Failed to load resource: net::ERR_INTERNET_DISCONNECTED @ https://faro-collector-ops-eu-south-0.grafana-ops.net/collect/bc03dd0f2a088059ae67a23bc296a26d:0
[258914986ms] [ERROR] Failed to load resource: net::ERR_INTERNET_DISCONNECTED @ https://faro-collector-ops-eu-south-0.grafana-ops.net/collect/bc03dd0f2a088059ae67a23bc296a26d:0
[258915143ms] [ERROR] WebSocket connection to 'wss://deveadf53.grafana.net/api/live/ws' failed: Error in connection establishment: net::ERR_INTERNET_DISCONNECTED @ https://grafana-assets.grafana.net/grafana/13.2.0-30402795349/public/build/8021-react19.98b0598537b074241f06.js:291
[258918029ms] [ERROR] WebSocket connection to 'wss://deveadf53.grafana.net/api/live/ws' failed: Error in connection establishment: net::ERR_INTERNET_DISCONNECTED @ https://grafana-assets.grafana.net/grafana/13.2.0-30402795349/public/build/8021-react19.98b0598537b074241f06.js:291
[258918053ms] [ERROR] Failed to load resource: net::ERR_INTERNET_DISCONNECTED @ https://deveadf53.grafana.net/api/login/ping:0
[258918127ms] [ERROR] Failed to load resource: net::ERR_INTERNET_DISCONNECTED @ https://faro-collector-ops-eu-south-0.grafana-ops.net/collect/2aaaae17b963ac219cd6e23a4850f00e:0
[258918136ms] [ERROR] Failed to load resource: net::ERR_INTERNET_DISCONNECTED @ https://faro-collector-ops-eu-south-0.grafana-ops.net/collect/2aaaae17b963ac219cd6e23a4850f00e:0
[258918138ms] [ERROR] Faro
 @grafana/faro-web-sdk:transport-fetch
 Failed sending payload to the receiver
 {meta: Object, events: Array(1)} TypeError: Failed to fetch
    at https://grafana-assets.grafana.net/grafana/13.2.0-30402795349/public/build/51849-react19.65c79a8b63097dcd175d.js:177:54112
    at window.fetch (https://plugins-cdn.grafana.net/grafana-kowalski-app/1.64.0/public/plugins/grafana-kowalski-app/463.js?_cache=1ed629a5641ef9c0de99:2:206687)
    at https://plugins-cdn.grafana.net/grafana-kowalski-app/1.64.0/public/plugins/grafana-kowalski-app/463.js?_cache=1ed629a5641ef9c0de99:2:336969
    at o.<computed>.o.<computed> (https://rsi.grafana.com/v1.1/js-integrations/Fullstory.min.js:1:5852)
    at Mr.<anonymous> (https://plugins-cdn.grafana.net/grafana-kowalski-app/1.64.0/public/plugins/grafana-kowalski-app/463.js?_cache=1ed629a5641ef9c0de99:2:268817)
    at Generator.throw (<anonymous>)
    at a (https://plugins-cdn.grafana.net/grafana-kowalski-app/1.64.0/public/plugins/grafana-kowalski-app/463.js?_cache=1ed629a5641ef9c0de99:2:264709) @ https://plugins-cdn.grafana.net/grafana-kowalski-app/1.64.0/public/plugins/grafana-kowalski-app/463.js?_cache=1ed629a5641ef9c0de99:1
[258918963ms] [ERROR] Failed to load resource: net::ERR_INTERNET_DISCONNECTED @ https://faro-collector-ops-eu-south-0.grafana-ops.net/collect/bc03dd0f2a088059ae67a23bc296a26d:0
[258918967ms] [ERROR] Failed to load resource: net::ERR_INTERNET_DISCONNECTED @ https://faro-collector-ops-eu-south-0.grafana-ops.net/collect/bc03dd0f2a088059ae67a23bc296a26d:0
[258919369ms] [ERROR] Failed to load resource: net::ERR_INTERNET_DISCONNECTED @ https://faro-collector-ops-eu-south-0.grafana-ops.net/collect/2aaaae17b963ac219cd6e23a4850f00e:0
[258919374ms] [ERROR] Failed to load resource: net::ERR_INTERNET_DISCONNECTED @ https://faro-collector-ops-eu-south-0.grafana-ops.net/collect/2aaaae17b963ac219cd6e23a4850f00e:0
[258919374ms] [ERROR] Faro
 @grafana/faro-web-sdk:transport-fetch
 Failed sending payload to the receiver
 {meta: Object, events: Array(1)} TypeError: Failed to fetch
    at https://grafana-assets.grafana.net/grafana/13.2.0-30402795349/public/build/51849-react19.65c79a8b63097dcd175d.js:177:54112
    at window.fetch (https://plugins-cdn.grafana.net/grafana-kowalski-app/1.64.0/public/plugins/grafana-kowalski-app/463.js?_cache=1ed629a5641ef9c0de99:2:206687)
    at https://plugins-cdn.grafana.net/grafana-kowalski-app/1.64.0/public/plugins/grafana-kowalski-app/463.js?_cache=1ed629a5641ef9c0de99:2:336969
    at o.<computed>.o.<computed> (https://rsi.grafana.com/v1.1/js-integrations/Fullstory.min.js:1:5852)
    at Mr.<anonymous> (https://plugins-cdn.grafana.net/grafana-kowalski-app/1.64.0/public/plugins/grafana-kowalski-app/463.js?_cache=1ed629a5641ef9c0de99:2:268817)
    at Generator.throw (<anonymous>)
    at a (https://plugins-cdn.grafana.net/grafana-kowalski-app/1.64.0/public/plugins/grafana-kowalski-app/463.js?_cache=1ed629a5641ef9c0de99:2:264709) @ https://plugins-cdn.grafana.net/grafana-kowalski-app/1.64.0/public/plugins/grafana-kowalski-app/463.js?_cache=1ed629a5641ef9c0de99:1
[258920737ms] [ERROR] WebSocket connection to 'wss://deveadf53.grafana.net/api/live/ws' failed: Error in connection establishment: net::ERR_INTERNET_DISCONNECTED @ https://grafana-assets.grafana.net/grafana/13.2.0-30402795349/public/build/8021-react19.98b0598537b074241f06.js:291
[258921001ms] [ERROR] Failed to load resource: net::ERR_INTERNET_DISCONNECTED @ https://faro-collector-ops-eu-south-0.grafana-ops.net/collect/bc03dd0f2a088059ae67a23bc296a26d:0
[258921017ms] [ERROR] Failed to load resource: net::ERR_INTERNET_DISCONNECTED @ https://faro-collector-ops-eu-south-0.grafana-ops.net/collect/bc03dd0f2a088059ae67a23bc296a26d:0
[259166481ms] [ERROR] WebSocket connection to 'wss://deveadf53.grafana.net/api/live/ws' failed: Error in connection establishment: net::ERR_INTERNET_DISCONNECTED @ https://grafana-assets.grafana.net/grafana/13.2.0-30402795349/public/build/8021-react19.98b0598537b074241f06.js:291
[259166513ms] [ERROR] Failed to load resource: net::ERR_INTERNET_DISCONNECTED @ https://deveadf53.grafana.net/api/login/ping:0
[259167155ms] [ERROR] Failed to load resource: net::ERR_INTERNET_DISCONNECTED @ https://faro-collector-ops-eu-south-0.grafana-ops.net/collect/2aaaae17b963ac219cd6e23a4850f00e:0
[259167186ms] [ERROR] Faro
 @grafana/faro-web-sdk:transport-fetch
 Failed sending payload to the receiver
 {meta: Object, events: Array(4)} TypeError: Failed to fetch
    at https://grafana-assets.grafana.net/grafana/13.2.0-30402795349/public/build/51849-react19.65c79a8b63097dcd175d.js:177:54112
    at window.fetch (https://plugins-cdn.grafana.net/grafana-kowalski-app/1.64.0/public/plugins/grafana-kowalski-app/463.js?_cache=1ed629a5641ef9c0de99:2:206687)
    at https://plugins-cdn.grafana.net/grafana-kowalski-app/1.64.0/public/plugins/grafana-kowalski-app/463.js?_cache=1ed629a5641ef9c0de99:2:336969
    at o.<computed>.o.<computed> (https://rsi.grafana.com/v1.1/js-integrations/Fullstory.min.js:1:5852)
    at Mr.<anonymous> (https://plugins-cdn.grafana.net/grafana-kowalski-app/1.64.0/public/plugins/grafana-kowalski-app/463.js?_cache=1ed629a5641ef9c0de99:2:268575)
    at Generator.next (<anonymous>)
    at https://plugins-cdn.grafana.net/grafana-kowalski-app/1.64.0/public/plugins/grafana-kowalski-app/463.js?_cache=1ed629a5641ef9c0de99:2:264856
    at new Promise (<anonymous>)
    at Tr (https://plugins-cdn.grafana.net/grafana-kowalski-app/1.64.0/public/plugins/grafana-kowalski-app/463.js?_cache=1ed629a5641ef9c0de99:2:264601)
    at Mr.fetchWithKeepaliveRetry (https://plugins-cdn.grafana.net/grafana-kowalski-app/1.64.0/public/plugins/grafana-kowalski-app/463.js?_cache=1ed629a5641ef9c0de99:2:268487) @ https://plugins-cdn.grafana.net/grafana-kowalski-app/1.64.0/public/plugins/grafana-kowalski-app/463.js?_cache=1ed629a5641ef9c0de99:1
[259167192ms] [ERROR] Failed to load resource: net::ERR_INTERNET_DISCONNECTED @ https://faro-collector-ops-eu-south-0.grafana-ops.net/collect/bc03dd0f2a088059ae67a23bc296a26d:0
[259167199ms] [ERROR] Failed to load resource: net::ERR_INTERNET_DISCONNECTED @ https://faro-collector-ops-eu-south-0.grafana-ops.net/collect/bc03dd0f2a088059ae67a23bc296a26d:0
[259168849ms] [ERROR] Failed to load resource: net::ERR_INTERNET_DISCONNECTED @ https://faro-collector-ops-eu-south-0.grafana-ops.net/collect/bc03dd0f2a088059ae67a23bc296a26d:0
[259168904ms] [ERROR] Failed to load resource: net::ERR_INTERNET_DISCONNECTED @ https://faro-collector-ops-eu-south-0.grafana-ops.net/collect/bc03dd0f2a088059ae67a23bc296a26d:0
[259171532ms] [ERROR] WebSocket connection to 'wss://deveadf53.grafana.net/api/live/ws' failed: Error in connection establishment: net::ERR_INTERNET_DISCONNECTED @ https://grafana-assets.grafana.net/grafana/13.2.0-30402795349/public/build/8021-react19.98b0598537b074241f06.js:291
[259171576ms] [ERROR] Failed to load resource: net::ERR_INTERNET_DISCONNECTED @ https://deveadf53.grafana.net/api/login/ping:0
[259171738ms] [ERROR] Failed to load resource: net::ERR_INTERNET_DISCONNECTED @ https://faro-collector-ops-eu-south-0.grafana-ops.net/collect/2aaaae17b963ac219cd6e23a4850f00e:0
[259171749ms] [ERROR] Failed to load resource: net::ERR_INTERNET_DISCONNECTED @ https://faro-collector-ops-eu-south-0.grafana-ops.net/collect/2aaaae17b963ac219cd6e23a4850f00e:0
[259171749ms] [ERROR] Faro
 @grafana/faro-web-sdk:transport-fetch
 Failed sending payload to the receiver
 {meta: Object, events: Array(1)} TypeError: Failed to fetch
    at https://grafana-assets.grafana.net/grafana/13.2.0-30402795349/public/build/51849-react19.65c79a8b63097dcd175d.js:177:54112
    at window.fetch (https://plugins-cdn.grafana.net/grafana-kowalski-app/1.64.0/public/plugins/grafana-kowalski-app/463.js?_cache=1ed629a5641ef9c0de99:2:206687)
    at https://plugins-cdn.grafana.net/grafana-kowalski-app/1.64.0/public/plugins/grafana-kowalski-app/463.js?_cache=1ed629a5641ef9c0de99:2:336969
    at o.<computed>.o.<computed> (https://rsi.grafana.com/v1.1/js-integrations/Fullstory.min.js:1:5852)
    at Mr.<anonymous> (https://plugins-cdn.grafana.net/grafana-kowalski-app/1.64.0/public/plugins/grafana-kowalski-app/463.js?_cache=1ed629a5641ef9c0de99:2:268817)
    at Generator.throw (<anonymous>)
    at a (https://plugins-cdn.grafana.net/grafana-kowalski-app/1.64.0/public/plugins/grafana-kowalski-app/463.js?_cache=1ed629a5641ef9c0de99:2:264709) @ https://plugins-cdn.grafana.net/grafana-kowalski-app/1.64.0/public/plugins/grafana-kowalski-app/463.js?_cache=1ed629a5641ef9c0de99:1
[259172915ms] [ERROR] Failed to load resource: net::ERR_INTERNET_DISCONNECTED @ https://faro-collector-ops-eu-south-0.grafana-ops.net/collect/bc03dd0f2a088059ae67a23bc296a26d:0
[259172932ms] [ERROR] Failed to load resource: net::ERR_INTERNET_DISCONNECTED @ https://faro-collector-ops-eu-south-0.grafana-ops.net/collect/bc03dd0f2a088059ae67a23bc296a26d:0
[259173917ms] [ERROR] Failed to load resource: net::ERR_INTERNET_DISCONNECTED @ https://faro-collector-ops-eu-south-0.grafana-ops.net/collect/2aaaae17b963ac219cd6e23a4850f00e:0
[259173929ms] [ERROR] Failed to load resource: net::ERR_INTERNET_DISCONNECTED @ https://faro-collector-ops-eu-south-0.grafana-ops.net/collect/2aaaae17b963ac219cd6e23a4850f00e:0
[259173929ms] [ERROR] Faro
 @grafana/faro-web-sdk:transport-fetch
 Failed sending payload to the receiver
 {meta: Object, events: Array(1)} TypeError: Failed to fetch
    at https://grafana-assets.grafana.net/grafana/13.2.0-30402795349/public/build/51849-react19.65c79a8b63097dcd175d.js:177:54112
    at window.fetch (https://plugins-cdn.grafana.net/grafana-kowalski-app/1.64.0/public/plugins/grafana-kowalski-app/463.js?_cache=1ed629a5641ef9c0de99:2:206687)
    at https://plugins-cdn.grafana.net/grafana-kowalski-app/1.64.0/public/plugins/grafana-kowalski-app/463.js?_cache=1ed629a5641ef9c0de99:2:336969
    at o.<computed>.o.<computed> (https://rsi.grafana.com/v1.1/js-integrations/Fullstory.min.js:1:5852)
    at Mr.<anonymous> (https://plugins-cdn.grafana.net/grafana-kowalski-app/1.64.0/public/plugins/grafana-kowalski-app/463.js?_cache=1ed629a5641ef9c0de99:2:268817)
    at Generator.throw (<anonymous>)
    at a (https://plugins-cdn.grafana.net/grafana-kowalski-app/1.64.0/public/plugins/grafana-kowalski-app/463.js?_cache=1ed629a5641ef9c0de99:2:264709) @ https://plugins-cdn.grafana.net/grafana-kowalski-app/1.64.0/public/plugins/grafana-kowalski-app/463.js?_cache=1ed629a5641ef9c0de99:1
[259174862ms] [ERROR] Failed to load resource: net::ERR_INTERNET_DISCONNECTED @ https://faro-collector-ops-eu-south-0.grafana-ops.net/collect/bc03dd0f2a088059ae67a23bc296a26d:0
[259174869ms] [ERROR] Failed to load resource: net::ERR_INTERNET_DISCONNECTED @ https://faro-collector-ops-eu-south-0.grafana-ops.net/collect/bc03dd0f2a088059ae67a23bc296a26d:0
[259175322ms] [ERROR] WebSocket connection to 'wss://deveadf53.grafana.net/api/live/ws' failed: Error in connection establishment: net::ERR_INTERNET_DISCONNECTED @ https://grafana-assets.grafana.net/grafana/13.2.0-30402795349/public/build/8021-react19.98b0598537b074241f06.js:291
[259176500ms] [ERROR] Failed to load resource: net::ERR_INTERNET_DISCONNECTED @ https://faro-collector-ops-eu-south-0.grafana-ops.net/collect/2aaaae17b963ac219cd6e23a4850f00e:0
[259176510ms] [ERROR] Failed to load resource: net::ERR_INTERNET_DISCONNECTED @ https://faro-collector-ops-eu-south-0.grafana-ops.net/collect/2aaaae17b963ac219cd6e23a4850f00e:0
[259176510ms] [ERROR] Faro
 @grafana/faro-web-sdk:transport-fetch
 Failed sending payload to the receiver
 {meta: Object, events: Array(1)} TypeError: Failed to fetch
    at https://grafana-assets.grafana.net/grafana/13.2.0-30402795349/public/build/51849-react19.65c79a8b63097dcd175d.js:177:54112
    at window.fetch (https://plugins-cdn.grafana.net/grafana-kowalski-app/1.64.0/public/plugins/grafana-kowalski-app/463.js?_cache=1ed629a5641ef9c0de99:2:206687)
    at https://plugins-cdn.grafana.net/grafana-kowalski-app/1.64.0/public/plugins/grafana-kowalski-app/463.js?_cache=1ed629a5641ef9c0de99:2:336969
    at o.<computed>.o.<computed> (https://rsi.grafana.com/v1.1/js-integrations/Fullstory.min.js:1:5852)
    at Mr.<anonymous> (https://plugins-cdn.grafana.net/grafana-kowalski-app/1.64.0/public/plugins/grafana-kowalski-app/463.js?_cache=1ed629a5641ef9c0de99:2:268817)
    at Generator.throw (<anonymous>)
    at a (https://plugins-cdn.grafana.net/grafana-kowalski-app/1.64.0/public/plugins/grafana-kowalski-app/463.js?_cache=1ed629a5641ef9c0de99:2:264709) @ https://plugins-cdn.grafana.net/grafana-kowalski-app/1.64.0/public/plugins/grafana-kowalski-app/463.js?_cache=1ed629a5641ef9c0de99:1
[259191312ms] [ERROR] WebSocket connection to 'wss://deveadf53.grafana.net/api/live/ws' failed: Error in connection establishment: net::ERR_INTERNET_DISCONNECTED @ https://grafana-assets.grafana.net/grafana/13.2.0-30402795349/public/build/8021-react19.98b0598537b074241f06.js:291
[259191335ms] [ERROR] Failed to load resource: net::ERR_INTERNET_DISCONNECTED @ https://deveadf53.grafana.net/api/login/ping:0
[259191480ms] [ERROR] Failed to load resource: net::ERR_INTERNET_DISCONNECTED @ https://faro-collector-ops-eu-south-0.grafana-ops.net/collect/2aaaae17b963ac219cd6e23a4850f00e:0
[259191485ms] [ERROR] Failed to load resource: net::ERR_INTERNET_DISCONNECTED @ https://faro-collector-ops-eu-south-0.grafana-ops.net/collect/2aaaae17b963ac219cd6e23a4850f00e:0
[259191485ms] [ERROR] Faro
 @grafana/faro-web-sdk:transport-fetch
 Failed sending payload to the receiver
 {meta: Object, events: Array(1)} TypeError: Failed to fetch
    at https://grafana-assets.grafana.net/grafana/13.2.0-30402795349/public/build/51849-react19.65c79a8b63097dcd175d.js:177:54112
    at window.fetch (https://plugins-cdn.grafana.net/grafana-kowalski-app/1.64.0/public/plugins/grafana-kowalski-app/463.js?_cache=1ed629a5641ef9c0de99:2:206687)
    at https://plugins-cdn.grafana.net/grafana-kowalski-app/1.64.0/public/plugins/grafana-kowalski-app/463.js?_cache=1ed629a5641ef9c0de99:2:336969
    at o.<computed>.o.<computed> (https://rsi.grafana.com/v1.1/js-integrations/Fullstory.min.js:1:5852)
    at Mr.<anonymous> (https://plugins-cdn.grafana.net/grafana-kowalski-app/1.64.0/public/plugins/grafana-kowalski-app/463.js?_cache=1ed629a5641ef9c0de99:2:268817)
    at Generator.throw (<anonymous>)
    at a (https://plugins-cdn.grafana.net/grafana-kowalski-app/1.64.0/public/plugins/grafana-kowalski-app/463.js?_cache=1ed629a5641ef9c0de99:2:264709) @ https://plugins-cdn.grafana.net/grafana-kowalski-app/1.64.0/public/plugins/grafana-kowalski-app/463.js?_cache=1ed629a5641ef9c0de99:1
[259192439ms] [ERROR] WebSocket connection to 'wss://deveadf53.grafana.net/api/live/ws' failed: Error in connection establishment: net::ERR_INTERNET_DISCONNECTED @ https://grafana-assets.grafana.net/grafana/13.2.0-30402795349/public/build/8021-react19.98b0598537b074241f06.js:291
[259192838ms] [ERROR] Failed to load resource: net::ERR_INTERNET_DISCONNECTED @ https://faro-collector-ops-eu-south-0.grafana-ops.net/collect/bc03dd0f2a088059ae67a23bc296a26d:0
[259192850ms] [ERROR] Failed to load resource: net::ERR_INTERNET_DISCONNECTED @ https://faro-collector-ops-eu-south-0.grafana-ops.net/collect/bc03dd0f2a088059ae67a23bc296a26d:0
[259195835ms] [ERROR] WebSocket connection to 'wss://deveadf53.grafana.net/api/live/ws' failed: Error in connection establishment: net::ERR_INTERNET_DISCONNECTED @ https://grafana-assets.grafana.net/grafana/13.2.0-30402795349/public/build/8021-react19.98b0598537b074241f06.js:291
[259214326ms] [ERROR] WebSocket connection to 'wss://deveadf53.grafana.net/api/live/ws' failed: Error in connection establishment: net::ERR_INTERNET_DISCONNECTED @ https://grafana-assets.grafana.net/grafana/13.2.0-30402795349/public/build/8021-react19.98b0598537b074241f06.js:291
[259214338ms] [ERROR] Failed to load resource: net::ERR_INTERNET_DISCONNECTED @ https://deveadf53.grafana.net/api/login/ping:0
[259214481ms] [ERROR] Failed to load resource: net::ERR_INTERNET_DISCONNECTED @ https://faro-collector-ops-eu-south-0.grafana-ops.net/collect/2aaaae17b963ac219cd6e23a4850f00e:0
[259214483ms] [ERROR] Failed to load resource: net::ERR_INTERNET_DISCONNECTED @ https://faro-collector-ops-eu-south-0.grafana-ops.net/collect/2aaaae17b963ac219cd6e23a4850f00e:0
[259214483ms] [ERROR] Faro
 @grafana/faro-web-sdk:transport-fetch
 Failed sending payload to the receiver
 {meta: Object, events: Array(1)} TypeError: Failed to fetch
    at https://grafana-assets.grafana.net/grafana/13.2.0-30402795349/public/build/51849-react19.65c79a8b63097dcd175d.js:177:54112
    at window.fetch (https://plugins-cdn.grafana.net/grafana-kowalski-app/1.64.0/public/plugins/grafana-kowalski-app/463.js?_cache=1ed629a5641ef9c0de99:2:206687)
    at https://plugins-cdn.grafana.net/grafana-kowalski-app/1.64.0/public/plugins/grafana-kowalski-app/463.js?_cache=1ed629a5641ef9c0de99:2:336969
    at o.<computed>.o.<computed> (https://rsi.grafana.com/v1.1/js-integrations/Fullstory.min.js:1:5852)
    at Mr.<anonymous> (https://plugins-cdn.grafana.net/grafana-kowalski-app/1.64.0/public/plugins/grafana-kowalski-app/463.js?_cache=1ed629a5641ef9c0de99:2:268817)
    at Generator.throw (<anonymous>)
    at a (https://plugins-cdn.grafana.net/grafana-kowalski-app/1.64.0/public/plugins/grafana-kowalski-app/463.js?_cache=1ed629a5641ef9c0de99:2:264709) @ https://plugins-cdn.grafana.net/grafana-kowalski-app/1.64.0/public/plugins/grafana-kowalski-app/463.js?_cache=1ed629a5641ef9c0de99:1
[259214833ms] [ERROR] Failed to load resource: net::ERR_INTERNET_DISCONNECTED @ https://faro-collector-ops-eu-south-0.grafana-ops.net/collect/bc03dd0f2a088059ae67a23bc296a26d:0
[259214839ms] [ERROR] Failed to load resource: net::ERR_INTERNET_DISCONNECTED @ https://faro-collector-ops-eu-south-0.grafana-ops.net/collect/bc03dd0f2a088059ae67a23bc296a26d:0
[259216830ms] [ERROR] Failed to load resource: net::ERR_INTERNET_DISCONNECTED @ https://faro-collector-ops-eu-south-0.grafana-ops.net/collect/bc03dd0f2a088059ae67a23bc296a26d:0
[259216833ms] [ERROR] Failed to load resource: net::ERR_INTERNET_DISCONNECTED @ https://faro-collector-ops-eu-south-0.grafana-ops.net/collect/bc03dd0f2a088059ae67a23bc296a26d:0
[259224050ms] [ERROR] WebSocket connection to 'wss://deveadf53.grafana.net/api/live/ws' failed: Error in connection establishment: net::ERR_INTERNET_DISCONNECTED @ https://grafana-assets.grafana.net/grafana/13.2.0-30402795349/public/build/8021-react19.98b0598537b074241f06.js:291
[259224066ms] [ERROR] Failed to load resource: net::ERR_INTERNET_DISCONNECTED @ https://deveadf53.grafana.net/api/login/ping:0
[259224231ms] [ERROR] Failed to load resource: net::ERR_INTERNET_DISCONNECTED @ https://faro-collector-ops-eu-south-0.grafana-ops.net/collect/2aaaae17b963ac219cd6e23a4850f00e:0
[259224235ms] [ERROR] Failed to load resource: net::ERR_INTERNET_DISCONNECTED @ https://faro-collector-ops-eu-south-0.grafana-ops.net/collect/2aaaae17b963ac219cd6e23a4850f00e:0
[259224235ms] [ERROR] Faro
 @grafana/faro-web-sdk:transport-fetch
 Failed sending payload to the receiver
 {meta: Object, events: Array(1)} TypeError: Failed to fetch
    at https://grafana-assets.grafana.net/grafana/13.2.0-30402795349/public/build/51849-react19.65c79a8b63097dcd175d.js:177:54112
    at window.fetch (https://plugins-cdn.grafana.net/grafana-kowalski-app/1.64.0/public/plugins/grafana-kowalski-app/463.js?_cache=1ed629a5641ef9c0de99:2:206687)
    at https://plugins-cdn.grafana.net/grafana-kowalski-app/1.64.0/public/plugins/grafana-kowalski-app/463.js?_cache=1ed629a5641ef9c0de99:2:336969
    at o.<computed>.o.<computed> (https://rsi.grafana.com/v1.1/js-integrations/Fullstory.min.js:1:5852)
    at Mr.<anonymous> (https://plugins-cdn.grafana.net/grafana-kowalski-app/1.64.0/public/plugins/grafana-kowalski-app/463.js?_cache=1ed629a5641ef9c0de99:2:268817)
    at Generator.throw (<anonymous>)
    at a (https://plugins-cdn.grafana.net/grafana-kowalski-app/1.64.0/public/plugins/grafana-kowalski-app/463.js?_cache=1ed629a5641ef9c0de99:2:264709) @ https://plugins-cdn.grafana.net/grafana-kowalski-app/1.64.0/public/plugins/grafana-kowalski-app/463.js?_cache=1ed629a5641ef9c0de99:1
[259224830ms] [ERROR] Failed to load resource: net::ERR_INTERNET_DISCONNECTED @ https://faro-collector-ops-eu-south-0.grafana-ops.net/collect/bc03dd0f2a088059ae67a23bc296a26d:0
[259224833ms] [ERROR] Failed to load resource: net::ERR_INTERNET_DISCONNECTED @ https://faro-collector-ops-eu-south-0.grafana-ops.net/collect/bc03dd0f2a088059ae67a23bc296a26d:0
[259226839ms] [ERROR] Failed to load resource: net::ERR_INTERNET_DISCONNECTED @ https://faro-collector-ops-eu-south-0.grafana-ops.net/collect/bc03dd0f2a088059ae67a23bc296a26d:0
[259226845ms] [ERROR] Failed to load resource: net::ERR_INTERNET_DISCONNECTED @ https://faro-collector-ops-eu-south-0.grafana-ops.net/collect/bc03dd0f2a088059ae67a23bc296a26d:0
[259232252ms] [ERROR] WebSocket connection to 'wss://deveadf53.grafana.net/api/live/ws' failed: Error in connection establishment: net::ERR_INTERNET_DISCONNECTED @ https://grafana-assets.grafana.net/grafana/13.2.0-30402795349/public/build/8021-react19.98b0598537b074241f06.js:291
[259232273ms] [ERROR] Failed to load resource: net::ERR_INTERNET_DISCONNECTED @ https://deveadf53.grafana.net/api/login/ping:0
[259232478ms] [ERROR] Failed to load resource: net::ERR_INTERNET_DISCONNECTED @ https://faro-collector-ops-eu-south-0.grafana-ops.net/collect/2aaaae17b963ac219cd6e23a4850f00e:0
[259232480ms] [ERROR] Failed to load resource: net::ERR_INTERNET_DISCONNECTED @ https://faro-collector-ops-eu-south-0.grafana-ops.net/collect/2aaaae17b963ac219cd6e23a4850f00e:0
[259232480ms] [ERROR] Faro
 @grafana/faro-web-sdk:transport-fetch
 Failed sending payload to the receiver
 {meta: Object, events: Array(1)} TypeError: Failed to fetch
    at https://grafana-assets.grafana.net/grafana/13.2.0-30402795349/public/build/51849-react19.65c79a8b63097dcd175d.js:177:54112
    at window.fetch (https://plugins-cdn.grafana.net/grafana-kowalski-app/1.64.0/public/plugins/grafana-kowalski-app/463.js?_cache=1ed629a5641ef9c0de99:2:206687)
    at https://plugins-cdn.grafana.net/grafana-kowalski-app/1.64.0/public/plugins/grafana-kowalski-app/463.js?_cache=1ed629a5641ef9c0de99:2:336969
    at o.<computed>.o.<computed> (https://rsi.grafana.com/v1.1/js-integrations/Fullstory.min.js:1:5852)
    at Mr.<anonymous> (https://plugins-cdn.grafana.net/grafana-kowalski-app/1.64.0/public/plugins/grafana-kowalski-app/463.js?_cache=1ed629a5641ef9c0de99:2:268817)
    at Generator.throw (<anonymous>)
    at a (https://plugins-cdn.grafana.net/grafana-kowalski-app/1.64.0/public/plugins/grafana-kowalski-app/463.js?_cache=1ed629a5641ef9c0de99:2:264709) @ https://plugins-cdn.grafana.net/grafana-kowalski-app/1.64.0/public/plugins/grafana-kowalski-app/463.js?_cache=1ed629a5641ef9c0de99:1
[259232832ms] [ERROR] Failed to load resource: net::ERR_INTERNET_DISCONNECTED @ https://faro-collector-ops-eu-south-0.grafana-ops.net/collect/bc03dd0f2a088059ae67a23bc296a26d:0
[259232835ms] [ERROR] Failed to load resource: net::ERR_INTERNET_DISCONNECTED @ https://faro-collector-ops-eu-south-0.grafana-ops.net/collect/bc03dd0f2a088059ae67a23bc296a26d:0
[259234841ms] [ERROR] Failed to load resource: net::ERR_INTERNET_DISCONNECTED @ https://faro-collector-ops-eu-south-0.grafana-ops.net/collect/bc03dd0f2a088059ae67a23bc296a26d:0
[259234850ms] [ERROR] Failed to load resource: net::ERR_INTERNET_DISCONNECTED @ https://faro-collector-ops-eu-south-0.grafana-ops.net/collect/bc03dd0f2a088059ae67a23bc296a26d:0
[259246089ms] [WARNING] WebSocket connection to 'wss://deveadf53.grafana.net/api/live/ws' failed: WebSocket is closed before the connection is established. @ https://grafana-assets.grafana.net/grafana/13.2.0-30402795349/public/build/8021-react19.98b0598537b074241f06.js:291
[259246096ms] [ERROR] Failed to load resource: net::ERR_NETWORK_CHANGED @ https://deveadf53.grafana.net/api/plugin-proxy/grafana-kowalski-app/api-proxy/api/v1/app:0
[259246100ms] [ERROR] Failed to load resource: net::ERR_NETWORK_CHANGED @ https://deveadf53.grafana.net/api/ds/query?ds_type=tempo&requestId=trace:df238d63faaf83beb4937a8544cb25ee:0
[259246375ms] [ERROR] Failed to load resource: net::ERR_QUIC_PROTOCOL_ERROR @ https://rs.grafana.com/v1/track:0
[259246376ms] [ERROR] Failed to load resource: net::ERR_QUIC_PROTOCOL_ERROR @ https://rs.grafana.com/transform:0
[259246377ms] [ERROR] Failed to load resource: net::ERR_INTERNET_DISCONNECTED @ https://rs.grafana.com/v1/track:0
[259246377ms] [ERROR] Failed to load resource: net::ERR_INTERNET_DISCONNECTED @ https://rs.grafana.com/transform:0
[259246493ms] [ERROR] Failed to load resource: net::ERR_INTERNET_DISCONNECTED @ https://grafana-assets.grafana.net/grafana/13.2.0-30402795349/public/build/img/icons/unicons/align-right.svg:0
[259246501ms] [ERROR] Failed to load resource: net::ERR_INTERNET_DISCONNECTED @ https://faro-collector-ops-eu-south-0.grafana-ops.net/collect/2aaaae17b963ac219cd6e23a4850f00e:0
[259246534ms] [ERROR] Failed to load resource: net::ERR_INTERNET_DISCONNECTED @ https://faro-collector-ops-eu-south-0.grafana-ops.net/collect/2aaaae17b963ac219cd6e23a4850f00e:0
[259246534ms] [ERROR] Faro
 @grafana/faro-web-sdk:transport-fetch
 Failed sending payload to the receiver
 {meta: Object, events: Array(1)} TypeError: Failed to fetch
    at https://grafana-assets.grafana.net/grafana/13.2.0-30402795349/public/build/51849-react19.65c79a8b63097dcd175d.js:177:54112
    at window.fetch (https://plugins-cdn.grafana.net/grafana-kowalski-app/1.64.0/public/plugins/grafana-kowalski-app/463.js?_cache=1ed629a5641ef9c0de99:2:206687)
    at https://plugins-cdn.grafana.net/grafana-kowalski-app/1.64.0/public/plugins/grafana-kowalski-app/463.js?_cache=1ed629a5641ef9c0de99:2:336969
    at o.<computed>.o.<computed> (https://rsi.grafana.com/v1.1/js-integrations/Fullstory.min.js:1:5852)
    at Mr.<anonymous> (https://plugins-cdn.grafana.net/grafana-kowalski-app/1.64.0/public/plugins/grafana-kowalski-app/463.js?_cache=1ed629a5641ef9c0de99:2:268817)
    at Generator.throw (<anonymous>)
    at a (https://plugins-cdn.grafana.net/grafana-kowalski-app/1.64.0/public/plugins/grafana-kowalski-app/463.js?_cache=1ed629a5641ef9c0de99:2:264709) @ https://plugins-cdn.grafana.net/grafana-kowalski-app/1.64.0/public/plugins/grafana-kowalski-app/463.js?_cache=1ed629a5641ef9c0de99:1
[259246833ms] [ERROR] Failed to load resource: net::ERR_INTERNET_DISCONNECTED @ https://faro-collector-ops-eu-south-0.grafana-ops.net/collect/bc03dd0f2a088059ae67a23bc296a26d:0
[259246841ms] [ERROR] Failed to load resource: net::ERR_INTERNET_DISCONNECTED @ https://faro-collector-ops-eu-south-0.grafana-ops.net/collect/bc03dd0f2a088059ae67a23bc296a26d:0
[259247389ms] [ERROR] Failed to load resource: net::ERR_INTERNET_DISCONNECTED @ https://rs.grafana.com/transform:0
[259247390ms] [ERROR] Failed to load resource: net::ERR_INTERNET_DISCONNECTED @ https://rs.grafana.com/transform:0
[259248387ms] [ERROR] Failed to load resource: net::ERR_INTERNET_DISCONNECTED @ https://rs.grafana.com/v1/track:0
[259248388ms] [ERROR] Failed to load resource: net::ERR_INTERNET_DISCONNECTED @ https://rs.grafana.com/v1/track:0
[259248540ms] [ERROR] WebSocket connection to 'wss://deveadf53.grafana.net/api/live/ws' failed: Error in connection establishment: net::ERR_INTERNET_DISCONNECTED @ https://grafana-assets.grafana.net/grafana/13.2.0-30402795349/public/build/8021-react19.98b0598537b074241f06.js:291
[259248544ms] [ERROR] Failed to load resource: net::ERR_INTERNET_DISCONNECTED @ https://deveadf53.grafana.net/api/login/ping:0
[259248731ms] [ERROR] Failed to load resource: net::ERR_INTERNET_DISCONNECTED @ https://faro-collector-ops-eu-south-0.grafana-ops.net/collect/2aaaae17b963ac219cd6e23a4850f00e:0
[259248734ms] [ERROR] Failed to load resource: net::ERR_INTERNET_DISCONNECTED @ https://faro-collector-ops-eu-south-0.grafana-ops.net/collect/2aaaae17b963ac219cd6e23a4850f00e:0
[259248734ms] [ERROR] Faro
 @grafana/faro-web-sdk:transport-fetch
 Failed sending payload to the receiver
 {meta: Object, events: Array(1)} TypeError: Failed to fetch
    at https://grafana-assets.grafana.net/grafana/13.2.0-30402795349/public/build/51849-react19.65c79a8b63097dcd175d.js:177:54112
    at window.fetch (https://plugins-cdn.grafana.net/grafana-kowalski-app/1.64.0/public/plugins/grafana-kowalski-app/463.js?_cache=1ed629a5641ef9c0de99:2:206687)
    at https://plugins-cdn.grafana.net/grafana-kowalski-app/1.64.0/public/plugins/grafana-kowalski-app/463.js?_cache=1ed629a5641ef9c0de99:2:336969
    at o.<computed>.o.<computed> (https://rsi.grafana.com/v1.1/js-integrations/Fullstory.min.js:1:5852)
    at Mr.<anonymous> (https://plugins-cdn.grafana.net/grafana-kowalski-app/1.64.0/public/plugins/grafana-kowalski-app/463.js?_cache=1ed629a5641ef9c0de99:2:268817)
    at Generator.throw (<anonymous>)
    at a (https://plugins-cdn.grafana.net/grafana-kowalski-app/1.64.0/public/plugins/grafana-kowalski-app/463.js?_cache=1ed629a5641ef9c0de99:2:264709) @ https://plugins-cdn.grafana.net/grafana-kowalski-app/1.64.0/public/plugins/grafana-kowalski-app/463.js?_cache=1ed629a5641ef9c0de99:1
[259248838ms] [ERROR] Failed to load resource: net::ERR_INTERNET_DISCONNECTED @ https://faro-collector-ops-eu-south-0.grafana-ops.net/collect/bc03dd0f2a088059ae67a23bc296a26d:0
[259248844ms] [ERROR] Failed to load resource: net::ERR_INTERNET_DISCONNECTED @ https://faro-collector-ops-eu-south-0.grafana-ops.net/collect/bc03dd0f2a088059ae67a23bc296a26d:0
[259249401ms] [ERROR] Failed to load resource: net::ERR_INTERNET_DISCONNECTED @ https://rs.grafana.com/transform:0
[259249402ms] [ERROR] Failed to load resource: net::ERR_INTERNET_DISCONNECTED @ https://rs.grafana.com/transform:0
[259250833ms] [ERROR] Failed to load resource: net::ERR_INTERNET_DISCONNECTED @ https://faro-collector-ops-eu-south-0.grafana-ops.net/collect/bc03dd0f2a088059ae67a23bc296a26d:0
[259250839ms] [ERROR] Failed to load resource: net::ERR_INTERNET_DISCONNECTED @ https://faro-collector-ops-eu-south-0.grafana-ops.net/collect/bc03dd0f2a088059ae67a23bc296a26d:0
[259252397ms] [ERROR] Failed to load resource: net::ERR_INTERNET_DISCONNECTED @ https://rs.grafana.com/v1/track:0
[259252399ms] [ERROR] Failed to load resource: net::ERR_INTERNET_DISCONNECTED @ https://rs.grafana.com/v1/track:0
[259253408ms] [ERROR] Failed to load resource: net::ERR_INTERNET_DISCONNECTED @ https://rs.grafana.com/transform:0
[259253408ms] [ERROR] Failed to load resource: net::ERR_INTERNET_DISCONNECTED @ https://rs.grafana.com/transform:0
[259258435ms] [ERROR] WebSocket connection to 'wss://deveadf53.grafana.net/api/live/ws' failed: Error in connection establishment: net::ERR_INTERNET_DISCONNECTED @ https://grafana-assets.grafana.net/grafana/13.2.0-30402795349/public/build/8021-react19.98b0598537b074241f06.js:291
[259258454ms] [ERROR] Failed to load resource: net::ERR_INTERNET_DISCONNECTED @ https://deveadf53.grafana.net/api/login/ping:0
[259258481ms] [ERROR] Failed to load resource: net::ERR_INTERNET_DISCONNECTED @ https://faro-collector-ops-eu-south-0.grafana-ops.net/collect/2aaaae17b963ac219cd6e23a4850f00e:0
[259258497ms] [ERROR] Failed to load resource: net::ERR_INTERNET_DISCONNECTED @ https://faro-collector-ops-eu-south-0.grafana-ops.net/collect/2aaaae17b963ac219cd6e23a4850f00e:0
[259258497ms] [ERROR] Faro
 @grafana/faro-web-sdk:transport-fetch
 Failed sending payload to the receiver
 {meta: Object, events: Array(1)} TypeError: Failed to fetch
    at https://grafana-assets.grafana.net/grafana/13.2.0-30402795349/public/build/51849-react19.65c79a8b63097dcd175d.js:177:54112
    at window.fetch (https://plugins-cdn.grafana.net/grafana-kowalski-app/1.64.0/public/plugins/grafana-kowalski-app/463.js?_cache=1ed629a5641ef9c0de99:2:206687)
    at https://plugins-cdn.grafana.net/grafana-kowalski-app/1.64.0/public/plugins/grafana-kowalski-app/463.js?_cache=1ed629a5641ef9c0de99:2:336969
    at o.<computed>.o.<computed> (https://rsi.grafana.com/v1.1/js-integrations/Fullstory.min.js:1:5852)
    at Mr.<anonymous> (https://plugins-cdn.grafana.net/grafana-kowalski-app/1.64.0/public/plugins/grafana-kowalski-app/463.js?_cache=1ed629a5641ef9c0de99:2:268817)
    at Generator.throw (<anonymous>)
    at a (https://plugins-cdn.grafana.net/grafana-kowalski-app/1.64.0/public/plugins/grafana-kowalski-app/463.js?_cache=1ed629a5641ef9c0de99:2:264709) @ https://plugins-cdn.grafana.net/grafana-kowalski-app/1.64.0/public/plugins/grafana-kowalski-app/463.js?_cache=1ed629a5641ef9c0de99:1
[259258829ms] [ERROR] Failed to load resource: net::ERR_INTERNET_DISCONNECTED @ https://faro-collector-ops-eu-south-0.grafana-ops.net/collect/bc03dd0f2a088059ae67a23bc296a26d:0
[259258832ms] [ERROR] Failed to load resource: net::ERR_INTERNET_DISCONNECTED @ https://faro-collector-ops-eu-south-0.grafana-ops.net/collect/bc03dd0f2a088059ae67a23bc296a26d:0
[259260409ms] [ERROR] Failed to load resource: net::ERR_INTERNET_DISCONNECTED @ https://rs.grafana.com/v1/track:0
[259260410ms] [ERROR] Failed to load resource: net::ERR_INTERNET_DISCONNECTED @ https://rs.grafana.com/v1/track:0
[259260827ms] [ERROR] Failed to load resource: net::ERR_INTERNET_DISCONNECTED @ https://faro-collector-ops-eu-south-0.grafana-ops.net/collect/bc03dd0f2a088059ae67a23bc296a26d:0
[259260829ms] [ERROR] Failed to load resource: net::ERR_INTERNET_DISCONNECTED @ https://faro-collector-ops-eu-south-0.grafana-ops.net/collect/bc03dd0f2a088059ae67a23bc296a26d:0
[259264217ms] [ERROR] WebSocket connection to 'wss://deveadf53.grafana.net/api/live/ws' failed: Error in connection establishment: net::ERR_INTERNET_DISCONNECTED @ https://grafana-assets.grafana.net/grafana/13.2.0-30402795349/public/build/8021-react19.98b0598537b074241f06.js:291
[259264226ms] [ERROR] Failed to load resource: net::ERR_INTERNET_DISCONNECTED @ https://deveadf53.grafana.net/api/login/ping:0
[259264479ms] [ERROR] Failed to load resource: net::ERR_INTERNET_DISCONNECTED @ https://faro-collector-ops-eu-south-0.grafana-ops.net/collect/2aaaae17b963ac219cd6e23a4850f00e:0
[259264482ms] [ERROR] Failed to load resource: net::ERR_INTERNET_DISCONNECTED @ https://faro-collector-ops-eu-south-0.grafana-ops.net/collect/2aaaae17b963ac219cd6e23a4850f00e:0
[259264482ms] [ERROR] Faro
 @grafana/faro-web-sdk:transport-fetch
 Failed sending payload to the receiver
 {meta: Object, events: Array(1)} TypeError: Failed to fetch
    at https://grafana-assets.grafana.net/grafana/13.2.0-30402795349/public/build/51849-react19.65c79a8b63097dcd175d.js:177:54112
    at window.fetch (https://plugins-cdn.grafana.net/grafana-kowalski-app/1.64.0/public/plugins/grafana-kowalski-app/463.js?_cache=1ed629a5641ef9c0de99:2:206687)
    at https://plugins-cdn.grafana.net/grafana-kowalski-app/1.64.0/public/plugins/grafana-kowalski-app/463.js?_cache=1ed629a5641ef9c0de99:2:336969
    at o.<computed>.o.<computed> (https://rsi.grafana.com/v1.1/js-integrations/Fullstory.min.js:1:5852)
    at Mr.<anonymous> (https://plugins-cdn.grafana.net/grafana-kowalski-app/1.64.0/public/plugins/grafana-kowalski-app/463.js?_cache=1ed629a5641ef9c0de99:2:268817)
    at Generator.throw (<anonymous>)
    at a (https://plugins-cdn.grafana.net/grafana-kowalski-app/1.64.0/public/plugins/grafana-kowalski-app/463.js?_cache=1ed629a5641ef9c0de99:2:264709) @ https://plugins-cdn.grafana.net/grafana-kowalski-app/1.64.0/public/plugins/grafana-kowalski-app/463.js?_cache=1ed629a5641ef9c0de99:1
[259264827ms] [ERROR] Failed to load resource: net::ERR_INTERNET_DISCONNECTED @ https://faro-collector-ops-eu-south-0.grafana-ops.net/collect/bc03dd0f2a088059ae67a23bc296a26d:0
[259264828ms] [ERROR] Failed to load resource: net::ERR_INTERNET_DISCONNECTED @ https://faro-collector-ops-eu-south-0.grafana-ops.net/collect/bc03dd0f2a088059ae67a23bc296a26d:0
[259266835ms] [ERROR] Failed to load resource: net::ERR_INTERNET_DISCONNECTED @ https://faro-collector-ops-eu-south-0.grafana-ops.net/collect/bc03dd0f2a088059ae67a23bc296a26d:0
[259266840ms] [ERROR] Failed to load resource: net::ERR_INTERNET_DISCONNECTED @ https://faro-collector-ops-eu-south-0.grafana-ops.net/collect/bc03dd0f2a088059ae67a23bc296a26d:0
[259278046ms] [ERROR] WebSocket connection to 'wss://deveadf53.grafana.net/api/live/ws' failed: Error in connection establishment: net::ERR_INTERNET_DISCONNECTED @ https://grafana-assets.grafana.net/grafana/13.2.0-30402795349/public/build/8021-react19.98b0598537b074241f06.js:291
[259278072ms] [ERROR] Failed to load resource: net::ERR_INTERNET_DISCONNECTED @ https://deveadf53.grafana.net/api/login/ping:0
[259278237ms] [ERROR] Failed to load resource: net::ERR_INTERNET_DISCONNECTED @ https://faro-collector-ops-eu-south-0.grafana-ops.net/collect/2aaaae17b963ac219cd6e23a4850f00e:0
[259278254ms] [ERROR] Failed to load resource: net::ERR_INTERNET_DISCONNECTED @ https://faro-collector-ops-eu-south-0.grafana-ops.net/collect/2aaaae17b963ac219cd6e23a4850f00e:0
[259278254ms] [ERROR] Faro
 @grafana/faro-web-sdk:transport-fetch
 Failed sending payload to the receiver
 {meta: Object, events: Array(1)} TypeError: Failed to fetch
    at https://grafana-assets.grafana.net/grafana/13.2.0-30402795349/public/build/51849-react19.65c79a8b63097dcd175d.js:177:54112
    at window.fetch (https://plugins-cdn.grafana.net/grafana-kowalski-app/1.64.0/public/plugins/grafana-kowalski-app/463.js?_cache=1ed629a5641ef9c0de99:2:206687)
    at https://plugins-cdn.grafana.net/grafana-kowalski-app/1.64.0/public/plugins/grafana-kowalski-app/463.js?_cache=1ed629a5641ef9c0de99:2:336969
    at o.<computed>.o.<computed> (https://rsi.grafana.com/v1.1/js-integrations/Fullstory.min.js:1:5852)
    at Mr.<anonymous> (https://plugins-cdn.grafana.net/grafana-kowalski-app/1.64.0/public/plugins/grafana-kowalski-app/463.js?_cache=1ed629a5641ef9c0de99:2:268817)
    at Generator.throw (<anonymous>)
    at a (https://plugins-cdn.grafana.net/grafana-kowalski-app/1.64.0/public/plugins/grafana-kowalski-app/463.js?_cache=1ed629a5641ef9c0de99:2:264709) @ https://plugins-cdn.grafana.net/grafana-kowalski-app/1.64.0/public/plugins/grafana-kowalski-app/463.js?_cache=1ed629a5641ef9c0de99:1
[259278837ms] [ERROR] Failed to load resource: net::ERR_INTERNET_DISCONNECTED @ https://faro-collector-ops-eu-south-0.grafana-ops.net/collect/bc03dd0f2a088059ae67a23bc296a26d:0
[259278847ms] [ERROR] Failed to load resource: net::ERR_INTERNET_DISCONNECTED @ https://faro-collector-ops-eu-south-0.grafana-ops.net/collect/bc03dd0f2a088059ae67a23bc296a26d:0
[259280420ms] [ERROR] Failed to load resource: net::ERR_INTERNET_DISCONNECTED @ https://rs.grafana.com/v1/track:0
[259280421ms] [ERROR] Failed to load resource: net::ERR_INTERNET_DISCONNECTED @ https://rs.grafana.com/v1/track:0
[259280832ms] [ERROR] Failed to load resource: net::ERR_INTERNET_DISCONNECTED @ https://faro-collector-ops-eu-south-0.grafana-ops.net/collect/bc03dd0f2a088059ae67a23bc296a26d:0
[259280840ms] [ERROR] Failed to load resource: net::ERR_INTERNET_DISCONNECTED @ https://faro-collector-ops-eu-south-0.grafana-ops.net/collect/bc03dd0f2a088059ae67a23bc296a26d:0
[259295806ms] [ERROR] WebSocket connection to 'wss://deveadf53.grafana.net/api/live/ws' failed: Error in connection establishment: net::ERR_INTERNET_DISCONNECTED @ https://grafana-assets.grafana.net/grafana/13.2.0-30402795349/public/build/8021-react19.98b0598537b074241f06.js:291
[259295823ms] [ERROR] Failed to load resource: net::ERR_INTERNET_DISCONNECTED @ https://deveadf53.grafana.net/api/login/ping:0
[259295981ms] [ERROR] Failed to load resource: net::ERR_INTERNET_DISCONNECTED @ https://faro-collector-ops-eu-south-0.grafana-ops.net/collect/2aaaae17b963ac219cd6e23a4850f00e:0
[259295984ms] [ERROR] Failed to load resource: net::ERR_INTERNET_DISCONNECTED @ https://faro-collector-ops-eu-south-0.grafana-ops.net/collect/2aaaae17b963ac219cd6e23a4850f00e:0
[259295984ms] [ERROR] Faro
 @grafana/faro-web-sdk:transport-fetch
 Failed sending payload to the receiver
 {meta: Object, events: Array(1)} TypeError: Failed to fetch
    at https://grafana-assets.grafana.net/grafana/13.2.0-30402795349/public/build/51849-react19.65c79a8b63097dcd175d.js:177:54112
    at window.fetch (https://plugins-cdn.grafana.net/grafana-kowalski-app/1.64.0/public/plugins/grafana-kowalski-app/463.js?_cache=1ed629a5641ef9c0de99:2:206687)
    at https://plugins-cdn.grafana.net/grafana-kowalski-app/1.64.0/public/plugins/grafana-kowalski-app/463.js?_cache=1ed629a5641ef9c0de99:2:336969
    at o.<computed>.o.<computed> (https://rsi.grafana.com/v1.1/js-integrations/Fullstory.min.js:1:5852)
    at Mr.<anonymous> (https://plugins-cdn.grafana.net/grafana-kowalski-app/1.64.0/public/plugins/grafana-kowalski-app/463.js?_cache=1ed629a5641ef9c0de99:2:268817)
    at Generator.throw (<anonymous>)
    at a (https://plugins-cdn.grafana.net/grafana-kowalski-app/1.64.0/public/plugins/grafana-kowalski-app/463.js?_cache=1ed629a5641ef9c0de99:2:264709) @ https://plugins-cdn.grafana.net/grafana-kowalski-app/1.64.0/public/plugins/grafana-kowalski-app/463.js?_cache=1ed629a5641ef9c0de99:1
[259296834ms] [ERROR] Failed to load resource: net::ERR_INTERNET_DISCONNECTED @ https://faro-collector-ops-eu-south-0.grafana-ops.net/collect/bc03dd0f2a088059ae67a23bc296a26d:0
[259296844ms] [ERROR] Failed to load resource: net::ERR_INTERNET_DISCONNECTED @ https://faro-collector-ops-eu-south-0.grafana-ops.net/collect/bc03dd0f2a088059ae67a23bc296a26d:0
[259298828ms] [ERROR] Failed to load resource: net::ERR_INTERNET_DISCONNECTED @ https://faro-collector-ops-eu-south-0.grafana-ops.net/collect/bc03dd0f2a088059ae67a23bc296a26d:0
[259298830ms] [ERROR] Failed to load resource: net::ERR_INTERNET_DISCONNECTED @ https://faro-collector-ops-eu-south-0.grafana-ops.net/collect/bc03dd0f2a088059ae67a23bc296a26d:0
[259309679ms] [ERROR] WebSocket connection to 'wss://deveadf53.grafana.net/api/live/ws' failed: Error in connection establishment: net::ERR_INTERNET_DISCONNECTED @ https://grafana-assets.grafana.net/grafana/13.2.0-30402795349/public/build/8021-react19.98b0598537b074241f06.js:291
[259309694ms] [ERROR] Failed to load resource: net::ERR_INTERNET_DISCONNECTED @ https://deveadf53.grafana.net/api/login/ping:0
[259309733ms] [ERROR] Failed to load resource: net::ERR_INTERNET_DISCONNECTED @ https://faro-collector-ops-eu-south-0.grafana-ops.net/collect/2aaaae17b963ac219cd6e23a4850f00e:0
[259309737ms] [ERROR] Failed to load resource: net::ERR_INTERNET_DISCONNECTED @ https://faro-collector-ops-eu-south-0.grafana-ops.net/collect/2aaaae17b963ac219cd6e23a4850f00e:0
[259309737ms] [ERROR] Faro
 @grafana/faro-web-sdk:transport-fetch
 Failed sending payload to the receiver
 {meta: Object, events: Array(1)} TypeError: Failed to fetch
    at https://grafana-assets.grafana.net/grafana/13.2.0-30402795349/public/build/51849-react19.65c79a8b63097dcd175d.js:177:54112
    at window.fetch (https://plugins-cdn.grafana.net/grafana-kowalski-app/1.64.0/public/plugins/grafana-kowalski-app/463.js?_cache=1ed629a5641ef9c0de99:2:206687)
    at https://plugins-cdn.grafana.net/grafana-kowalski-app/1.64.0/public/plugins/grafana-kowalski-app/463.js?_cache=1ed629a5641ef9c0de99:2:336969
    at o.<computed>.o.<computed> (https://rsi.grafana.com/v1.1/js-integrations/Fullstory.min.js:1:5852)
    at Mr.<anonymous> (https://plugins-cdn.grafana.net/grafana-kowalski-app/1.64.0/public/plugins/grafana-kowalski-app/463.js?_cache=1ed629a5641ef9c0de99:2:268817)
    at Generator.throw (<anonymous>)
    at a (https://plugins-cdn.grafana.net/grafana-kowalski-app/1.64.0/public/plugins/grafana-kowalski-app/463.js?_cache=1ed629a5641ef9c0de99:2:264709) @ https://plugins-cdn.grafana.net/grafana-kowalski-app/1.64.0/public/plugins/grafana-kowalski-app/463.js?_cache=1ed629a5641ef9c0de99:1
[259310433ms] [ERROR] Failed to load resource: net::ERR_INTERNET_DISCONNECTED @ https://rs.grafana.com/v1/track:0
[259310433ms] [ERROR] Failed to load resource: net::ERR_INTERNET_DISCONNECTED @ https://rs.grafana.com/v1/track:0
[259310836ms] [ERROR] Failed to load resource: net::ERR_INTERNET_DISCONNECTED @ https://faro-collector-ops-eu-south-0.grafana-ops.net/collect/bc03dd0f2a088059ae67a23bc296a26d:0
[259310839ms] [ERROR] Failed to load resource: net::ERR_INTERNET_DISCONNECTED @ https://faro-collector-ops-eu-south-0.grafana-ops.net/collect/bc03dd0f2a088059ae67a23bc296a26d:0
[259312831ms] [ERROR] Failed to load resource: net::ERR_INTERNET_DISCONNECTED @ https://faro-collector-ops-eu-south-0.grafana-ops.net/collect/bc03dd0f2a088059ae67a23bc296a26d:0
[259312834ms] [ERROR] Failed to load resource: net::ERR_INTERNET_DISCONNECTED @ https://faro-collector-ops-eu-south-0.grafana-ops.net/collect/bc03dd0f2a088059ae67a23bc296a26d:0
[259329428ms] [ERROR] WebSocket connection to 'wss://deveadf53.grafana.net/api/live/ws' failed: Error in connection establishment: net::ERR_INTERNET_DISCONNECTED @ https://grafana-assets.grafana.net/grafana/13.2.0-30402795349/public/build/8021-react19.98b0598537b074241f06.js:291
[259329436ms] [ERROR] Failed to load resource: net::ERR_INTERNET_DISCONNECTED @ https://deveadf53.grafana.net/api/login/ping:0
[259329479ms] [ERROR] Failed to load resource: net::ERR_INTERNET_DISCONNECTED @ https://faro-collector-ops-eu-south-0.grafana-ops.net/collect/2aaaae17b963ac219cd6e23a4850f00e:0
[259329482ms] [ERROR] Failed to load resource: net::ERR_INTERNET_DISCONNECTED @ https://faro-collector-ops-eu-south-0.grafana-ops.net/collect/2aaaae17b963ac219cd6e23a4850f00e:0
[259329482ms] [ERROR] Faro
 @grafana/faro-web-sdk:transport-fetch
 Failed sending payload to the receiver
 {meta: Object, events: Array(1)} TypeError: Failed to fetch
    at https://grafana-assets.grafana.net/grafana/13.2.0-30402795349/public/build/51849-react19.65c79a8b63097dcd175d.js:177:54112
    at window.fetch (https://plugins-cdn.grafana.net/grafana-kowalski-app/1.64.0/public/plugins/grafana-kowalski-app/463.js?_cache=1ed629a5641ef9c0de99:2:206687)
    at https://plugins-cdn.grafana.net/grafana-kowalski-app/1.64.0/public/plugins/grafana-kowalski-app/463.js?_cache=1ed629a5641ef9c0de99:2:336969
    at o.<computed>.o.<computed> (https://rsi.grafana.com/v1.1/js-integrations/Fullstory.min.js:1:5852)
    at Mr.<anonymous> (https://plugins-cdn.grafana.net/grafana-kowalski-app/1.64.0/public/plugins/grafana-kowalski-app/463.js?_cache=1ed629a5641ef9c0de99:2:268817)
    at Generator.throw (<anonymous>)
    at a (https://plugins-cdn.grafana.net/grafana-kowalski-app/1.64.0/public/plugins/grafana-kowalski-app/463.js?_cache=1ed629a5641ef9c0de99:2:264709) @ https://plugins-cdn.grafana.net/grafana-kowalski-app/1.64.0/public/plugins/grafana-kowalski-app/463.js?_cache=1ed629a5641ef9c0de99:1
[259330835ms] [ERROR] Failed to load resource: net::ERR_INTERNET_DISCONNECTED @ https://faro-collector-ops-eu-south-0.grafana-ops.net/collect/bc03dd0f2a088059ae67a23bc296a26d:0
[259330841ms] [ERROR] Failed to load resource: net::ERR_INTERNET_DISCONNECTED @ https://faro-collector-ops-eu-south-0.grafana-ops.net/collect/bc03dd0f2a088059ae67a23bc296a26d:0
[259347401ms] [ERROR] WebSocket connection to 'wss://deveadf53.grafana.net/api/live/ws' failed: Error in connection establishment: net::ERR_INTERNET_DISCONNECTED @ https://grafana-assets.grafana.net/grafana/13.2.0-30402795349/public/build/8021-react19.98b0598537b074241f06.js:291
[259347416ms] [ERROR] Failed to load resource: net::ERR_INTERNET_DISCONNECTED @ https://deveadf53.grafana.net/api/login/ping:0
[259347492ms] [ERROR] Failed to load resource: net::ERR_INTERNET_DISCONNECTED @ https://faro-collector-ops-eu-south-0.grafana-ops.net/collect/2aaaae17b963ac219cd6e23a4850f00e:0
[259347507ms] [ERROR] Failed to load resource: net::ERR_INTERNET_DISCONNECTED @ https://faro-collector-ops-eu-south-0.grafana-ops.net/collect/2aaaae17b963ac219cd6e23a4850f00e:0
[259347507ms] [ERROR] Faro
 @grafana/faro-web-sdk:transport-fetch
 Failed sending payload to the receiver
 {meta: Object, events: Array(1)} TypeError: Failed to fetch
    at https://grafana-assets.grafana.net/grafana/13.2.0-30402795349/public/build/51849-react19.65c79a8b63097dcd175d.js:177:54112
    at window.fetch (https://plugins-cdn.grafana.net/grafana-kowalski-app/1.64.0/public/plugins/grafana-kowalski-app/463.js?_cache=1ed629a5641ef9c0de99:2:206687)
    at https://plugins-cdn.grafana.net/grafana-kowalski-app/1.64.0/public/plugins/grafana-kowalski-app/463.js?_cache=1ed629a5641ef9c0de99:2:336969
    at o.<computed>.o.<computed> (https://rsi.grafana.com/v1.1/js-integrations/Fullstory.min.js:1:5852)
    at Mr.<anonymous> (https://plugins-cdn.grafana.net/grafana-kowalski-app/1.64.0/public/plugins/grafana-kowalski-app/463.js?_cache=1ed629a5641ef9c0de99:2:268817)
    at Generator.throw (<anonymous>)
    at a (https://plugins-cdn.grafana.net/grafana-kowalski-app/1.64.0/public/plugins/grafana-kowalski-app/463.js?_cache=1ed629a5641ef9c0de99:2:264709) @ https://plugins-cdn.grafana.net/grafana-kowalski-app/1.64.0/public/plugins/grafana-kowalski-app/463.js?_cache=1ed629a5641ef9c0de99:1
[259348830ms] [ERROR] Failed to load resource: net::ERR_INTERNET_DISCONNECTED @ https://faro-collector-ops-eu-south-0.grafana-ops.net/collect/bc03dd0f2a088059ae67a23bc296a26d:0
[259348832ms] [ERROR] Failed to load resource: net::ERR_INTERNET_DISCONNECTED @ https://faro-collector-ops-eu-south-0.grafana-ops.net/collect/bc03dd0f2a088059ae67a23bc296a26d:0
[259355134ms] [ERROR] WebSocket connection to 'wss://deveadf53.grafana.net/api/live/ws' failed: Error in connection establishment: net::ERR_INTERNET_DISCONNECTED @ https://grafana-assets.grafana.net/grafana/13.2.0-30402795349/public/build/8021-react19.98b0598537b074241f06.js:291
[259355149ms] [ERROR] Failed to load resource: net::ERR_INTERNET_DISCONNECTED @ https://deveadf53.grafana.net/api/login/ping:0
[259355237ms] [ERROR] Failed to load resource: net::ERR_INTERNET_DISCONNECTED @ https://faro-collector-ops-eu-south-0.grafana-ops.net/collect/2aaaae17b963ac219cd6e23a4850f00e:0
[259355242ms] [ERROR] Failed to load resource: net::ERR_INTERNET_DISCONNECTED @ https://faro-collector-ops-eu-south-0.grafana-ops.net/collect/2aaaae17b963ac219cd6e23a4850f00e:0
[259355242ms] [ERROR] Faro
 @grafana/faro-web-sdk:transport-fetch
 Failed sending payload to the receiver
 {meta: Object, events: Array(1)} TypeError: Failed to fetch
    at https://grafana-assets.grafana.net/grafana/13.2.0-30402795349/public/build/51849-react19.65c79a8b63097dcd175d.js:177:54112
    at window.fetch (https://plugins-cdn.grafana.net/grafana-kowalski-app/1.64.0/public/plugins/grafana-kowalski-app/463.js?_cache=1ed629a5641ef9c0de99:2:206687)
    at https://plugins-cdn.grafana.net/grafana-kowalski-app/1.64.0/public/plugins/grafana-kowalski-app/463.js?_cache=1ed629a5641ef9c0de99:2:336969
    at o.<computed>.o.<computed> (https://rsi.grafana.com/v1.1/js-integrations/Fullstory.min.js:1:5852)
    at Mr.<anonymous> (https://plugins-cdn.grafana.net/grafana-kowalski-app/1.64.0/public/plugins/grafana-kowalski-app/463.js?_cache=1ed629a5641ef9c0de99:2:268817)
    at Generator.throw (<anonymous>)
    at a (https://plugins-cdn.grafana.net/grafana-kowalski-app/1.64.0/public/plugins/grafana-kowalski-app/463.js?_cache=1ed629a5641ef9c0de99:2:264709) @ https://plugins-cdn.grafana.net/grafana-kowalski-app/1.64.0/public/plugins/grafana-kowalski-app/463.js?_cache=1ed629a5641ef9c0de99:1
[259356831ms] [ERROR] Failed to load resource: net::ERR_INTERNET_DISCONNECTED @ https://faro-collector-ops-eu-south-0.grafana-ops.net/collect/bc03dd0f2a088059ae67a23bc296a26d:0
[259356837ms] [ERROR] Failed to load resource: net::ERR_INTERNET_DISCONNECTED @ https://faro-collector-ops-eu-south-0.grafana-ops.net/collect/bc03dd0f2a088059ae67a23bc296a26d:0
[259359777ms] [ERROR] WebSocket connection to 'wss://deveadf53.grafana.net/api/live/ws' failed: Error in connection establishment: net::ERR_INTERNET_DISCONNECTED @ https://grafana-assets.grafana.net/grafana/13.2.0-30402795349/public/build/8021-react19.98b0598537b074241f06.js:291
[259370444ms] [ERROR] Failed to load resource: net::ERR_INTERNET_DISCONNECTED @ https://rs.grafana.com/v1/track:0
[259370444ms] [ERROR] Failed to load resource: net::ERR_INTERNET_DISCONNECTED @ https://rs.grafana.com/v1/track:0
[259373867ms] [ERROR] WebSocket connection to 'wss://deveadf53.grafana.net/api/live/ws' failed: Error in connection establishment: net::ERR_INTERNET_DISCONNECTED @ https://grafana-assets.grafana.net/grafana/13.2.0-30402795349/public/build/8021-react19.98b0598537b074241f06.js:291
[259373880ms] [ERROR] Failed to load resource: net::ERR_INTERNET_DISCONNECTED @ https://deveadf53.grafana.net/api/login/ping:0
[259373982ms] [ERROR] Failed to load resource: net::ERR_INTERNET_DISCONNECTED @ https://faro-collector-ops-eu-south-0.grafana-ops.net/collect/2aaaae17b963ac219cd6e23a4850f00e:0
[259373985ms] [ERROR] Failed to load resource: net::ERR_INTERNET_DISCONNECTED @ https://faro-collector-ops-eu-south-0.grafana-ops.net/collect/2aaaae17b963ac219cd6e23a4850f00e:0
[259373985ms] [ERROR] Faro
 @grafana/faro-web-sdk:transport-fetch
 Failed sending payload to the receiver
 {meta: Object, events: Array(1)} TypeError: Failed to fetch
    at https://grafana-assets.grafana.net/grafana/13.2.0-30402795349/public/build/51849-react19.65c79a8b63097dcd175d.js:177:54112
    at window.fetch (https://plugins-cdn.grafana.net/grafana-kowalski-app/1.64.0/public/plugins/grafana-kowalski-app/463.js?_cache=1ed629a5641ef9c0de99:2:206687)
    at https://plugins-cdn.grafana.net/grafana-kowalski-app/1.64.0/public/plugins/grafana-kowalski-app/463.js?_cache=1ed629a5641ef9c0de99:2:336969
    at o.<computed>.o.<computed> (https://rsi.grafana.com/v1.1/js-integrations/Fullstory.min.js:1:5852)
    at Mr.<anonymous> (https://plugins-cdn.grafana.net/grafana-kowalski-app/1.64.0/public/plugins/grafana-kowalski-app/463.js?_cache=1ed629a5641ef9c0de99:2:268817)
    at Generator.throw (<anonymous>)
    at a (https://plugins-cdn.grafana.net/grafana-kowalski-app/1.64.0/public/plugins/grafana-kowalski-app/463.js?_cache=1ed629a5641ef9c0de99:2:264709) @ https://plugins-cdn.grafana.net/grafana-kowalski-app/1.64.0/public/plugins/grafana-kowalski-app/463.js?_cache=1ed629a5641ef9c0de99:1
[259374832ms] [ERROR] Failed to load resource: net::ERR_INTERNET_DISCONNECTED @ https://faro-collector-ops-eu-south-0.grafana-ops.net/collect/bc03dd0f2a088059ae67a23bc296a26d:0
[259374837ms] [ERROR] Failed to load resource: net::ERR_INTERNET_DISCONNECTED @ https://faro-collector-ops-eu-south-0.grafana-ops.net/collect/bc03dd0f2a088059ae67a23bc296a26d:0
[259376097ms] [ERROR] WebSocket connection to 'wss://deveadf53.grafana.net/api/live/ws' failed: Error in connection establishment: net::ERR_INTERNET_DISCONNECTED @ https://grafana-assets.grafana.net/grafana/13.2.0-30402795349/public/build/8021-react19.98b0598537b074241f06.js:291
[259376834ms] [ERROR] Failed to load resource: net::ERR_INTERNET_DISCONNECTED @ https://faro-collector-ops-eu-south-0.grafana-ops.net/collect/bc03dd0f2a088059ae67a23bc296a26d:0
[259376841ms] [ERROR] Failed to load resource: net::ERR_INTERNET_DISCONNECTED @ https://faro-collector-ops-eu-south-0.grafana-ops.net/collect/bc03dd0f2a088059ae67a23bc296a26d:0
[259387587ms] [ERROR] WebSocket connection to 'wss://deveadf53.grafana.net/api/live/ws' failed: HTTP Authentication failed; no valid credentials available @ https://grafana-assets.grafana.net/grafana/13.2.0-30402795349/public/build/8021-react19.98b0598537b074241f06.js:291
[259387715ms] [ERROR] Failed to load resource: the server responded with a status of 401 () @ https://deveadf53.grafana.net/api/plugin-proxy/grafana-kowalski-app/api-proxy/api/v1/app:0
[259387792ms] [ERROR] Failed to load resource: the server responded with a status of 401 () @ https://deveadf53.grafana.net/api/login/ping:0
[259388596ms] [WARNING] SceneObject already has a parent set that is different from the new parent. You cannot share the same SceneObject instance in multiple scenes or in multiple different places of the same scene graph. Use SceneObject.clone() to duplicate a SceneObject or store a state key reference and use sceneGraph.findObject to locate it. u zv @ https://edge.fullstory.com/s/fs.js:1
[259388600ms] [ERROR] Faro
 Attempted to create a new user action while one is already running. This is not possible. @ https://plugins-cdn.grafana.net/grafana-kowalski-app/1.64.0/public/plugins/grafana-kowalski-app/463.js?_cache=1ed629a5641ef9c0de99:1
[259388668ms] [ERROR] Faro
 Attempted to create a new user action while one is already running. This is not possible. @ https://plugins-cdn.grafana.net/grafana-kowalski-app/1.64.0/public/plugins/grafana-kowalski-app/463.js?_cache=1ed629a5641ef9c0de99:1
[259388693ms] [ERROR] Faro
 Attempted to create a new user action while one is already running. This is not possible. @ https://plugins-cdn.grafana.net/grafana-kowalski-app/1.64.0/public/plugins/grafana-kowalski-app/463.js?_cache=1ed629a5641ef9c0de99:1
[259388716ms] [WARNING] SceneObject already has a parent set that is different from the new parent. You cannot share the same SceneObject instance in multiple scenes or in multiple different places of the same scene graph. Use SceneObject.clone() to duplicate a SceneObject or store a state key reference and use sceneGraph.findObject to locate it. u wN @ https://edge.fullstory.com/s/fs.js:1
[259388719ms] [WARNING] SceneObject already has a parent set that is different from the new parent. You cannot share the same SceneObject instance in multiple scenes or in multiple different places of the same scene graph. Use SceneObject.clone() to duplicate a SceneObject or store a state key reference and use sceneGraph.findObject to locate it. u gN @ https://edge.fullstory.com/s/fs.js:1
[259388779ms] [WARNING] SceneObject already has a parent set that is different from the new parent. You cannot share the same SceneObject instance in multiple scenes or in multiple different places of the same scene graph. Use SceneObject.clone() to duplicate a SceneObject or store a state key reference and use sceneGraph.findObject to locate it. u gN @ https://edge.fullstory.com/s/fs.js:1
[260270669ms] [ERROR] WebSocket connection to 'wss://deveadf53.grafana.net/api/live/ws' failed: HTTP Authentication failed; no valid credentials available @ https://grafana-assets.grafana.net/grafana/13.2.0-30402795349/public/build/8021-react19.98b0598537b074241f06.js:291
[260270987ms] [ERROR] Failed to load resource: the server responded with a status of 401 () @ https://deveadf53.grafana.net/api/login/ping:0
[260936524ms] [ERROR] WebSocket connection to 'wss://deveadf53.grafana.net/api/live/ws' failed: HTTP Authentication failed; no valid credentials available @ https://grafana-assets.grafana.net/grafana/13.2.0-30402795349/public/build/8021-react19.98b0598537b074241f06.js:291
[260936872ms] [ERROR] Failed to load resource: the server responded with a status of 401 () @ https://deveadf53.grafana.net/api/login/ping:0
[261232188ms] [ERROR] WebSocket connection to 'wss://deveadf53.grafana.net/api/live/ws' failed: Error in connection establishment: net::ERR_INTERNET_DISCONNECTED @ https://grafana-assets.grafana.net/grafana/13.2.0-30402795349/public/build/8021-react19.98b0598537b074241f06.js:291
[261232244ms] [ERROR] Failed to load resource: net::ERR_INTERNET_DISCONNECTED @ https://deveadf53.grafana.net/api/login/ping:0
[261232350ms] [ERROR] Failed to load resource: net::ERR_INTERNET_DISCONNECTED @ https://faro-collector-ops-eu-south-0.grafana-ops.net/collect/bc03dd0f2a088059ae67a23bc296a26d:0
[261232408ms] [ERROR] Failed to load resource: net::ERR_INTERNET_DISCONNECTED @ https://faro-collector-ops-eu-south-0.grafana-ops.net/collect/bc03dd0f2a088059ae67a23bc296a26d:0
[261232451ms] [ERROR] Failed to load resource: net::ERR_INTERNET_DISCONNECTED @ https://faro-collector-ops-eu-south-0.grafana-ops.net/collect/2aaaae17b963ac219cd6e23a4850f00e:0
[261232453ms] [ERROR] Failed to load resource: net::ERR_INTERNET_DISCONNECTED @ https://faro-collector-ops-eu-south-0.grafana-ops.net/collect/2aaaae17b963ac219cd6e23a4850f00e:0
[261232454ms] [ERROR] Faro
 @grafana/faro-web-sdk:transport-fetch
 Failed sending payload to the receiver
 {meta: Object, events: Array(1)} TypeError: Failed to fetch
    at https://grafana-assets.grafana.net/grafana/13.2.0-30402795349/public/build/51849-react19.65c79a8b63097dcd175d.js:177:54112
    at window.fetch (https://plugins-cdn.grafana.net/grafana-kowalski-app/1.64.0/public/plugins/grafana-kowalski-app/463.js?_cache=1ed629a5641ef9c0de99:2:206687)
    at https://plugins-cdn.grafana.net/grafana-kowalski-app/1.64.0/public/plugins/grafana-kowalski-app/463.js?_cache=1ed629a5641ef9c0de99:2:336969
    at o.<computed>.o.<computed> (https://rsi.grafana.com/v1.1/js-integrations/Fullstory.min.js:1:5852)
    at Mr.<anonymous> (https://plugins-cdn.grafana.net/grafana-kowalski-app/1.64.0/public/plugins/grafana-kowalski-app/463.js?_cache=1ed629a5641ef9c0de99:2:268817)
    at Generator.throw (<anonymous>)
    at a (https://plugins-cdn.grafana.net/grafana-kowalski-app/1.64.0/public/plugins/grafana-kowalski-app/463.js?_cache=1ed629a5641ef9c0de99:2:264709) @ https://plugins-cdn.grafana.net/grafana-kowalski-app/1.64.0/public/plugins/grafana-kowalski-app/463.js?_cache=1ed629a5641ef9c0de99:1
[261233738ms] [ERROR] WebSocket connection to 'wss://deveadf53.grafana.net/api/live/ws' failed: Error in connection establishment: net::ERR_INTERNET_DISCONNECTED @ https://grafana-assets.grafana.net/grafana/13.2.0-30402795349/public/build/8021-react19.98b0598537b074241f06.js:291
[261234326ms] [ERROR] Failed to load resource: net::ERR_INTERNET_DISCONNECTED @ https://faro-collector-ops-eu-south-0.grafana-ops.net/collect/bc03dd0f2a088059ae67a23bc296a26d:0
[261234329ms] [ERROR] Failed to load resource: net::ERR_INTERNET_DISCONNECTED @ https://faro-collector-ops-eu-south-0.grafana-ops.net/collect/bc03dd0f2a088059ae67a23bc296a26d:0
[261234380ms] [ERROR] WebSocket connection to 'wss://deveadf53.grafana.net/api/live/ws' failed: Error in connection establishment: net::ERR_INTERNET_DISCONNECTED @ https://grafana-assets.grafana.net/grafana/13.2.0-30402795349/public/build/8021-react19.98b0598537b074241f06.js:291
[261242048ms] [WARNING] SceneObject already has a parent set that is different from the new parent. You cannot share the same SceneObject instance in multiple scenes or in multiple different places of the same scene graph. Use SceneObject.clone() to duplicate a SceneObject or store a state key reference and use sceneGraph.findObject to locate it. u zv @ https://edge.fullstory.com/s/fs.js:1
[261242095ms] [ERROR] Faro
 Attempted to create a new user action while one is already running. This is not possible. @ https://plugins-cdn.grafana.net/grafana-kowalski-app/1.64.0/public/plugins/grafana-kowalski-app/463.js?_cache=1ed629a5641ef9c0de99:1
[261244572ms] [ERROR] Faro
 Attempted to create a new user action while one is already running. This is not possible. @ https://plugins-cdn.grafana.net/grafana-kowalski-app/1.64.0/public/plugins/grafana-kowalski-app/463.js?_cache=1ed629a5641ef9c0de99:1
[261245087ms] [WARNING] SceneObject already has a parent set that is different from the new parent. You cannot share the same SceneObject instance in multiple scenes or in multiple different places of the same scene graph. Use SceneObject.clone() to duplicate a SceneObject or store a state key reference and use sceneGraph.findObject to locate it. u wN @ https://edge.fullstory.com/s/fs.js:1
[261245170ms] [WARNING] SceneObject already has a parent set that is different from the new parent. You cannot share the same SceneObject instance in multiple scenes or in multiple different places of the same scene graph. Use SceneObject.clone() to duplicate a SceneObject or store a state key reference and use sceneGraph.findObject to locate it. u gN @ https://edge.fullstory.com/s/fs.js:1
[261245500ms] [WARNING] SceneObject already has a parent set that is different from the new parent. You cannot share the same SceneObject instance in multiple scenes or in multiple different places of the same scene graph. Use SceneObject.clone() to duplicate a SceneObject or store a state key reference and use sceneGraph.findObject to locate it. u gN @ https://edge.fullstory.com/s/fs.js:1
[263040671ms] [ERROR] WebSocket connection to 'wss://deveadf53.grafana.net/api/live/ws' failed: HTTP Authentication failed; no valid credentials available @ https://grafana-assets.grafana.net/grafana/13.2.0-30402795349/public/build/8021-react19.98b0598537b074241f06.js:291
[263041291ms] [ERROR] Failed to load resource: the server responded with a status of 401 () @ https://deveadf53.grafana.net/api/login/ping:0
[263188529ms] [ERROR] WebSocket connection to 'wss://deveadf53.grafana.net/api/live/ws' failed: Error in connection establishment: net::ERR_INTERNET_DISCONNECTED @ https://grafana-assets.grafana.net/grafana/13.2.0-30402795349/public/build/8021-react19.98b0598537b074241f06.js:291
[263188551ms] [ERROR] Failed to load resource: net::ERR_INTERNET_DISCONNECTED @ https://deveadf53.grafana.net/api/login/ping:0
[263188959ms] [ERROR] Failed to load resource: net::ERR_INTERNET_DISCONNECTED @ https://faro-collector-ops-eu-south-0.grafana-ops.net/collect/2aaaae17b963ac219cd6e23a4850f00e:0
[263188961ms] [ERROR] Failed to load resource: net::ERR_INTERNET_DISCONNECTED @ https://faro-collector-ops-eu-south-0.grafana-ops.net/collect/2aaaae17b963ac219cd6e23a4850f00e:0
[263188972ms] [ERROR] Faro
 @grafana/faro-web-sdk:transport-fetch
 Failed sending payload to the receiver
 {meta: Object, events: Array(2)} TypeError: Failed to fetch
    at https://grafana-assets.grafana.net/grafana/13.2.0-30402795349/public/build/51849-react19.65c79a8b63097dcd175d.js:177:54112
    at window.fetch (https://plugins-cdn.grafana.net/grafana-kowalski-app/1.64.0/public/plugins/grafana-kowalski-app/463.js?_cache=1ed629a5641ef9c0de99:2:206687)
    at https://plugins-cdn.grafana.net/grafana-kowalski-app/1.64.0/public/plugins/grafana-kowalski-app/463.js?_cache=1ed629a5641ef9c0de99:2:336969
    at o.<computed>.o.<computed> (https://rsi.grafana.com/v1.1/js-integrations/Fullstory.min.js:1:5852)
    at Mr.<anonymous> (https://plugins-cdn.grafana.net/grafana-kowalski-app/1.64.0/public/plugins/grafana-kowalski-app/463.js?_cache=1ed629a5641ef9c0de99:2:268817)
    at Generator.throw (<anonymous>)
    at a (https://plugins-cdn.grafana.net/grafana-kowalski-app/1.64.0/public/plugins/grafana-kowalski-app/463.js?_cache=1ed629a5641ef9c0de99:2:264709) @ https://plugins-cdn.grafana.net/grafana-kowalski-app/1.64.0/public/plugins/grafana-kowalski-app/463.js?_cache=1ed629a5641ef9c0de99:1
[263189558ms] [ERROR] Failed to load resource: net::ERR_INTERNET_DISCONNECTED @ https://faro-collector-ops-eu-south-0.grafana-ops.net/collect/bc03dd0f2a088059ae67a23bc296a26d:0
[263189560ms] [ERROR] Failed to load resource: net::ERR_INTERNET_DISCONNECTED @ https://faro-collector-ops-eu-south-0.grafana-ops.net/collect/bc03dd0f2a088059ae67a23bc296a26d:0
[263190024ms] [ERROR] WebSocket connection to 'wss://deveadf53.grafana.net/api/live/ws' failed: Error in connection establishment: net::ERR_INTERNET_DISCONNECTED @ https://grafana-assets.grafana.net/grafana/13.2.0-30402795349/public/build/8021-react19.98b0598537b074241f06.js:291
[263190853ms] [ERROR] WebSocket connection to 'wss://deveadf53.grafana.net/api/live/ws' failed: Error in connection establishment: net::ERR_INTERNET_DISCONNECTED @ https://grafana-assets.grafana.net/grafana/13.2.0-30402795349/public/build/8021-react19.98b0598537b074241f06.js:291
[263191562ms] [ERROR] Failed to load resource: net::ERR_INTERNET_DISCONNECTED @ https://faro-collector-ops-eu-south-0.grafana-ops.net/collect/bc03dd0f2a088059ae67a23bc296a26d:0
[263191566ms] [ERROR] Failed to load resource: net::ERR_INTERNET_DISCONNECTED @ https://faro-collector-ops-eu-south-0.grafana-ops.net/collect/bc03dd0f2a088059ae67a23bc296a26d:0
[263196787ms] [WARNING] SceneObject already has a parent set that is different from the new parent. You cannot share the same SceneObject instance in multiple scenes or in multiple different places of the same scene graph. Use SceneObject.clone() to duplicate a SceneObject or store a state key reference and use sceneGraph.findObject to locate it. u zv @ https://edge.fullstory.com/s/fs.js:1
[263196797ms] [ERROR] Faro
 Attempted to create a new user action while one is already running. This is not possible. @ https://plugins-cdn.grafana.net/grafana-kowalski-app/1.64.0/public/plugins/grafana-kowalski-app/463.js?_cache=1ed629a5641ef9c0de99:1
[263196923ms] [ERROR] Faro
 Attempted to create a new user action while one is already running. This is not possible. @ https://plugins-cdn.grafana.net/grafana-kowalski-app/1.64.0/public/plugins/grafana-kowalski-app/463.js?_cache=1ed629a5641ef9c0de99:1
[263197056ms] [ERROR] Faro
 Attempted to create a new user action while one is already running. This is not possible. @ https://plugins-cdn.grafana.net/grafana-kowalski-app/1.64.0/public/plugins/grafana-kowalski-app/463.js?_cache=1ed629a5641ef9c0de99:1
[263197113ms] [WARNING] SceneObject already has a parent set that is different from the new parent. You cannot share the same SceneObject instance in multiple scenes or in multiple different places of the same scene graph. Use SceneObject.clone() to duplicate a SceneObject or store a state key reference and use sceneGraph.findObject to locate it. u wN @ https://edge.fullstory.com/s/fs.js:1
[263197119ms] [WARNING] SceneObject already has a parent set that is different from the new parent. You cannot share the same SceneObject instance in multiple scenes or in multiple different places of the same scene graph. Use SceneObject.clone() to duplicate a SceneObject or store a state key reference and use sceneGraph.findObject to locate it. u gN @ https://edge.fullstory.com/s/fs.js:1
[263197368ms] [WARNING] SceneObject already has a parent set that is different from the new parent. You cannot share the same SceneObject instance in multiple scenes or in multiple different places of the same scene graph. Use SceneObject.clone() to duplicate a SceneObject or store a state key reference and use sceneGraph.findObject to locate it. u gN @ https://edge.fullstory.com/s/fs.js:1
[263260306ms] [ERROR] WebSocket connection to 'wss://deveadf53.grafana.net/api/live/ws' failed: Error in connection establishment: net::ERR_INTERNET_DISCONNECTED @ https://grafana-assets.grafana.net/grafana/13.2.0-30402795349/public/build/8021-react19.98b0598537b074241f06.js:291
[263260322ms] [ERROR] Failed to load resource: net::ERR_INTERNET_DISCONNECTED @ https://deveadf53.grafana.net/api/login/ping:0
[263260502ms] [ERROR] Failed to load resource: net::ERR_INTERNET_DISCONNECTED @ https://faro-collector-ops-eu-south-0.grafana-ops.net/collect/2aaaae17b963ac219cd6e23a4850f00e:0
[263260505ms] [ERROR] Failed to load resource: net::ERR_INTERNET_DISCONNECTED @ https://faro-collector-ops-eu-south-0.grafana-ops.net/collect/2aaaae17b963ac219cd6e23a4850f00e:0
[263260505ms] [ERROR] Faro
 @grafana/faro-web-sdk:transport-fetch
 Failed sending payload to the receiver
 {meta: Object, events: Array(2)} TypeError: Failed to fetch
    at https://grafana-assets.grafana.net/grafana/13.2.0-30402795349/public/build/51849-react19.65c79a8b63097dcd175d.js:177:54112
    at window.fetch (https://plugins-cdn.grafana.net/grafana-kowalski-app/1.64.0/public/plugins/grafana-kowalski-app/463.js?_cache=1ed629a5641ef9c0de99:2:206687)
    at https://plugins-cdn.grafana.net/grafana-kowalski-app/1.64.0/public/plugins/grafana-kowalski-app/463.js?_cache=1ed629a5641ef9c0de99:2:336969
    at o.<computed>.o.<computed> (https://rsi.grafana.com/v1.1/js-integrations/Fullstory.min.js:1:5852)
    at Mr.<anonymous> (https://plugins-cdn.grafana.net/grafana-kowalski-app/1.64.0/public/plugins/grafana-kowalski-app/463.js?_cache=1ed629a5641ef9c0de99:2:268817)
    at Generator.throw (<anonymous>)
    at a (https://plugins-cdn.grafana.net/grafana-kowalski-app/1.64.0/public/plugins/grafana-kowalski-app/463.js?_cache=1ed629a5641ef9c0de99:2:264709) @ https://plugins-cdn.grafana.net/grafana-kowalski-app/1.64.0/public/plugins/grafana-kowalski-app/463.js?_cache=1ed629a5641ef9c0de99:1
[263261097ms] [ERROR] WebSocket connection to 'wss://deveadf53.grafana.net/api/live/ws' failed: Error in connection establishment: net::ERR_INTERNET_DISCONNECTED @ https://grafana-assets.grafana.net/grafana/13.2.0-30402795349/public/build/8021-react19.98b0598537b074241f06.js:291
[263261303ms] [ERROR] Failed to load resource: net::ERR_INTERNET_DISCONNECTED @ https://faro-collector-ops-eu-south-0.grafana-ops.net/collect/bc03dd0f2a088059ae67a23bc296a26d:0
[263261308ms] [ERROR] Failed to load resource: net::ERR_INTERNET_DISCONNECTED @ https://faro-collector-ops-eu-south-0.grafana-ops.net/collect/bc03dd0f2a088059ae67a23bc296a26d:0
[263263293ms] [ERROR] WebSocket connection to 'wss://deveadf53.grafana.net/api/live/ws' failed: Error in connection establishment: net::ERR_INTERNET_DISCONNECTED @ https://grafana-assets.grafana.net/grafana/13.2.0-30402795349/public/build/8021-react19.98b0598537b074241f06.js:291
[263263325ms] [ERROR] Failed to load resource: net::ERR_INTERNET_DISCONNECTED @ https://faro-collector-ops-eu-south-0.grafana-ops.net/collect/bc03dd0f2a088059ae67a23bc296a26d:0
[263263338ms] [ERROR] Failed to load resource: net::ERR_INTERNET_DISCONNECTED @ https://faro-collector-ops-eu-south-0.grafana-ops.net/collect/bc03dd0f2a088059ae67a23bc296a26d:0
[263266172ms] [ERROR] WebSocket connection to 'wss://deveadf53.grafana.net/api/live/ws' failed: Error in connection establishment: net::ERR_INTERNET_DISCONNECTED @ https://grafana-assets.grafana.net/grafana/13.2.0-30402795349/public/build/8021-react19.98b0598537b074241f06.js:291
[263266286ms] [ERROR] Failed to load resource: net::ERR_INTERNET_DISCONNECTED @ https://deveadf53.grafana.net/api/login/ping:0
[263266543ms] [ERROR] Failed to load resource: net::ERR_INTERNET_DISCONNECTED @ https://faro-collector-ops-eu-south-0.grafana-ops.net/collect/2aaaae17b963ac219cd6e23a4850f00e:0
[263266551ms] [ERROR] Failed to load resource: net::ERR_INTERNET_DISCONNECTED @ https://faro-collector-ops-eu-south-0.grafana-ops.net/collect/2aaaae17b963ac219cd6e23a4850f00e:0
[263266552ms] [ERROR] Faro
 @grafana/faro-web-sdk:transport-fetch
 Failed sending payload to the receiver
 {meta: Object, events: Array(1)} TypeError: Failed to fetch
    at https://grafana-assets.grafana.net/grafana/13.2.0-30402795349/public/build/51849-react19.65c79a8b63097dcd175d.js:177:54112
    at window.fetch (https://plugins-cdn.grafana.net/grafana-kowalski-app/1.64.0/public/plugins/grafana-kowalski-app/463.js?_cache=1ed629a5641ef9c0de99:2:206687)
    at https://plugins-cdn.grafana.net/grafana-kowalski-app/1.64.0/public/plugins/grafana-kowalski-app/463.js?_cache=1ed629a5641ef9c0de99:2:336969
    at o.<computed>.o.<computed> (https://rsi.grafana.com/v1.1/js-integrations/Fullstory.min.js:1:5852)
    at Mr.<anonymous> (https://plugins-cdn.grafana.net/grafana-kowalski-app/1.64.0/public/plugins/grafana-kowalski-app/463.js?_cache=1ed629a5641ef9c0de99:2:268817)
    at Generator.throw (<anonymous>)
    at a (https://plugins-cdn.grafana.net/grafana-kowalski-app/1.64.0/public/plugins/grafana-kowalski-app/463.js?_cache=1ed629a5641ef9c0de99:2:264709) @ https://plugins-cdn.grafana.net/grafana-kowalski-app/1.64.0/public/plugins/grafana-kowalski-app/463.js?_cache=1ed629a5641ef9c0de99:1
[263327782ms] [ERROR] WebSocket connection to 'wss://deveadf53.grafana.net/api/live/ws' failed: Error in connection establishment: net::ERR_INTERNET_DISCONNECTED @ https://grafana-assets.grafana.net/grafana/13.2.0-30402795349/public/build/8021-react19.98b0598537b074241f06.js:291
[263327866ms] [ERROR] Failed to load resource: net::ERR_INTERNET_DISCONNECTED @ https://deveadf53.grafana.net/api/login/ping:0
[263328092ms] [ERROR] Failed to load resource: net::ERR_INTERNET_DISCONNECTED @ https://faro-collector-ops-eu-south-0.grafana-ops.net/collect/2aaaae17b963ac219cd6e23a4850f00e:0
[263328096ms] [ERROR] Failed to load resource: net::ERR_INTERNET_DISCONNECTED @ https://faro-collector-ops-eu-south-0.grafana-ops.net/collect/2aaaae17b963ac219cd6e23a4850f00e:0
[263328096ms] [ERROR] Faro
 @grafana/faro-web-sdk:transport-fetch
 Failed sending payload to the receiver
 {meta: Object, events: Array(2)} TypeError: Failed to fetch
    at https://grafana-assets.grafana.net/grafana/13.2.0-30402795349/public/build/51849-react19.65c79a8b63097dcd175d.js:177:54112
    at window.fetch (https://plugins-cdn.grafana.net/grafana-kowalski-app/1.64.0/public/plugins/grafana-kowalski-app/463.js?_cache=1ed629a5641ef9c0de99:2:206687)
    at https://plugins-cdn.grafana.net/grafana-kowalski-app/1.64.0/public/plugins/grafana-kowalski-app/463.js?_cache=1ed629a5641ef9c0de99:2:336969
    at o.<computed>.o.<computed> (https://rsi.grafana.com/v1.1/js-integrations/Fullstory.min.js:1:5852)
    at Mr.<anonymous> (https://plugins-cdn.grafana.net/grafana-kowalski-app/1.64.0/public/plugins/grafana-kowalski-app/463.js?_cache=1ed629a5641ef9c0de99:2:268817)
    at Generator.throw (<anonymous>)
    at a (https://plugins-cdn.grafana.net/grafana-kowalski-app/1.64.0/public/plugins/grafana-kowalski-app/463.js?_cache=1ed629a5641ef9c0de99:2:264709) @ https://plugins-cdn.grafana.net/grafana-kowalski-app/1.64.0/public/plugins/grafana-kowalski-app/463.js?_cache=1ed629a5641ef9c0de99:1
[263328529ms] [ERROR] WebSocket connection to 'wss://deveadf53.grafana.net/api/live/ws' failed: Error in connection establishment: net::ERR_INTERNET_DISCONNECTED @ https://grafana-assets.grafana.net/grafana/13.2.0-30402795349/public/build/8021-react19.98b0598537b074241f06.js:291
[263329194ms] [ERROR] Failed to load resource: net::ERR_INTERNET_DISCONNECTED @ https://faro-collector-ops-eu-south-0.grafana-ops.net/collect/bc03dd0f2a088059ae67a23bc296a26d:0
[263329206ms] [ERROR] Failed to load resource: net::ERR_INTERNET_DISCONNECTED @ https://faro-collector-ops-eu-south-0.grafana-ops.net/collect/bc03dd0f2a088059ae67a23bc296a26d:0
[263330274ms] [ERROR] WebSocket connection to 'wss://deveadf53.grafana.net/api/live/ws' failed: Error in connection establishment: net::ERR_INTERNET_DISCONNECTED @ https://grafana-assets.grafana.net/grafana/13.2.0-30402795349/public/build/8021-react19.98b0598537b074241f06.js:291
[263330607ms] [ERROR] Failed to load resource: net::ERR_INTERNET_DISCONNECTED @ https://faro-collector-ops-eu-south-0.grafana-ops.net/collect/2aaaae17b963ac219cd6e23a4850f00e:0
[263330613ms] [ERROR] Failed to load resource: net::ERR_INTERNET_DISCONNECTED @ https://faro-collector-ops-eu-south-0.grafana-ops.net/collect/2aaaae17b963ac219cd6e23a4850f00e:0
[263330614ms] [ERROR] Faro
 @grafana/faro-web-sdk:transport-fetch
 Failed sending payload to the receiver
 {meta: Object, events: Array(1)} TypeError: Failed to fetch
    at https://grafana-assets.grafana.net/grafana/13.2.0-30402795349/public/build/51849-react19.65c79a8b63097dcd175d.js:177:54112
    at window.fetch (https://plugins-cdn.grafana.net/grafana-kowalski-app/1.64.0/public/plugins/grafana-kowalski-app/463.js?_cache=1ed629a5641ef9c0de99:2:206687)
    at https://plugins-cdn.grafana.net/grafana-kowalski-app/1.64.0/public/plugins/grafana-kowalski-app/463.js?_cache=1ed629a5641ef9c0de99:2:336969
    at o.<computed>.o.<computed> (https://rsi.grafana.com/v1.1/js-integrations/Fullstory.min.js:1:5852)
    at Mr.<anonymous> (https://plugins-cdn.grafana.net/grafana-kowalski-app/1.64.0/public/plugins/grafana-kowalski-app/463.js?_cache=1ed629a5641ef9c0de99:2:268817)
    at Generator.throw (<anonymous>)
    at a (https://plugins-cdn.grafana.net/grafana-kowalski-app/1.64.0/public/plugins/grafana-kowalski-app/463.js?_cache=1ed629a5641ef9c0de99:2:264709) @ https://plugins-cdn.grafana.net/grafana-kowalski-app/1.64.0/public/plugins/grafana-kowalski-app/463.js?_cache=1ed629a5641ef9c0de99:1
[263331213ms] [ERROR] Failed to load resource: net::ERR_INTERNET_DISCONNECTED @ https://faro-collector-ops-eu-south-0.grafana-ops.net/collect/bc03dd0f2a088059ae67a23bc296a26d:0
[263331233ms] [ERROR] Failed to load resource: net::ERR_INTERNET_DISCONNECTED @ https://faro-collector-ops-eu-south-0.grafana-ops.net/collect/bc03dd0f2a088059ae67a23bc296a26d:0
[263331945ms] [ERROR] WebSocket connection to 'wss://deveadf53.grafana.net/api/live/ws' failed: Error in connection establishment: net::ERR_INTERNET_DISCONNECTED @ https://grafana-assets.grafana.net/grafana/13.2.0-30402795349/public/build/8021-react19.98b0598537b074241f06.js:291
[263334596ms] [ERROR] WebSocket connection to 'wss://deveadf53.grafana.net/api/live/ws' failed: Error in connection establishment: net::ERR_INTERNET_DISCONNECTED @ https://grafana-assets.grafana.net/grafana/13.2.0-30402795349/public/build/8021-react19.98b0598537b074241f06.js:291
[263334656ms] [ERROR] Failed to load resource: net::ERR_INTERNET_DISCONNECTED @ https://deveadf53.grafana.net/api/login/ping:0
[263334850ms] [ERROR] Failed to load resource: net::ERR_INTERNET_DISCONNECTED @ https://faro-collector-ops-eu-south-0.grafana-ops.net/collect/2aaaae17b963ac219cd6e23a4850f00e:0
[263334864ms] [ERROR] Failed to load resource: net::ERR_INTERNET_DISCONNECTED @ https://faro-collector-ops-eu-south-0.grafana-ops.net/collect/2aaaae17b963ac219cd6e23a4850f00e:0
[263334864ms] [ERROR] Faro
 @grafana/faro-web-sdk:transport-fetch
 Failed sending payload to the receiver
 {meta: Object, events: Array(1)} TypeError: Failed to fetch
    at https://grafana-assets.grafana.net/grafana/13.2.0-30402795349/public/build/51849-react19.65c79a8b63097dcd175d.js:177:54112
    at window.fetch (https://plugins-cdn.grafana.net/grafana-kowalski-app/1.64.0/public/plugins/grafana-kowalski-app/463.js?_cache=1ed629a5641ef9c0de99:2:206687)
    at https://plugins-cdn.grafana.net/grafana-kowalski-app/1.64.0/public/plugins/grafana-kowalski-app/463.js?_cache=1ed629a5641ef9c0de99:2:336969
    at o.<computed>.o.<computed> (https://rsi.grafana.com/v1.1/js-integrations/Fullstory.min.js:1:5852)
    at Mr.<anonymous> (https://plugins-cdn.grafana.net/grafana-kowalski-app/1.64.0/public/plugins/grafana-kowalski-app/463.js?_cache=1ed629a5641ef9c0de99:2:268817)
    at Generator.throw (<anonymous>)
    at a (https://plugins-cdn.grafana.net/grafana-kowalski-app/1.64.0/public/plugins/grafana-kowalski-app/463.js?_cache=1ed629a5641ef9c0de99:2:264709) @ https://plugins-cdn.grafana.net/grafana-kowalski-app/1.64.0/public/plugins/grafana-kowalski-app/463.js?_cache=1ed629a5641ef9c0de99:1
[263335173ms] [ERROR] Failed to load resource: net::ERR_INTERNET_DISCONNECTED @ https://faro-collector-ops-eu-south-0.grafana-ops.net/collect/bc03dd0f2a088059ae67a23bc296a26d:0
[263335181ms] [ERROR] Failed to load resource: net::ERR_INTERNET_DISCONNECTED @ https://faro-collector-ops-eu-south-0.grafana-ops.net/collect/bc03dd0f2a088059ae67a23bc296a26d:0
[264367809ms] [ERROR] Failed to load resource: net::ERR_INTERNET_DISCONNECTED @ https://faro-collector-ops-eu-south-0.grafana-ops.net/collect/bc03dd0f2a088059ae67a23bc296a26d:0
[264367815ms] [ERROR] Failed to load resource: net::ERR_INTERNET_DISCONNECTED @ https://faro-collector-ops-eu-south-0.grafana-ops.net/collect/bc03dd0f2a088059ae67a23bc296a26d:0
[264367996ms] [ERROR] WebSocket connection to 'wss://deveadf53.grafana.net/api/live/ws' failed: Error in connection establishment: net::ERR_INTERNET_DISCONNECTED @ https://grafana-assets.grafana.net/grafana/13.2.0-30402795349/public/build/8021-react19.98b0598537b074241f06.js:291
[264368115ms] [ERROR] Failed to load resource: net::ERR_INTERNET_DISCONNECTED @ https://deveadf53.grafana.net/api/login/ping:0
[264368861ms] [ERROR] Failed to load resource: net::ERR_INTERNET_DISCONNECTED @ https://faro-collector-ops-eu-south-0.grafana-ops.net/collect/2aaaae17b963ac219cd6e23a4850f00e:0
[264368865ms] [ERROR] Failed to load resource: net::ERR_INTERNET_DISCONNECTED @ https://faro-collector-ops-eu-south-0.grafana-ops.net/collect/2aaaae17b963ac219cd6e23a4850f00e:0
[264368865ms] [ERROR] Faro
 @grafana/faro-web-sdk:transport-fetch
 Failed sending payload to the receiver
 {meta: Object, events: Array(1)} TypeError: Failed to fetch
    at https://grafana-assets.grafana.net/grafana/13.2.0-30402795349/public/build/51849-react19.65c79a8b63097dcd175d.js:177:54112
    at window.fetch (https://plugins-cdn.grafana.net/grafana-kowalski-app/1.64.0/public/plugins/grafana-kowalski-app/463.js?_cache=1ed629a5641ef9c0de99:2:206687)
    at https://plugins-cdn.grafana.net/grafana-kowalski-app/1.64.0/public/plugins/grafana-kowalski-app/463.js?_cache=1ed629a5641ef9c0de99:2:336969
    at o.<computed>.o.<computed> (https://rsi.grafana.com/v1.1/js-integrations/Fullstory.min.js:1:5852)
    at Mr.<anonymous> (https://plugins-cdn.grafana.net/grafana-kowalski-app/1.64.0/public/plugins/grafana-kowalski-app/463.js?_cache=1ed629a5641ef9c0de99:2:268817)
    at Generator.throw (<anonymous>)
    at a (https://plugins-cdn.grafana.net/grafana-kowalski-app/1.64.0/public/plugins/grafana-kowalski-app/463.js?_cache=1ed629a5641ef9c0de99:2:264709) @ https://plugins-cdn.grafana.net/grafana-kowalski-app/1.64.0/public/plugins/grafana-kowalski-app/463.js?_cache=1ed629a5641ef9c0de99:1
[264369574ms] [ERROR] WebSocket connection to 'wss://deveadf53.grafana.net/api/live/ws' failed: Error in connection establishment: net::ERR_INTERNET_DISCONNECTED @ https://grafana-assets.grafana.net/grafana/13.2.0-30402795349/public/build/8021-react19.98b0598537b074241f06.js:291
[264369783ms] [ERROR] Failed to load resource: net::ERR_INTERNET_DISCONNECTED @ https://faro-collector-ops-eu-south-0.grafana-ops.net/collect/bc03dd0f2a088059ae67a23bc296a26d:0
[264369785ms] [ERROR] Failed to load resource: net::ERR_INTERNET_DISCONNECTED @ https://faro-collector-ops-eu-south-0.grafana-ops.net/collect/bc03dd0f2a088059ae67a23bc296a26d:0
[264371547ms] [ERROR] WebSocket connection to 'wss://deveadf53.grafana.net/api/live/ws' failed: Error in connection establishment: net::ERR_INTERNET_DISCONNECTED @ https://grafana-assets.grafana.net/grafana/13.2.0-30402795349/public/build/8021-react19.98b0598537b074241f06.js:291
[265353613ms] [ERROR] Failed to load resource: net::ERR_INTERNET_DISCONNECTED @ https://faro-collector-ops-eu-south-0.grafana-ops.net/collect/bc03dd0f2a088059ae67a23bc296a26d:0
[265353625ms] [ERROR] Failed to load resource: net::ERR_INTERNET_DISCONNECTED @ https://faro-collector-ops-eu-south-0.grafana-ops.net/collect/bc03dd0f2a088059ae67a23bc296a26d:0
[265356227ms] [ERROR] WebSocket connection to 'wss://deveadf53.grafana.net/api/live/ws' failed: Error in connection establishment: net::ERR_INTERNET_DISCONNECTED @ https://grafana-assets.grafana.net/grafana/13.2.0-30402795349/public/build/8021-react19.98b0598537b074241f06.js:291
[265356245ms] [ERROR] Failed to load resource: net::ERR_INTERNET_DISCONNECTED @ https://deveadf53.grafana.net/api/login/ping:0
[265356442ms] [ERROR] Failed to load resource: net::ERR_INTERNET_DISCONNECTED @ https://faro-collector-ops-eu-south-0.grafana-ops.net/collect/2aaaae17b963ac219cd6e23a4850f00e:0
[265356443ms] [ERROR] Failed to load resource: net::ERR_INTERNET_DISCONNECTED @ https://faro-collector-ops-eu-south-0.grafana-ops.net/collect/2aaaae17b963ac219cd6e23a4850f00e:0
[265356443ms] [ERROR] Faro
 @grafana/faro-web-sdk:transport-fetch
 Failed sending payload to the receiver
 {meta: Object, events: Array(1)} TypeError: Failed to fetch
    at https://grafana-assets.grafana.net/grafana/13.2.0-30402795349/public/build/51849-react19.65c79a8b63097dcd175d.js:177:54112
    at window.fetch (https://plugins-cdn.grafana.net/grafana-kowalski-app/1.64.0/public/plugins/grafana-kowalski-app/463.js?_cache=1ed629a5641ef9c0de99:2:206687)
    at https://plugins-cdn.grafana.net/grafana-kowalski-app/1.64.0/public/plugins/grafana-kowalski-app/463.js?_cache=1ed629a5641ef9c0de99:2:336969
    at o.<computed>.o.<computed> (https://rsi.grafana.com/v1.1/js-integrations/Fullstory.min.js:1:5852)
    at Mr.<anonymous> (https://plugins-cdn.grafana.net/grafana-kowalski-app/1.64.0/public/plugins/grafana-kowalski-app/463.js?_cache=1ed629a5641ef9c0de99:2:268817)
    at Generator.throw (<anonymous>)
    at a (https://plugins-cdn.grafana.net/grafana-kowalski-app/1.64.0/public/plugins/grafana-kowalski-app/463.js?_cache=1ed629a5641ef9c0de99:2:264709) @ https://plugins-cdn.grafana.net/grafana-kowalski-app/1.64.0/public/plugins/grafana-kowalski-app/463.js?_cache=1ed629a5641ef9c0de99:1
[265357105ms] [ERROR] Failed to load resource: net::ERR_INTERNET_DISCONNECTED @ https://faro-collector-ops-eu-south-0.grafana-ops.net/collect/2aaaae17b963ac219cd6e23a4850f00e:0
[265357106ms] [ERROR] Failed to load resource: net::ERR_INTERNET_DISCONNECTED @ https://faro-collector-ops-eu-south-0.grafana-ops.net/collect/2aaaae17b963ac219cd6e23a4850f00e:0
[265357106ms] [ERROR] Faro
 @grafana/faro-web-sdk:transport-fetch
 Failed sending payload to the receiver
 {meta: Object, events: Array(1)} TypeError: Failed to fetch
    at https://grafana-assets.grafana.net/grafana/13.2.0-30402795349/public/build/51849-react19.65c79a8b63097dcd175d.js:177:54112
    at window.fetch (https://plugins-cdn.grafana.net/grafana-kowalski-app/1.64.0/public/plugins/grafana-kowalski-app/463.js?_cache=1ed629a5641ef9c0de99:2:206687)
    at https://plugins-cdn.grafana.net/grafana-kowalski-app/1.64.0/public/plugins/grafana-kowalski-app/463.js?_cache=1ed629a5641ef9c0de99:2:336969
    at o.<computed>.o.<computed> (https://rsi.grafana.com/v1.1/js-integrations/Fullstory.min.js:1:5852)
    at Mr.<anonymous> (https://plugins-cdn.grafana.net/grafana-kowalski-app/1.64.0/public/plugins/grafana-kowalski-app/463.js?_cache=1ed629a5641ef9c0de99:2:268817)
    at Generator.throw (<anonymous>)
    at a (https://plugins-cdn.grafana.net/grafana-kowalski-app/1.64.0/public/plugins/grafana-kowalski-app/463.js?_cache=1ed629a5641ef9c0de99:2:264709) @ https://plugins-cdn.grafana.net/grafana-kowalski-app/1.64.0/public/plugins/grafana-kowalski-app/463.js?_cache=1ed629a5641ef9c0de99:1
[265357453ms] [ERROR] Failed to load resource: net::ERR_INTERNET_DISCONNECTED @ https://faro-collector-ops-eu-south-0.grafana-ops.net/collect/bc03dd0f2a088059ae67a23bc296a26d:0
[265357454ms] [ERROR] Failed to load resource: net::ERR_INTERNET_DISCONNECTED @ https://faro-collector-ops-eu-south-0.grafana-ops.net/collect/bc03dd0f2a088059ae67a23bc296a26d:0
[266271226ms] [ERROR] Failed to load resource: net::ERR_INTERNET_DISCONNECTED @ https://faro-collector-ops-eu-south-0.grafana-ops.net/collect/bc03dd0f2a088059ae67a23bc296a26d:0
[266271229ms] [ERROR] Failed to load resource: net::ERR_INTERNET_DISCONNECTED @ https://faro-collector-ops-eu-south-0.grafana-ops.net/collect/bc03dd0f2a088059ae67a23bc296a26d:0
[266271259ms] [ERROR] WebSocket connection to 'wss://deveadf53.grafana.net/api/live/ws' failed: Error in connection establishment: net::ERR_INTERNET_DISCONNECTED @ https://grafana-assets.grafana.net/grafana/13.2.0-30402795349/public/build/8021-react19.98b0598537b074241f06.js:291
[266271264ms] [ERROR] Failed to load resource: net::ERR_INTERNET_DISCONNECTED @ https://deveadf53.grafana.net/api/login/ping:0
[266271532ms] [ERROR] Failed to load resource: net::ERR_INTERNET_DISCONNECTED @ https://faro-collector-ops-eu-south-0.grafana-ops.net/collect/2aaaae17b963ac219cd6e23a4850f00e:0
[266271534ms] [ERROR] Faro
 @grafana/faro-web-sdk:transport-fetch
 Failed sending payload to the receiver
 {meta: Object, events: Array(4)} TypeError: Failed to fetch
    at https://grafana-assets.grafana.net/grafana/13.2.0-30402795349/public/build/51849-react19.65c79a8b63097dcd175d.js:177:54112
    at window.fetch (https://plugins-cdn.grafana.net/grafana-kowalski-app/1.64.0/public/plugins/grafana-kowalski-app/463.js?_cache=1ed629a5641ef9c0de99:2:206687)
    at https://plugins-cdn.grafana.net/grafana-kowalski-app/1.64.0/public/plugins/grafana-kowalski-app/463.js?_cache=1ed629a5641ef9c0de99:2:336969
    at o.<computed>.o.<computed> (https://rsi.grafana.com/v1.1/js-integrations/Fullstory.min.js:1:5852)
    at Mr.<anonymous> (https://plugins-cdn.grafana.net/grafana-kowalski-app/1.64.0/public/plugins/grafana-kowalski-app/463.js?_cache=1ed629a5641ef9c0de99:2:268575)
    at Generator.next (<anonymous>)
    at https://plugins-cdn.grafana.net/grafana-kowalski-app/1.64.0/public/plugins/grafana-kowalski-app/463.js?_cache=1ed629a5641ef9c0de99:2:264856
    at new Promise (<anonymous>)
    at Tr (https://plugins-cdn.grafana.net/grafana-kowalski-app/1.64.0/public/plugins/grafana-kowalski-app/463.js?_cache=1ed629a5641ef9c0de99:2:264601)
    at Mr.fetchWithKeepaliveRetry (https://plugins-cdn.grafana.net/grafana-kowalski-app/1.64.0/public/plugins/grafana-kowalski-app/463.js?_cache=1ed629a5641ef9c0de99:2:268487) @ https://plugins-cdn.grafana.net/grafana-kowalski-app/1.64.0/public/plugins/grafana-kowalski-app/463.js?_cache=1ed629a5641ef9c0de99:1
[266273223ms] [ERROR] Failed to load resource: net::ERR_INTERNET_DISCONNECTED @ https://faro-collector-ops-eu-south-0.grafana-ops.net/collect/bc03dd0f2a088059ae67a23bc296a26d:0
[266273224ms] [ERROR] Failed to load resource: net::ERR_INTERNET_DISCONNECTED @ https://faro-collector-ops-eu-south-0.grafana-ops.net/collect/bc03dd0f2a088059ae67a23bc296a26d:0
[267303274ms] [ERROR] Failed to load resource: net::ERR_INTERNET_DISCONNECTED @ https://faro-collector-ops-eu-south-0.grafana-ops.net/collect/2aaaae17b963ac219cd6e23a4850f00e:0
[267303285ms] [ERROR] Faro
 @grafana/faro-web-sdk:transport-fetch
 Failed sending payload to the receiver
 {meta: Object, events: Array(3)} TypeError: Failed to fetch
    at https://grafana-assets.grafana.net/grafana/13.2.0-30402795349/public/build/51849-react19.65c79a8b63097dcd175d.js:177:54112
    at window.fetch (https://plugins-cdn.grafana.net/grafana-kowalski-app/1.64.0/public/plugins/grafana-kowalski-app/463.js?_cache=1ed629a5641ef9c0de99:2:206687)
    at https://plugins-cdn.grafana.net/grafana-kowalski-app/1.64.0/public/plugins/grafana-kowalski-app/463.js?_cache=1ed629a5641ef9c0de99:2:336969
    at o.<computed>.o.<computed> (https://rsi.grafana.com/v1.1/js-integrations/Fullstory.min.js:1:5852)
    at Mr.<anonymous> (https://plugins-cdn.grafana.net/grafana-kowalski-app/1.64.0/public/plugins/grafana-kowalski-app/463.js?_cache=1ed629a5641ef9c0de99:2:268575)
    at Generator.next (<anonymous>)
    at https://plugins-cdn.grafana.net/grafana-kowalski-app/1.64.0/public/plugins/grafana-kowalski-app/463.js?_cache=1ed629a5641ef9c0de99:2:264856
    at new Promise (<anonymous>)
    at Tr (https://plugins-cdn.grafana.net/grafana-kowalski-app/1.64.0/public/plugins/grafana-kowalski-app/463.js?_cache=1ed629a5641ef9c0de99:2:264601)
    at Mr.fetchWithKeepaliveRetry (https://plugins-cdn.grafana.net/grafana-kowalski-app/1.64.0/public/plugins/grafana-kowalski-app/463.js?_cache=1ed629a5641ef9c0de99:2:268487) @ https://plugins-cdn.grafana.net/grafana-kowalski-app/1.64.0/public/plugins/grafana-kowalski-app/463.js?_cache=1ed629a5641ef9c0de99:1
[267304624ms] [ERROR] WebSocket connection to 'wss://deveadf53.grafana.net/api/live/ws' failed: Error in connection establishment: net::ERR_INTERNET_DISCONNECTED @ https://grafana-assets.grafana.net/grafana/13.2.0-30402795349/public/build/8021-react19.98b0598537b074241f06.js:291
[267304632ms] [ERROR] Failed to load resource: net::ERR_INTERNET_DISCONNECTED @ https://deveadf53.grafana.net/api/login/ping:0
[267304664ms] [ERROR] Failed to load resource: net::ERR_INTERNET_DISCONNECTED @ https://faro-collector-ops-eu-south-0.grafana-ops.net/collect/2aaaae17b963ac219cd6e23a4850f00e:0
[267304666ms] [ERROR] Failed to load resource: net::ERR_INTERNET_DISCONNECTED @ https://faro-collector-ops-eu-south-0.grafana-ops.net/collect/2aaaae17b963ac219cd6e23a4850f00e:0
[267304667ms] [ERROR] Faro
 @grafana/faro-web-sdk:transport-fetch
 Failed sending payload to the receiver
 {meta: Object, events: Array(1)} TypeError: Failed to fetch
    at https://grafana-assets.grafana.net/grafana/13.2.0-30402795349/public/build/51849-react19.65c79a8b63097dcd175d.js:177:54112
    at window.fetch (https://plugins-cdn.grafana.net/grafana-kowalski-app/1.64.0/public/plugins/grafana-kowalski-app/463.js?_cache=1ed629a5641ef9c0de99:2:206687)
    at https://plugins-cdn.grafana.net/grafana-kowalski-app/1.64.0/public/plugins/grafana-kowalski-app/463.js?_cache=1ed629a5641ef9c0de99:2:336969
    at o.<computed>.o.<computed> (https://rsi.grafana.com/v1.1/js-integrations/Fullstory.min.js:1:5852)
    at Mr.<anonymous> (https://plugins-cdn.grafana.net/grafana-kowalski-app/1.64.0/public/plugins/grafana-kowalski-app/463.js?_cache=1ed629a5641ef9c0de99:2:268817)
    at Generator.throw (<anonymous>)
    at a (https://plugins-cdn.grafana.net/grafana-kowalski-app/1.64.0/public/plugins/grafana-kowalski-app/463.js?_cache=1ed629a5641ef9c0de99:2:264709) @ https://plugins-cdn.grafana.net/grafana-kowalski-app/1.64.0/public/plugins/grafana-kowalski-app/463.js?_cache=1ed629a5641ef9c0de99:1
[267304911ms] [ERROR] Failed to load resource: net::ERR_INTERNET_DISCONNECTED @ https://faro-collector-ops-eu-south-0.grafana-ops.net/collect/2aaaae17b963ac219cd6e23a4850f00e:0
[267304912ms] [ERROR] Failed to load resource: net::ERR_INTERNET_DISCONNECTED @ https://faro-collector-ops-eu-south-0.grafana-ops.net/collect/2aaaae17b963ac219cd6e23a4850f00e:0
[267304913ms] [ERROR] Faro
 @grafana/faro-web-sdk:transport-fetch
 Failed sending payload to the receiver
 {meta: Object, events: Array(1)} TypeError: Failed to fetch
    at https://grafana-assets.grafana.net/grafana/13.2.0-30402795349/public/build/51849-react19.65c79a8b63097dcd175d.js:177:54112
    at window.fetch (https://plugins-cdn.grafana.net/grafana-kowalski-app/1.64.0/public/plugins/grafana-kowalski-app/463.js?_cache=1ed629a5641ef9c0de99:2:206687)
    at https://plugins-cdn.grafana.net/grafana-kowalski-app/1.64.0/public/plugins/grafana-kowalski-app/463.js?_cache=1ed629a5641ef9c0de99:2:336969
    at o.<computed>.o.<computed> (https://rsi.grafana.com/v1.1/js-integrations/Fullstory.min.js:1:5852)
    at Mr.<anonymous> (https://plugins-cdn.grafana.net/grafana-kowalski-app/1.64.0/public/plugins/grafana-kowalski-app/463.js?_cache=1ed629a5641ef9c0de99:2:268817)
    at Generator.throw (<anonymous>)
    at a (https://plugins-cdn.grafana.net/grafana-kowalski-app/1.64.0/public/plugins/grafana-kowalski-app/463.js?_cache=1ed629a5641ef9c0de99:2:264709) @ https://plugins-cdn.grafana.net/grafana-kowalski-app/1.64.0/public/plugins/grafana-kowalski-app/463.js?_cache=1ed629a5641ef9c0de99:1
[268293802ms] [ERROR] Failed to load resource: net::ERR_INTERNET_DISCONNECTED @ https://faro-collector-ops-eu-south-0.grafana-ops.net/collect/bc03dd0f2a088059ae67a23bc296a26d:0
[268293804ms] [ERROR] Failed to load resource: net::ERR_INTERNET_DISCONNECTED @ https://faro-collector-ops-eu-south-0.grafana-ops.net/collect/bc03dd0f2a088059ae67a23bc296a26d:0
[268295628ms] [ERROR] Failed to load resource: net::ERR_ADDRESS_INVALID @ https://faro-collector-ops-eu-south-0.grafana-ops.net/collect/bc03dd0f2a088059ae67a23bc296a26d:0
[268295634ms] [ERROR] Failed to load resource: net::ERR_INTERNET_DISCONNECTED @ https://faro-collector-ops-eu-south-0.grafana-ops.net/collect/bc03dd0f2a088059ae67a23bc296a26d:0
[269232518ms] [ERROR] Failed to load resource: net::ERR_INTERNET_DISCONNECTED @ https://faro-collector-ops-eu-south-0.grafana-ops.net/collect/2aaaae17b963ac219cd6e23a4850f00e:0
[269232520ms] [ERROR] Faro
 @grafana/faro-web-sdk:transport-fetch
 Failed sending payload to the receiver
 {meta: Object, events: Array(3)} TypeError: Failed to fetch
    at https://grafana-assets.grafana.net/grafana/13.2.0-30402795349/public/build/51849-react19.65c79a8b63097dcd175d.js:177:54112
    at window.fetch (https://plugins-cdn.grafana.net/grafana-kowalski-app/1.64.0/public/plugins/grafana-kowalski-app/463.js?_cache=1ed629a5641ef9c0de99:2:206687)
    at https://plugins-cdn.grafana.net/grafana-kowalski-app/1.64.0/public/plugins/grafana-kowalski-app/463.js?_cache=1ed629a5641ef9c0de99:2:336969
    at o.<computed>.o.<computed> (https://rsi.grafana.com/v1.1/js-integrations/Fullstory.min.js:1:5852)
    at Mr.<anonymous> (https://plugins-cdn.grafana.net/grafana-kowalski-app/1.64.0/public/plugins/grafana-kowalski-app/463.js?_cache=1ed629a5641ef9c0de99:2:268575)
    at Generator.next (<anonymous>)
    at https://plugins-cdn.grafana.net/grafana-kowalski-app/1.64.0/public/plugins/grafana-kowalski-app/463.js?_cache=1ed629a5641ef9c0de99:2:264856
    at new Promise (<anonymous>)
    at Tr (https://plugins-cdn.grafana.net/grafana-kowalski-app/1.64.0/public/plugins/grafana-kowalski-app/463.js?_cache=1ed629a5641ef9c0de99:2:264601)
    at Mr.fetchWithKeepaliveRetry (https://plugins-cdn.grafana.net/grafana-kowalski-app/1.64.0/public/plugins/grafana-kowalski-app/463.js?_cache=1ed629a5641ef9c0de99:2:268487) @ https://plugins-cdn.grafana.net/grafana-kowalski-app/1.64.0/public/plugins/grafana-kowalski-app/463.js?_cache=1ed629a5641ef9c0de99:1
[269236512ms] [ERROR] WebSocket connection to 'wss://deveadf53.grafana.net/api/live/ws' failed: Error in connection establishment: net::ERR_INTERNET_DISCONNECTED @ https://grafana-assets.grafana.net/grafana/13.2.0-30402795349/public/build/8021-react19.98b0598537b074241f06.js:291
[269236550ms] [ERROR] Failed to load resource: net::ERR_INTERNET_DISCONNECTED @ https://deveadf53.grafana.net/api/login/ping:0
[269236576ms] [ERROR] Failed to load resource: net::ERR_INTERNET_DISCONNECTED @ https://faro-collector-ops-eu-south-0.grafana-ops.net/collect/bc03dd0f2a088059ae67a23bc296a26d:0
[269236579ms] [ERROR] Failed to load resource: net::ERR_INTERNET_DISCONNECTED @ https://faro-collector-ops-eu-south-0.grafana-ops.net/collect/bc03dd0f2a088059ae67a23bc296a26d:0
[270294953ms] [ERROR] Failed to load resource: net::ERR_INTERNET_DISCONNECTED @ https://faro-collector-ops-eu-south-0.grafana-ops.net/collect/2aaaae17b963ac219cd6e23a4850f00e:0
[270294995ms] [ERROR] Faro
 @grafana/faro-web-sdk:transport-fetch
 Failed sending payload to the receiver
 {meta: Object, events: Array(4)} TypeError: Failed to fetch
    at https://grafana-assets.grafana.net/grafana/13.2.0-30402795349/public/build/51849-react19.65c79a8b63097dcd175d.js:177:54112
    at window.fetch (https://plugins-cdn.grafana.net/grafana-kowalski-app/1.64.0/public/plugins/grafana-kowalski-app/463.js?_cache=1ed629a5641ef9c0de99:2:206687)
    at https://plugins-cdn.grafana.net/grafana-kowalski-app/1.64.0/public/plugins/grafana-kowalski-app/463.js?_cache=1ed629a5641ef9c0de99:2:336969
    at o.<computed>.o.<computed> (https://rsi.grafana.com/v1.1/js-integrations/Fullstory.min.js:1:5852)
    at Mr.<anonymous> (https://plugins-cdn.grafana.net/grafana-kowalski-app/1.64.0/public/plugins/grafana-kowalski-app/463.js?_cache=1ed629a5641ef9c0de99:2:268575)
    at Generator.next (<anonymous>)
    at https://plugins-cdn.grafana.net/grafana-kowalski-app/1.64.0/public/plugins/grafana-kowalski-app/463.js?_cache=1ed629a5641ef9c0de99:2:264856
    at new Promise (<anonymous>)
    at Tr (https://plugins-cdn.grafana.net/grafana-kowalski-app/1.64.0/public/plugins/grafana-kowalski-app/463.js?_cache=1ed629a5641ef9c0de99:2:264601)
    at Mr.fetchWithKeepaliveRetry (https://plugins-cdn.grafana.net/grafana-kowalski-app/1.64.0/public/plugins/grafana-kowalski-app/463.js?_cache=1ed629a5641ef9c0de99:2:268487) @ https://plugins-cdn.grafana.net/grafana-kowalski-app/1.64.0/public/plugins/grafana-kowalski-app/463.js?_cache=1ed629a5641ef9c0de99:1
[270296341ms] [ERROR] Failed to load resource: net::ERR_INTERNET_DISCONNECTED @ https://faro-collector-ops-eu-south-0.grafana-ops.net/collect/bc03dd0f2a088059ae67a23bc296a26d:0
[270296345ms] [ERROR] Failed to load resource: net::ERR_INTERNET_DISCONNECTED @ https://faro-collector-ops-eu-south-0.grafana-ops.net/collect/bc03dd0f2a088059ae67a23bc296a26d:0
[270297116ms] [ERROR] WebSocket connection to 'wss://deveadf53.grafana.net/api/live/ws' failed: Error in connection establishment: net::ERR_INTERNET_DISCONNECTED @ https://grafana-assets.grafana.net/grafana/13.2.0-30402795349/public/build/8021-react19.98b0598537b074241f06.js:291
[270297132ms] [ERROR] Failed to load resource: net::ERR_INTERNET_DISCONNECTED @ https://deveadf53.grafana.net/api/login/ping:0
[270297236ms] [ERROR] Failed to load resource: net::ERR_INTERNET_DISCONNECTED @ https://faro-collector-ops-eu-south-0.grafana-ops.net/collect/2aaaae17b963ac219cd6e23a4850f00e:0
[270297239ms] [ERROR] Failed to load resource: net::ERR_INTERNET_DISCONNECTED @ https://faro-collector-ops-eu-south-0.grafana-ops.net/collect/2aaaae17b963ac219cd6e23a4850f00e:0
[270297239ms] [ERROR] Faro
 @grafana/faro-web-sdk:transport-fetch
 Failed sending payload to the receiver
 {meta: Object, events: Array(1)} TypeError: Failed to fetch
    at https://grafana-assets.grafana.net/grafana/13.2.0-30402795349/public/build/51849-react19.65c79a8b63097dcd175d.js:177:54112
    at window.fetch (https://plugins-cdn.grafana.net/grafana-kowalski-app/1.64.0/public/plugins/grafana-kowalski-app/463.js?_cache=1ed629a5641ef9c0de99:2:206687)
    at https://plugins-cdn.grafana.net/grafana-kowalski-app/1.64.0/public/plugins/grafana-kowalski-app/463.js?_cache=1ed629a5641ef9c0de99:2:336969
    at o.<computed>.o.<computed> (https://rsi.grafana.com/v1.1/js-integrations/Fullstory.min.js:1:5852)
    at Mr.<anonymous> (https://plugins-cdn.grafana.net/grafana-kowalski-app/1.64.0/public/plugins/grafana-kowalski-app/463.js?_cache=1ed629a5641ef9c0de99:2:268817)
    at Generator.throw (<anonymous>)
    at a (https://plugins-cdn.grafana.net/grafana-kowalski-app/1.64.0/public/plugins/grafana-kowalski-app/463.js?_cache=1ed629a5641ef9c0de99:2:264709) @ https://plugins-cdn.grafana.net/grafana-kowalski-app/1.64.0/public/plugins/grafana-kowalski-app/463.js?_cache=1ed629a5641ef9c0de99:1
[270298340ms] [ERROR] Failed to load resource: net::ERR_INTERNET_DISCONNECTED @ https://faro-collector-ops-eu-south-0.grafana-ops.net/collect/bc03dd0f2a088059ae67a23bc296a26d:0
[270298346ms] [ERROR] Failed to load resource: net::ERR_INTERNET_DISCONNECTED @ https://faro-collector-ops-eu-south-0.grafana-ops.net/collect/bc03dd0f2a088059ae67a23bc296a26d:0
[271275083ms] [ERROR] Failed to load resource: net::ERR_INTERNET_DISCONNECTED @ https://faro-collector-ops-eu-south-0.grafana-ops.net/collect/bc03dd0f2a088059ae67a23bc296a26d:0
[271275086ms] [ERROR] Failed to load resource: net::ERR_INTERNET_DISCONNECTED @ https://faro-collector-ops-eu-south-0.grafana-ops.net/collect/bc03dd0f2a088059ae67a23bc296a26d:0
[271276540ms] [ERROR] Failed to load resource: net::ERR_INTERNET_DISCONNECTED @ https://faro-collector-ops-eu-south-0.grafana-ops.net/collect/2aaaae17b963ac219cd6e23a4850f00e:0
[271276541ms] [ERROR] Faro
 @grafana/faro-web-sdk:transport-fetch
 Failed sending payload to the receiver
 {meta: Object, events: Array(3)} TypeError: Failed to fetch
    at https://grafana-assets.grafana.net/grafana/13.2.0-30402795349/public/build/51849-react19.65c79a8b63097dcd175d.js:177:54112
    at window.fetch (https://plugins-cdn.grafana.net/grafana-kowalski-app/1.64.0/public/plugins/grafana-kowalski-app/463.js?_cache=1ed629a5641ef9c0de99:2:206687)
    at https://plugins-cdn.grafana.net/grafana-kowalski-app/1.64.0/public/plugins/grafana-kowalski-app/463.js?_cache=1ed629a5641ef9c0de99:2:336969
    at o.<computed>.o.<computed> (https://rsi.grafana.com/v1.1/js-integrations/Fullstory.min.js:1:5852)
    at Mr.<anonymous> (https://plugins-cdn.grafana.net/grafana-kowalski-app/1.64.0/public/plugins/grafana-kowalski-app/463.js?_cache=1ed629a5641ef9c0de99:2:268575)
    at Generator.next (<anonymous>)
    at https://plugins-cdn.grafana.net/grafana-kowalski-app/1.64.0/public/plugins/grafana-kowalski-app/463.js?_cache=1ed629a5641ef9c0de99:2:264856
    at new Promise (<anonymous>)
    at Tr (https://plugins-cdn.grafana.net/grafana-kowalski-app/1.64.0/public/plugins/grafana-kowalski-app/463.js?_cache=1ed629a5641ef9c0de99:2:264601)
    at Mr.fetchWithKeepaliveRetry (https://plugins-cdn.grafana.net/grafana-kowalski-app/1.64.0/public/plugins/grafana-kowalski-app/463.js?_cache=1ed629a5641ef9c0de99:2:268487) @ https://plugins-cdn.grafana.net/grafana-kowalski-app/1.64.0/public/plugins/grafana-kowalski-app/463.js?_cache=1ed629a5641ef9c0de99:1
[271277963ms] [ERROR] WebSocket connection to 'wss://deveadf53.grafana.net/api/live/ws' failed: Error in connection establishment: net::ERR_INTERNET_DISCONNECTED @ https://grafana-assets.grafana.net/grafana/13.2.0-30402795349/public/build/8021-react19.98b0598537b074241f06.js:291
[271277976ms] [ERROR] Failed to load resource: net::ERR_INTERNET_DISCONNECTED @ https://deveadf53.grafana.net/api/login/ping:0
[271278233ms] [ERROR] Failed to load resource: net::ERR_INTERNET_DISCONNECTED @ https://faro-collector-ops-eu-south-0.grafana-ops.net/collect/2aaaae17b963ac219cd6e23a4850f00e:0
[271278234ms] [ERROR] Failed to load resource: net::ERR_INTERNET_DISCONNECTED @ https://faro-collector-ops-eu-south-0.grafana-ops.net/collect/2aaaae17b963ac219cd6e23a4850f00e:0
[271278234ms] [ERROR] Faro
 @grafana/faro-web-sdk:transport-fetch
 Failed sending payload to the receiver
 {meta: Object, events: Array(2)} TypeError: Failed to fetch
    at https://grafana-assets.grafana.net/grafana/13.2.0-30402795349/public/build/51849-react19.65c79a8b63097dcd175d.js:177:54112
    at window.fetch (https://plugins-cdn.grafana.net/grafana-kowalski-app/1.64.0/public/plugins/grafana-kowalski-app/463.js?_cache=1ed629a5641ef9c0de99:2:206687)
    at https://plugins-cdn.grafana.net/grafana-kowalski-app/1.64.0/public/plugins/grafana-kowalski-app/463.js?_cache=1ed629a5641ef9c0de99:2:336969
    at o.<computed>.o.<computed> (https://rsi.grafana.com/v1.1/js-integrations/Fullstory.min.js:1:5852)
    at Mr.<anonymous> (https://plugins-cdn.grafana.net/grafana-kowalski-app/1.64.0/public/plugins/grafana-kowalski-app/463.js?_cache=1ed629a5641ef9c0de99:2:268817)
    at Generator.throw (<anonymous>)
    at a (https://plugins-cdn.grafana.net/grafana-kowalski-app/1.64.0/public/plugins/grafana-kowalski-app/463.js?_cache=1ed629a5641ef9c0de99:2:264709) @ https://plugins-cdn.grafana.net/grafana-kowalski-app/1.64.0/public/plugins/grafana-kowalski-app/463.js?_cache=1ed629a5641ef9c0de99:1
[271279082ms] [ERROR] Failed to load resource: net::ERR_INTERNET_DISCONNECTED @ https://faro-collector-ops-eu-south-0.grafana-ops.net/collect/bc03dd0f2a088059ae67a23bc296a26d:0
[271279083ms] [ERROR] Failed to load resource: net::ERR_INTERNET_DISCONNECTED @ https://faro-collector-ops-eu-south-0.grafana-ops.net/collect/bc03dd0f2a088059ae67a23bc296a26d:0
[272336259ms] [ERROR] WebSocket connection to 'wss://deveadf53.grafana.net/api/live/ws' failed: Error in connection establishment: net::ERR_INTERNET_DISCONNECTED @ https://grafana-assets.grafana.net/grafana/13.2.0-30402795349/public/build/8021-react19.98b0598537b074241f06.js:291
[272336269ms] [ERROR] Failed to load resource: net::ERR_INTERNET_DISCONNECTED @ https://deveadf53.grafana.net/api/login/ping:0
[272336495ms] [ERROR] Failed to load resource: net::ERR_INTERNET_DISCONNECTED @ https://faro-collector-ops-eu-south-0.grafana-ops.net/collect/2aaaae17b963ac219cd6e23a4850f00e:0
[272336517ms] [ERROR] Failed to load resource: net::ERR_INTERNET_DISCONNECTED @ https://faro-collector-ops-eu-south-0.grafana-ops.net/collect/2aaaae17b963ac219cd6e23a4850f00e:0
[272336517ms] [ERROR] Faro
 @grafana/faro-web-sdk:transport-fetch
 Failed sending payload to the receiver
 {meta: Object, events: Array(1)} TypeError: Failed to fetch
    at https://grafana-assets.grafana.net/grafana/13.2.0-30402795349/public/build/51849-react19.65c79a8b63097dcd175d.js:177:54112
    at window.fetch (https://plugins-cdn.grafana.net/grafana-kowalski-app/1.64.0/public/plugins/grafana-kowalski-app/463.js?_cache=1ed629a5641ef9c0de99:2:206687)
    at https://plugins-cdn.grafana.net/grafana-kowalski-app/1.64.0/public/plugins/grafana-kowalski-app/463.js?_cache=1ed629a5641ef9c0de99:2:336969
    at o.<computed>.o.<computed> (https://rsi.grafana.com/v1.1/js-integrations/Fullstory.min.js:1:5852)
    at Mr.<anonymous> (https://plugins-cdn.grafana.net/grafana-kowalski-app/1.64.0/public/plugins/grafana-kowalski-app/463.js?_cache=1ed629a5641ef9c0de99:2:268817)
    at Generator.throw (<anonymous>)
    at a (https://plugins-cdn.grafana.net/grafana-kowalski-app/1.64.0/public/plugins/grafana-kowalski-app/463.js?_cache=1ed629a5641ef9c0de99:2:264709) @ https://plugins-cdn.grafana.net/grafana-kowalski-app/1.64.0/public/plugins/grafana-kowalski-app/463.js?_cache=1ed629a5641ef9c0de99:1
[272336814ms] [ERROR] Failed to load resource: net::ERR_INTERNET_DISCONNECTED @ https://faro-collector-ops-eu-south-0.grafana-ops.net/collect/bc03dd0f2a088059ae67a23bc296a26d:0
[272336819ms] [ERROR] Failed to load resource: net::ERR_INTERNET_DISCONNECTED @ https://faro-collector-ops-eu-south-0.grafana-ops.net/collect/bc03dd0f2a088059ae67a23bc296a26d:0
[272338813ms] [ERROR] Failed to load resource: net::ERR_INTERNET_DISCONNECTED @ https://faro-collector-ops-eu-south-0.grafana-ops.net/collect/bc03dd0f2a088059ae67a23bc296a26d:0
[272338817ms] [ERROR] Failed to load resource: net::ERR_INTERNET_DISCONNECTED @ https://faro-collector-ops-eu-south-0.grafana-ops.net/collect/bc03dd0f2a088059ae67a23bc296a26d:0
[273307709ms] [ERROR] Failed to load resource: net::ERR_INTERNET_DISCONNECTED @ https://faro-collector-ops-eu-south-0.grafana-ops.net/collect/2aaaae17b963ac219cd6e23a4850f00e:0
[273307710ms] [ERROR] Faro
 @grafana/faro-web-sdk:transport-fetch
 Failed sending payload to the receiver
 {meta: Object, events: Array(3)} TypeError: Failed to fetch
    at https://grafana-assets.grafana.net/grafana/13.2.0-30402795349/public/build/51849-react19.65c79a8b63097dcd175d.js:177:54112
    at window.fetch (https://plugins-cdn.grafana.net/grafana-kowalski-app/1.64.0/public/plugins/grafana-kowalski-app/463.js?_cache=1ed629a5641ef9c0de99:2:206687)
    at https://plugins-cdn.grafana.net/grafana-kowalski-app/1.64.0/public/plugins/grafana-kowalski-app/463.js?_cache=1ed629a5641ef9c0de99:2:336969
    at o.<computed>.o.<computed> (https://rsi.grafana.com/v1.1/js-integrations/Fullstory.min.js:1:5852)
    at Mr.<anonymous> (https://plugins-cdn.grafana.net/grafana-kowalski-app/1.64.0/public/plugins/grafana-kowalski-app/463.js?_cache=1ed629a5641ef9c0de99:2:268575)
    at Generator.next (<anonymous>)
    at https://plugins-cdn.grafana.net/grafana-kowalski-app/1.64.0/public/plugins/grafana-kowalski-app/463.js?_cache=1ed629a5641ef9c0de99:2:264856
    at new Promise (<anonymous>)
    at Tr (https://plugins-cdn.grafana.net/grafana-kowalski-app/1.64.0/public/plugins/grafana-kowalski-app/463.js?_cache=1ed629a5641ef9c0de99:2:264601)
    at Mr.fetchWithKeepaliveRetry (https://plugins-cdn.grafana.net/grafana-kowalski-app/1.64.0/public/plugins/grafana-kowalski-app/463.js?_cache=1ed629a5641ef9c0de99:2:268487) @ https://plugins-cdn.grafana.net/grafana-kowalski-app/1.64.0/public/plugins/grafana-kowalski-app/463.js?_cache=1ed629a5641ef9c0de99:1
[273308255ms] [ERROR] WebSocket connection to 'wss://deveadf53.grafana.net/api/live/ws' failed: Error in connection establishment: net::ERR_INTERNET_DISCONNECTED @ https://grafana-assets.grafana.net/grafana/13.2.0-30402795349/public/build/8021-react19.98b0598537b074241f06.js:291
[273308264ms] [ERROR] Failed to load resource: net::ERR_INTERNET_DISCONNECTED @ https://deveadf53.grafana.net/api/login/ping:0
[273308413ms] [ERROR] Failed to load resource: net::ERR_INTERNET_DISCONNECTED @ https://faro-collector-ops-eu-south-0.grafana-ops.net/collect/2aaaae17b963ac219cd6e23a4850f00e:0
[273308415ms] [ERROR] Failed to load resource: net::ERR_INTERNET_DISCONNECTED @ https://faro-collector-ops-eu-south-0.grafana-ops.net/collect/2aaaae17b963ac219cd6e23a4850f00e:0
[273308415ms] [ERROR] Faro
 @grafana/faro-web-sdk:transport-fetch
 Failed sending payload to the receiver
 {meta: Object, events: Array(2)} TypeError: Failed to fetch
    at https://grafana-assets.grafana.net/grafana/13.2.0-30402795349/public/build/51849-react19.65c79a8b63097dcd175d.js:177:54112
    at window.fetch (https://plugins-cdn.grafana.net/grafana-kowalski-app/1.64.0/public/plugins/grafana-kowalski-app/463.js?_cache=1ed629a5641ef9c0de99:2:206687)
    at https://plugins-cdn.grafana.net/grafana-kowalski-app/1.64.0/public/plugins/grafana-kowalski-app/463.js?_cache=1ed629a5641ef9c0de99:2:336969
    at o.<computed>.o.<computed> (https://rsi.grafana.com/v1.1/js-integrations/Fullstory.min.js:1:5852)
    at Mr.<anonymous> (https://plugins-cdn.grafana.net/grafana-kowalski-app/1.64.0/public/plugins/grafana-kowalski-app/463.js?_cache=1ed629a5641ef9c0de99:2:268817)
    at Generator.throw (<anonymous>)
    at a (https://plugins-cdn.grafana.net/grafana-kowalski-app/1.64.0/public/plugins/grafana-kowalski-app/463.js?_cache=1ed629a5641ef9c0de99:2:264709) @ https://plugins-cdn.grafana.net/grafana-kowalski-app/1.64.0/public/plugins/grafana-kowalski-app/463.js?_cache=1ed629a5641ef9c0de99:1
[273309514ms] [ERROR] Failed to load resource: net::ERR_INTERNET_DISCONNECTED @ https://faro-collector-ops-eu-south-0.grafana-ops.net/collect/bc03dd0f2a088059ae67a23bc296a26d:0
[273309516ms] [ERROR] Failed to load resource: net::ERR_INTERNET_DISCONNECTED @ https://faro-collector-ops-eu-south-0.grafana-ops.net/collect/bc03dd0f2a088059ae67a23bc296a26d:0
[273311514ms] [ERROR] Failed to load resource: net::ERR_INTERNET_DISCONNECTED @ https://faro-collector-ops-eu-south-0.grafana-ops.net/collect/bc03dd0f2a088059ae67a23bc296a26d:0
[273311520ms] [ERROR] Failed to load resource: net::ERR_INTERNET_DISCONNECTED @ https://faro-collector-ops-eu-south-0.grafana-ops.net/collect/bc03dd0f2a088059ae67a23bc296a26d:0
[273958195ms] [ERROR] Failed to load resource: net::ERR_INTERNET_DISCONNECTED @ https://faro-collector-ops-eu-south-0.grafana-ops.net/collect/2aaaae17b963ac219cd6e23a4850f00e:0
[273958196ms] [ERROR] Faro
 @grafana/faro-web-sdk:transport-fetch
 Failed sending payload to the receiver
 {meta: Object, events: Array(3)} TypeError: Failed to fetch
    at https://grafana-assets.grafana.net/grafana/13.2.0-30402795349/public/build/51849-react19.65c79a8b63097dcd175d.js:177:54112
    at window.fetch (https://plugins-cdn.grafana.net/grafana-kowalski-app/1.64.0/public/plugins/grafana-kowalski-app/463.js?_cache=1ed629a5641ef9c0de99:2:206687)
    at https://plugins-cdn.grafana.net/grafana-kowalski-app/1.64.0/public/plugins/grafana-kowalski-app/463.js?_cache=1ed629a5641ef9c0de99:2:336969
    at o.<computed>.o.<computed> (https://rsi.grafana.com/v1.1/js-integrations/Fullstory.min.js:1:5852)
    at Mr.<anonymous> (https://plugins-cdn.grafana.net/grafana-kowalski-app/1.64.0/public/plugins/grafana-kowalski-app/463.js?_cache=1ed629a5641ef9c0de99:2:268575)
    at Generator.next (<anonymous>)
    at https://plugins-cdn.grafana.net/grafana-kowalski-app/1.64.0/public/plugins/grafana-kowalski-app/463.js?_cache=1ed629a5641ef9c0de99:2:264856
    at new Promise (<anonymous>)
    at Tr (https://plugins-cdn.grafana.net/grafana-kowalski-app/1.64.0/public/plugins/grafana-kowalski-app/463.js?_cache=1ed629a5641ef9c0de99:2:264601)
    at Mr.fetchWithKeepaliveRetry (https://plugins-cdn.grafana.net/grafana-kowalski-app/1.64.0/public/plugins/grafana-kowalski-app/463.js?_cache=1ed629a5641ef9c0de99:2:268487) @ https://plugins-cdn.grafana.net/grafana-kowalski-app/1.64.0/public/plugins/grafana-kowalski-app/463.js?_cache=1ed629a5641ef9c0de99:1
[273959893ms] [ERROR] WebSocket connection to 'wss://deveadf53.grafana.net/api/live/ws' failed: Error in connection establishment: net::ERR_INTERNET_DISCONNECTED @ https://grafana-assets.grafana.net/grafana/13.2.0-30402795349/public/build/8021-react19.98b0598537b074241f06.js:291
[273959900ms] [ERROR] Failed to load resource: net::ERR_INTERNET_DISCONNECTED @ https://deveadf53.grafana.net/api/login/ping:0
[273959932ms] [ERROR] Failed to load resource: net::ERR_INTERNET_DISCONNECTED @ https://faro-collector-ops-eu-south-0.grafana-ops.net/collect/2aaaae17b963ac219cd6e23a4850f00e:0
[273959934ms] [ERROR] Failed to load resource: net::ERR_INTERNET_DISCONNECTED @ https://faro-collector-ops-eu-south-0.grafana-ops.net/collect/2aaaae17b963ac219cd6e23a4850f00e:0
[273959934ms] [ERROR] Faro
 @grafana/faro-web-sdk:transport-fetch
 Failed sending payload to the receiver
 {meta: Object, events: Array(1)} TypeError: Failed to fetch
    at https://grafana-assets.grafana.net/grafana/13.2.0-30402795349/public/build/51849-react19.65c79a8b63097dcd175d.js:177:54112
    at window.fetch (https://plugins-cdn.grafana.net/grafana-kowalski-app/1.64.0/public/plugins/grafana-kowalski-app/463.js?_cache=1ed629a5641ef9c0de99:2:206687)
    at https://plugins-cdn.grafana.net/grafana-kowalski-app/1.64.0/public/plugins/grafana-kowalski-app/463.js?_cache=1ed629a5641ef9c0de99:2:336969
    at o.<computed>.o.<computed> (https://rsi.grafana.com/v1.1/js-integrations/Fullstory.min.js:1:5852)
    at Mr.<anonymous> (https://plugins-cdn.grafana.net/grafana-kowalski-app/1.64.0/public/plugins/grafana-kowalski-app/463.js?_cache=1ed629a5641ef9c0de99:2:268817)
    at Generator.throw (<anonymous>)
    at a (https://plugins-cdn.grafana.net/grafana-kowalski-app/1.64.0/public/plugins/grafana-kowalski-app/463.js?_cache=1ed629a5641ef9c0de99:2:264709) @ https://plugins-cdn.grafana.net/grafana-kowalski-app/1.64.0/public/plugins/grafana-kowalski-app/463.js?_cache=1ed629a5641ef9c0de99:1
[273960185ms] [ERROR] Failed to load resource: net::ERR_INTERNET_DISCONNECTED @ https://faro-collector-ops-eu-south-0.grafana-ops.net/collect/2aaaae17b963ac219cd6e23a4850f00e:0
[273960190ms] [ERROR] Failed to load resource: net::ERR_INTERNET_DISCONNECTED @ https://faro-collector-ops-eu-south-0.grafana-ops.net/collect/2aaaae17b963ac219cd6e23a4850f00e:0
[273960190ms] [ERROR] Faro
 @grafana/faro-web-sdk:transport-fetch
 Failed sending payload to the receiver
 {meta: Object, events: Array(1)} TypeError: Failed to fetch
    at https://grafana-assets.grafana.net/grafana/13.2.0-30402795349/public/build/51849-react19.65c79a8b63097dcd175d.js:177:54112
    at window.fetch (https://plugins-cdn.grafana.net/grafana-kowalski-app/1.64.0/public/plugins/grafana-kowalski-app/463.js?_cache=1ed629a5641ef9c0de99:2:206687)
    at https://plugins-cdn.grafana.net/grafana-kowalski-app/1.64.0/public/plugins/grafana-kowalski-app/463.js?_cache=1ed629a5641ef9c0de99:2:336969
    at o.<computed>.o.<computed> (https://rsi.grafana.com/v1.1/js-integrations/Fullstory.min.js:1:5852)
    at Mr.<anonymous> (https://plugins-cdn.grafana.net/grafana-kowalski-app/1.64.0/public/plugins/grafana-kowalski-app/463.js?_cache=1ed629a5641ef9c0de99:2:268817)
    at Generator.throw (<anonymous>)
    at a (https://plugins-cdn.grafana.net/grafana-kowalski-app/1.64.0/public/plugins/grafana-kowalski-app/463.js?_cache=1ed629a5641ef9c0de99:2:264709) @ https://plugins-cdn.grafana.net/grafana-kowalski-app/1.64.0/public/plugins/grafana-kowalski-app/463.js?_cache=1ed629a5641ef9c0de99:1
[273960285ms] [ERROR] Failed to load resource: net::ERR_INTERNET_DISCONNECTED @ https://faro-collector-ops-eu-south-0.grafana-ops.net/collect/bc03dd0f2a088059ae67a23bc296a26d:0
[273960289ms] [ERROR] Failed to load resource: net::ERR_INTERNET_DISCONNECTED @ https://faro-collector-ops-eu-south-0.grafana-ops.net/collect/bc03dd0f2a088059ae67a23bc296a26d:0
[273962280ms] [ERROR] Failed to load resource: net::ERR_INTERNET_DISCONNECTED @ https://faro-collector-ops-eu-south-0.grafana-ops.net/collect/bc03dd0f2a088059ae67a23bc296a26d:0
[273962282ms] [ERROR] Failed to load resource: net::ERR_INTERNET_DISCONNECTED @ https://faro-collector-ops-eu-south-0.grafana-ops.net/collect/bc03dd0f2a088059ae67a23bc296a26d:0
[273965235ms] [ERROR] WebSocket connection to 'wss://deveadf53.grafana.net/api/live/ws' failed: Error in connection establishment: net::ERR_INTERNET_DISCONNECTED @ https://grafana-assets.grafana.net/grafana/13.2.0-30402795349/public/build/8021-react19.98b0598537b074241f06.js:291
[273965246ms] [ERROR] Failed to load resource: net::ERR_INTERNET_DISCONNECTED @ https://deveadf53.grafana.net/api/login/ping:0
[273965434ms] [ERROR] Failed to load resource: net::ERR_INTERNET_DISCONNECTED @ https://faro-collector-ops-eu-south-0.grafana-ops.net/collect/2aaaae17b963ac219cd6e23a4850f00e:0
[273965438ms] [ERROR] Failed to load resource: net::ERR_INTERNET_DISCONNECTED @ https://faro-collector-ops-eu-south-0.grafana-ops.net/collect/2aaaae17b963ac219cd6e23a4850f00e:0
[273965438ms] [ERROR] Faro
 @grafana/faro-web-sdk:transport-fetch
 Failed sending payload to the receiver
 {meta: Object, events: Array(1)} TypeError: Failed to fetch
    at https://grafana-assets.grafana.net/grafana/13.2.0-30402795349/public/build/51849-react19.65c79a8b63097dcd175d.js:177:54112
    at window.fetch (https://plugins-cdn.grafana.net/grafana-kowalski-app/1.64.0/public/plugins/grafana-kowalski-app/463.js?_cache=1ed629a5641ef9c0de99:2:206687)
    at https://plugins-cdn.grafana.net/grafana-kowalski-app/1.64.0/public/plugins/grafana-kowalski-app/463.js?_cache=1ed629a5641ef9c0de99:2:336969
    at o.<computed>.o.<computed> (https://rsi.grafana.com/v1.1/js-integrations/Fullstory.min.js:1:5852)
    at Mr.<anonymous> (https://plugins-cdn.grafana.net/grafana-kowalski-app/1.64.0/public/plugins/grafana-kowalski-app/463.js?_cache=1ed629a5641ef9c0de99:2:268817)
    at Generator.throw (<anonymous>)
    at a (https://plugins-cdn.grafana.net/grafana-kowalski-app/1.64.0/public/plugins/grafana-kowalski-app/463.js?_cache=1ed629a5641ef9c0de99:2:264709) @ https://plugins-cdn.grafana.net/grafana-kowalski-app/1.64.0/public/plugins/grafana-kowalski-app/463.js?_cache=1ed629a5641ef9c0de99:1
[273966402ms] [ERROR] WebSocket connection to 'wss://deveadf53.grafana.net/api/live/ws' failed: HTTP Authentication failed; no valid credentials available @ https://grafana-assets.grafana.net/grafana/13.2.0-30402795349/public/build/8021-react19.98b0598537b074241f06.js:291
[273966542ms] [ERROR] Failed to load resource: the server responded with a status of 401 () @ https://deveadf53.grafana.net/api/plugin-proxy/grafana-kowalski-app/api-proxy/api/v1/app:0
[273966624ms] [ERROR] Failed to load resource: the server responded with a status of 401 () @ https://deveadf53.grafana.net/api/ds/query?ds_type=tempo&requestId=trace:df238d63faaf83beb4937a8544cb25ee:0
[273967148ms] [WARNING] SceneObject already has a parent set that is different from the new parent. You cannot share the same SceneObject instance in multiple scenes or in multiple different places of the same scene graph. Use SceneObject.clone() to duplicate a SceneObject or store a state key reference and use sceneGraph.findObject to locate it. u zv @ https://edge.fullstory.com/s/fs.js:1
[273967154ms] [ERROR] Faro
 Attempted to create a new user action while one is already running. This is not possible. @ https://plugins-cdn.grafana.net/grafana-kowalski-app/1.64.0/public/plugins/grafana-kowalski-app/463.js?_cache=1ed629a5641ef9c0de99:1
[273967286ms] [ERROR] Faro
 Attempted to create a new user action while one is already running. This is not possible. @ https://plugins-cdn.grafana.net/grafana-kowalski-app/1.64.0/public/plugins/grafana-kowalski-app/463.js?_cache=1ed629a5641ef9c0de99:1
[273967482ms] [ERROR] Faro
 Attempted to create a new user action while one is already running. This is not possible. @ https://plugins-cdn.grafana.net/grafana-kowalski-app/1.64.0/public/plugins/grafana-kowalski-app/463.js?_cache=1ed629a5641ef9c0de99:1
[273967572ms] [WARNING] SceneObject already has a parent set that is different from the new parent. You cannot share the same SceneObject instance in multiple scenes or in multiple different places of the same scene graph. Use SceneObject.clone() to duplicate a SceneObject or store a state key reference and use sceneGraph.findObject to locate it. u wN @ https://edge.fullstory.com/s/fs.js:1
[273967575ms] [WARNING] SceneObject already has a parent set that is different from the new parent. You cannot share the same SceneObject instance in multiple scenes or in multiple different places of the same scene graph. Use SceneObject.clone() to duplicate a SceneObject or store a state key reference and use sceneGraph.findObject to locate it. u gN @ https://edge.fullstory.com/s/fs.js:1
[273967645ms] [WARNING] SceneObject already has a parent set that is different from the new parent. You cannot share the same SceneObject instance in multiple scenes or in multiple different places of the same scene graph. Use SceneObject.clone() to duplicate a SceneObject or store a state key reference and use sceneGraph.findObject to locate it. u gN @ https://edge.fullstory.com/s/fs.js:1
[274898817ms] [ERROR] Failed to load resource: net::ERR_NETWORK_CHANGED @ https://deveadf53.grafana.net/api/ds/query?ds_type=loki&requestId=SQR123_1:0
[274898834ms] [ERROR] Failed to load resource: net::ERR_NETWORK_CHANGED @ https://deveadf53.grafana.net/api/ds/query?ds_type=loki&requestId=SQR121_1:0
[274898835ms] [ERROR] Failed to load resource: net::ERR_NETWORK_CHANGED @ https://deveadf53.grafana.net/api/ds/query?ds_type=loki&requestId=SQR124_1:0
[274898836ms] [ERROR] Failed to load resource: net::ERR_NETWORK_CHANGED @ https://deveadf53.grafana.net/apis/folder.grafana.app/v1beta1/namespaces/stacks-1744045/folders:0
[274899056ms] [ERROR] Failed to load resource: net::ERR_NAME_NOT_RESOLVED @ https://faro-collector-ops-eu-south-0.grafana-ops.net/collect/2aaaae17b963ac219cd6e23a4850f00e:0
[274899071ms] [ERROR] Faro
 @grafana/faro-web-sdk:transport-fetch
 Failed sending payload to the receiver
 {meta: Object, measurements: Array(2), exceptions: Array(1), events: Array(7)} TypeError: Failed to fetch
    at https://grafana-assets.grafana.net/grafana/13.2.0-30402795349/public/build/51849-react19.65c79a8b63097dcd175d.js:177:54112
    at window.fetch (https://plugins-cdn.grafana.net/grafana-kowalski-app/1.64.0/public/plugins/grafana-kowalski-app/463.js?_cache=1ed629a5641ef9c0de99:2:206687)
    at https://plugins-cdn.grafana.net/grafana-kowalski-app/1.64.0/public/plugins/grafana-kowalski-app/463.js?_cache=1ed629a5641ef9c0de99:2:336969
    at o.<computed>.o.<computed> (https://rsi.grafana.com/v1.1/js-integrations/Fullstory.min.js:1:5852)
    at Mr.<anonymous> (https://plugins-cdn.grafana.net/grafana-kowalski-app/1.64.0/public/plugins/grafana-kowalski-app/463.js?_cache=1ed629a5641ef9c0de99:2:268575)
    at Generator.next (<anonymous>)
    at https://plugins-cdn.grafana.net/grafana-kowalski-app/1.64.0/public/plugins/grafana-kowalski-app/463.js?_cache=1ed629a5641ef9c0de99:2:264856
    at new Promise (<anonymous>)
    at Tr (https://plugins-cdn.grafana.net/grafana-kowalski-app/1.64.0/public/plugins/grafana-kowalski-app/463.js?_cache=1ed629a5641ef9c0de99:2:264601)
    at Mr.fetchWithKeepaliveRetry (https://plugins-cdn.grafana.net/grafana-kowalski-app/1.64.0/public/plugins/grafana-kowalski-app/463.js?_cache=1ed629a5641ef9c0de99:2:268487) @ https://plugins-cdn.grafana.net/grafana-kowalski-app/1.64.0/public/plugins/grafana-kowalski-app/463.js?_cache=1ed629a5641ef9c0de99:1
[274899281ms] [ERROR] Failed to load resource: net::ERR_INTERNET_DISCONNECTED @ https://faro-collector-ops-eu-south-0.grafana-ops.net/collect/2aaaae17b963ac219cd6e23a4850f00e:0
[274899282ms] [ERROR] Faro
 @grafana/faro-web-sdk:transport-fetch
 Failed sending payload to the receiver
 {meta: Object, events: Array(3)} TypeError: Failed to fetch
    at https://grafana-assets.grafana.net/grafana/13.2.0-30402795349/public/build/51849-react19.65c79a8b63097dcd175d.js:177:54112
    at window.fetch (https://plugins-cdn.grafana.net/grafana-kowalski-app/1.64.0/public/plugins/grafana-kowalski-app/463.js?_cache=1ed629a5641ef9c0de99:2:206687)
    at https://plugins-cdn.grafana.net/grafana-kowalski-app/1.64.0/public/plugins/grafana-kowalski-app/463.js?_cache=1ed629a5641ef9c0de99:2:336969
    at o.<computed>.o.<computed> (https://rsi.grafana.com/v1.1/js-integrations/Fullstory.min.js:1:5852)
    at Mr.<anonymous> (https://plugins-cdn.grafana.net/grafana-kowalski-app/1.64.0/public/plugins/grafana-kowalski-app/463.js?_cache=1ed629a5641ef9c0de99:2:268575)
    at Generator.next (<anonymous>)
    at https://plugins-cdn.grafana.net/grafana-kowalski-app/1.64.0/public/plugins/grafana-kowalski-app/463.js?_cache=1ed629a5641ef9c0de99:2:264856
    at new Promise (<anonymous>)
    at Tr (https://plugins-cdn.grafana.net/grafana-kowalski-app/1.64.0/public/plugins/grafana-kowalski-app/463.js?_cache=1ed629a5641ef9c0de99:2:264601)
    at Mr.fetchWithKeepaliveRetry (https://plugins-cdn.grafana.net/grafana-kowalski-app/1.64.0/public/plugins/grafana-kowalski-app/463.js?_cache=1ed629a5641ef9c0de99:2:268487) @ https://plugins-cdn.grafana.net/grafana-kowalski-app/1.64.0/public/plugins/grafana-kowalski-app/463.js?_cache=1ed629a5641ef9c0de99:1
[274900328ms] [ERROR] WebSocket connection to 'wss://deveadf53.grafana.net/api/live/ws' failed: Error in connection establishment: net::ERR_INTERNET_DISCONNECTED @ https://grafana-assets.grafana.net/grafana/13.2.0-30402795349/public/build/8021-react19.98b0598537b074241f06.js:291
[274900347ms] [ERROR] Failed to load resource: net::ERR_INTERNET_DISCONNECTED @ https://deveadf53.grafana.net/api/login/ping:0
[274900484ms] [ERROR] Failed to load resource: net::ERR_INTERNET_DISCONNECTED @ https://faro-collector-ops-eu-south-0.grafana-ops.net/collect/2aaaae17b963ac219cd6e23a4850f00e:0
[274900491ms] [ERROR] Failed to load resource: net::ERR_INTERNET_DISCONNECTED @ https://faro-collector-ops-eu-south-0.grafana-ops.net/collect/2aaaae17b963ac219cd6e23a4850f00e:0
[274900492ms] [ERROR] Faro
 @grafana/faro-web-sdk:transport-fetch
 Failed sending payload to the receiver
 {meta: Object, events: Array(2)} TypeError: Failed to fetch
    at https://grafana-assets.grafana.net/grafana/13.2.0-30402795349/public/build/51849-react19.65c79a8b63097dcd175d.js:177:54112
    at window.fetch (https://plugins-cdn.grafana.net/grafana-kowalski-app/1.64.0/public/plugins/grafana-kowalski-app/463.js?_cache=1ed629a5641ef9c0de99:2:206687)
    at https://plugins-cdn.grafana.net/grafana-kowalski-app/1.64.0/public/plugins/grafana-kowalski-app/463.js?_cache=1ed629a5641ef9c0de99:2:336969
    at o.<computed>.o.<computed> (https://rsi.grafana.com/v1.1/js-integrations/Fullstory.min.js:1:5852)
    at Mr.<anonymous> (https://plugins-cdn.grafana.net/grafana-kowalski-app/1.64.0/public/plugins/grafana-kowalski-app/463.js?_cache=1ed629a5641ef9c0de99:2:268817)
    at Generator.throw (<anonymous>)
    at a (https://plugins-cdn.grafana.net/grafana-kowalski-app/1.64.0/public/plugins/grafana-kowalski-app/463.js?_cache=1ed629a5641ef9c0de99:2:264709) @ https://plugins-cdn.grafana.net/grafana-kowalski-app/1.64.0/public/plugins/grafana-kowalski-app/463.js?_cache=1ed629a5641ef9c0de99:1
[274900568ms] [ERROR] Failed to load resource: net::ERR_INTERNET_DISCONNECTED @ https://faro-collector-ops-eu-south-0.grafana-ops.net/collect/bc03dd0f2a088059ae67a23bc296a26d:0
[274900569ms] [ERROR] Failed to load resource: net::ERR_INTERNET_DISCONNECTED @ https://faro-collector-ops-eu-south-0.grafana-ops.net/collect/bc03dd0f2a088059ae67a23bc296a26d:0
[274900571ms] [ERROR] Failed to load resource: net::ERR_INTERNET_DISCONNECTED @ https://faro-collector-ops-eu-south-0.grafana-ops.net/collect/bc03dd0f2a088059ae67a23bc296a26d:0
[274900902ms] [ERROR] WebSocket connection to 'wss://deveadf53.grafana.net/api/live/ws' failed: Error in connection establishment: net::ERR_INTERNET_DISCONNECTED @ https://grafana-assets.grafana.net/grafana/13.2.0-30402795349/public/build/8021-react19.98b0598537b074241f06.js:291
[274902486ms] [ERROR] WebSocket connection to 'wss://deveadf53.grafana.net/api/live/ws' failed: Error in connection establishment: net::ERR_INTERNET_DISCONNECTED @ https://grafana-assets.grafana.net/grafana/13.2.0-30402795349/public/build/8021-react19.98b0598537b074241f06.js:291
[274902580ms] [ERROR] Failed to load resource: net::ERR_INTERNET_DISCONNECTED @ https://deveadf53.grafana.net/api/ma/events:0
[274902621ms] TypeError: Failed to fetch
    at https://grafana-assets.grafana.net/grafana/13.2.0-30402795349/public/build/51849-react19.65c79a8b63097dcd175d.js:177:55150
    at $E.with (https://grafana-assets.grafana.net/grafana/13.2.0-30402795349/public/build/51849-react19.65c79a8b63097dcd175d.js:177:30367)
    at s.with (https://grafana-assets.grafana.net/grafana/13.2.0-30402795349/public/build/8021-react19.98b0598537b074241f06.js:86:16213)
    at https://grafana-assets.grafana.net/grafana/13.2.0-30402795349/public/build/51849-react19.65c79a8b63097dcd175d.js:177:55053
    at window.fetch (https://plugins-cdn.grafana.net/grafana-kowalski-app/1.64.0/public/plugins/grafana-kowalski-app/463.js?_cache=1ed629a5641ef9c0de99:2:206687)
    at https://plugins-cdn.grafana.net/grafana-kowalski-app/1.64.0/public/plugins/grafana-kowalski-app/463.js?_cache=1ed629a5641ef9c0de99:2:338072
    at $E.with (https://grafana-assets.grafana.net/grafana/13.2.0-30402795349/public/build/51849-react19.65c79a8b63097dcd175d.js:177:30367)
    at e.with (https://plugins-cdn.grafana.net/grafana-kowalski-app/1.64.0/public/plugins/grafana-kowalski-app/463.js?_cache=1ed629a5641ef9c0de99:2:279933)
    at https://plugins-cdn.grafana.net/grafana-kowalski-app/1.64.0/public/plugins/grafana-kowalski-app/463.js?_cache=1ed629a5641ef9c0de99:2:337978
    at o.<computed>.o.<computed> (https://rsi.grafana.com/v1.1/js-integrations/Fullstory.min.js:1:5852)
[274902604ms] [ERROR] Failed to load resource: net::ERR_INTERNET_DISCONNECTED @ https://faro-collector-ops-eu-south-0.grafana-ops.net/collect/bc03dd0f2a088059ae67a23bc296a26d:0
[274902605ms] [ERROR] Failed to load resource: net::ERR_INTERNET_DISCONNECTED @ https://faro-collector-ops-eu-south-0.grafana-ops.net/collect/bc03dd0f2a088059ae67a23bc296a26d:0
[274902715ms] [ERROR] Failed to load resource: net::ERR_INTERNET_DISCONNECTED @ https://faro-collector-ops-eu-south-0.grafana-ops.net/collect/2aaaae17b963ac219cd6e23a4850f00e:0
[274902717ms] [ERROR] Failed to load resource: net::ERR_INTERNET_DISCONNECTED @ https://faro-collector-ops-eu-south-0.grafana-ops.net/collect/2aaaae17b963ac219cd6e23a4850f00e:0
[274902717ms] [ERROR] Faro
 @grafana/faro-web-sdk:transport-fetch
 Failed sending payload to the receiver
 {meta: Object, events: Array(1), exceptions: Array(1)} TypeError: Failed to fetch
    at https://grafana-assets.grafana.net/grafana/13.2.0-30402795349/public/build/51849-react19.65c79a8b63097dcd175d.js:177:54112
    at window.fetch (https://plugins-cdn.grafana.net/grafana-kowalski-app/1.64.0/public/plugins/grafana-kowalski-app/463.js?_cache=1ed629a5641ef9c0de99:2:206687)
    at https://plugins-cdn.grafana.net/grafana-kowalski-app/1.64.0/public/plugins/grafana-kowalski-app/463.js?_cache=1ed629a5641ef9c0de99:2:336969
    at o.<computed>.o.<computed> (https://rsi.grafana.com/v1.1/js-integrations/Fullstory.min.js:1:5852)
    at Mr.<anonymous> (https://plugins-cdn.grafana.net/grafana-kowalski-app/1.64.0/public/plugins/grafana-kowalski-app/463.js?_cache=1ed629a5641ef9c0de99:2:268817)
    at Generator.throw (<anonymous>)
    at a (https://plugins-cdn.grafana.net/grafana-kowalski-app/1.64.0/public/plugins/grafana-kowalski-app/463.js?_cache=1ed629a5641ef9c0de99:2:264709) @ https://plugins-cdn.grafana.net/grafana-kowalski-app/1.64.0/public/plugins/grafana-kowalski-app/463.js?_cache=1ed629a5641ef9c0de99:1
[275329499ms] [ERROR] WebSocket connection to 'wss://deveadf53.grafana.net/api/live/ws' failed: Error in connection establishment: net::ERR_INTERNET_DISCONNECTED @ https://grafana-assets.grafana.net/grafana/13.2.0-30402795349/public/build/8021-react19.98b0598537b074241f06.js:291
[275329545ms] [ERROR] Failed to load resource: net::ERR_INTERNET_DISCONNECTED @ https://deveadf53.grafana.net/api/login/ping:0
[275329731ms] [ERROR] Failed to load resource: net::ERR_INTERNET_DISCONNECTED @ https://faro-collector-ops-eu-south-0.grafana-ops.net/collect/2aaaae17b963ac219cd6e23a4850f00e:0
[275329733ms] [ERROR] Failed to load resource: net::ERR_INTERNET_DISCONNECTED @ https://faro-collector-ops-eu-south-0.grafana-ops.net/collect/2aaaae17b963ac219cd6e23a4850f00e:0
[275329733ms] [ERROR] Faro
 @grafana/faro-web-sdk:transport-fetch
 Failed sending payload to the receiver
 {meta: Object, events: Array(1)} TypeError: Failed to fetch
    at https://grafana-assets.grafana.net/grafana/13.2.0-30402795349/public/build/51849-react19.65c79a8b63097dcd175d.js:177:54112
    at window.fetch (https://plugins-cdn.grafana.net/grafana-kowalski-app/1.64.0/public/plugins/grafana-kowalski-app/463.js?_cache=1ed629a5641ef9c0de99:2:206687)
    at https://plugins-cdn.grafana.net/grafana-kowalski-app/1.64.0/public/plugins/grafana-kowalski-app/463.js?_cache=1ed629a5641ef9c0de99:2:336969
    at o.<computed>.o.<computed> (https://rsi.grafana.com/v1.1/js-integrations/Fullstory.min.js:1:5852)
    at Mr.<anonymous> (https://plugins-cdn.grafana.net/grafana-kowalski-app/1.64.0/public/plugins/grafana-kowalski-app/463.js?_cache=1ed629a5641ef9c0de99:2:268817)
    at Generator.throw (<anonymous>)
    at a (https://plugins-cdn.grafana.net/grafana-kowalski-app/1.64.0/public/plugins/grafana-kowalski-app/463.js?_cache=1ed629a5641ef9c0de99:2:264709) @ https://plugins-cdn.grafana.net/grafana-kowalski-app/1.64.0/public/plugins/grafana-kowalski-app/463.js?_cache=1ed629a5641ef9c0de99:1
[275330333ms] [ERROR] Failed to load resource: net::ERR_INTERNET_DISCONNECTED @ https://faro-collector-ops-eu-south-0.grafana-ops.net/collect/bc03dd0f2a088059ae67a23bc296a26d:0
[275330335ms] [ERROR] Failed to load resource: net::ERR_INTERNET_DISCONNECTED @ https://faro-collector-ops-eu-south-0.grafana-ops.net/collect/bc03dd0f2a088059ae67a23bc296a26d:0
[275332231ms] [ERROR] WebSocket connection to 'wss://deveadf53.grafana.net/api/live/ws' failed: Error in connection establishment: net::ERR_INTERNET_DISCONNECTED @ https://grafana-assets.grafana.net/grafana/13.2.0-30402795349/public/build/8021-react19.98b0598537b074241f06.js:291
[275332328ms] [ERROR] Failed to load resource: net::ERR_INTERNET_DISCONNECTED @ https://faro-collector-ops-eu-south-0.grafana-ops.net/collect/bc03dd0f2a088059ae67a23bc296a26d:0
[275332333ms] [ERROR] Failed to load resource: net::ERR_INTERNET_DISCONNECTED @ https://faro-collector-ops-eu-south-0.grafana-ops.net/collect/bc03dd0f2a088059ae67a23bc296a26d:0
[275333322ms] [ERROR] Failed to load resource: net::ERR_INTERNET_DISCONNECTED @ https://faro-collector-ops-eu-south-0.grafana-ops.net/collect/2aaaae17b963ac219cd6e23a4850f00e:0
[275333323ms] [ERROR] Faro
 @grafana/faro-web-sdk:transport-fetch
 Failed sending payload to the receiver
 {meta: Object, events: Array(3)} TypeError: Failed to fetch
    at https://grafana-assets.grafana.net/grafana/13.2.0-30402795349/public/build/51849-react19.65c79a8b63097dcd175d.js:177:54112
    at window.fetch (https://plugins-cdn.grafana.net/grafana-kowalski-app/1.64.0/public/plugins/grafana-kowalski-app/463.js?_cache=1ed629a5641ef9c0de99:2:206687)
    at https://plugins-cdn.grafana.net/grafana-kowalski-app/1.64.0/public/plugins/grafana-kowalski-app/463.js?_cache=1ed629a5641ef9c0de99:2:336969
    at o.<computed>.o.<computed> (https://rsi.grafana.com/v1.1/js-integrations/Fullstory.min.js:1:5852)
    at Mr.<anonymous> (https://plugins-cdn.grafana.net/grafana-kowalski-app/1.64.0/public/plugins/grafana-kowalski-app/463.js?_cache=1ed629a5641ef9c0de99:2:268575)
    at Generator.next (<anonymous>)
    at https://plugins-cdn.grafana.net/grafana-kowalski-app/1.64.0/public/plugins/grafana-kowalski-app/463.js?_cache=1ed629a5641ef9c0de99:2:264856
    at new Promise (<anonymous>)
    at Tr (https://plugins-cdn.grafana.net/grafana-kowalski-app/1.64.0/public/plugins/grafana-kowalski-app/463.js?_cache=1ed629a5641ef9c0de99:2:264601)
    at Mr.fetchWithKeepaliveRetry (https://plugins-cdn.grafana.net/grafana-kowalski-app/1.64.0/public/plugins/grafana-kowalski-app/463.js?_cache=1ed629a5641ef9c0de99:2:268487) @ https://plugins-cdn.grafana.net/grafana-kowalski-app/1.64.0/public/plugins/grafana-kowalski-app/463.js?_cache=1ed629a5641ef9c0de99:1
[275337060ms] [ERROR] WebSocket connection to 'wss://deveadf53.grafana.net/api/live/ws' failed: Error in connection establishment: net::ERR_INTERNET_DISCONNECTED @ https://grafana-assets.grafana.net/grafana/13.2.0-30402795349/public/build/8021-react19.98b0598537b074241f06.js:291
[275337075ms] [ERROR] Failed to load resource: net::ERR_INTERNET_DISCONNECTED @ https://deveadf53.grafana.net/api/login/ping:0
[275337230ms] [ERROR] Failed to load resource: net::ERR_INTERNET_DISCONNECTED @ https://faro-collector-ops-eu-south-0.grafana-ops.net/collect/2aaaae17b963ac219cd6e23a4850f00e:0
[275337232ms] [ERROR] Failed to load resource: net::ERR_INTERNET_DISCONNECTED @ https://faro-collector-ops-eu-south-0.grafana-ops.net/collect/2aaaae17b963ac219cd6e23a4850f00e:0
[275337232ms] [ERROR] Faro
 @grafana/faro-web-sdk:transport-fetch
 Failed sending payload to the receiver
 {meta: Object, events: Array(2)} TypeError: Failed to fetch
    at https://grafana-assets.grafana.net/grafana/13.2.0-30402795349/public/build/51849-react19.65c79a8b63097dcd175d.js:177:54112
    at window.fetch (https://plugins-cdn.grafana.net/grafana-kowalski-app/1.64.0/public/plugins/grafana-kowalski-app/463.js?_cache=1ed629a5641ef9c0de99:2:206687)
    at https://plugins-cdn.grafana.net/grafana-kowalski-app/1.64.0/public/plugins/grafana-kowalski-app/463.js?_cache=1ed629a5641ef9c0de99:2:336969
    at o.<computed>.o.<computed> (https://rsi.grafana.com/v1.1/js-integrations/Fullstory.min.js:1:5852)
    at Mr.<anonymous> (https://plugins-cdn.grafana.net/grafana-kowalski-app/1.64.0/public/plugins/grafana-kowalski-app/463.js?_cache=1ed629a5641ef9c0de99:2:268817)
    at Generator.throw (<anonymous>)
    at a (https://plugins-cdn.grafana.net/grafana-kowalski-app/1.64.0/public/plugins/grafana-kowalski-app/463.js?_cache=1ed629a5641ef9c0de99:2:264709) @ https://plugins-cdn.grafana.net/grafana-kowalski-app/1.64.0/public/plugins/grafana-kowalski-app/463.js?_cache=1ed629a5641ef9c0de99:1
[275662312ms] [ERROR] Failed to load resource: net::ERR_INTERNET_DISCONNECTED @ https://faro-collector-ops-eu-south-0.grafana-ops.net/collect/bc03dd0f2a088059ae67a23bc296a26d:0
[275662314ms] [ERROR] Failed to load resource: net::ERR_INTERNET_DISCONNECTED @ https://faro-collector-ops-eu-south-0.grafana-ops.net/collect/bc03dd0f2a088059ae67a23bc296a26d:0
[275664314ms] [ERROR] Failed to load resource: net::ERR_INTERNET_DISCONNECTED @ https://faro-collector-ops-eu-south-0.grafana-ops.net/collect/bc03dd0f2a088059ae67a23bc296a26d:0
[275664317ms] [ERROR] Failed to load resource: net::ERR_INTERNET_DISCONNECTED @ https://faro-collector-ops-eu-south-0.grafana-ops.net/collect/bc03dd0f2a088059ae67a23bc296a26d:0
[275667141ms] [ERROR] WebSocket connection to 'wss://deveadf53.grafana.net/api/live/ws' failed: Error in connection establishment: net::ERR_NAME_NOT_RESOLVED @ https://grafana-assets.grafana.net/grafana/13.2.0-30402795349/public/build/8021-react19.98b0598537b074241f06.js:291
[275667877ms] [ERROR] Failed to load resource: the server responded with a status of 401 () @ https://deveadf53.grafana.net/api/login/ping:0
[275667878ms] [ERROR] Failed to load resource: the server responded with a status of 401 () @ https://deveadf53.grafana.net/api/ds/query?ds_type=tempo&requestId=trace:df238d63faaf83beb4937a8544cb25ee:0
[275667888ms] [ERROR] Failed to load resource: the server responded with a status of 401 () @ https://deveadf53.grafana.net/api/plugin-proxy/grafana-kowalski-app/api-proxy/api/v1/app:0
[275668464ms] [WARNING] SceneObject already has a parent set that is different from the new parent. You cannot share the same SceneObject instance in multiple scenes or in multiple different places of the same scene graph. Use SceneObject.clone() to duplicate a SceneObject or store a state key reference and use sceneGraph.findObject to locate it. u zv @ https://edge.fullstory.com/s/fs.js:1
[275668467ms] [ERROR] Faro
 Attempted to create a new user action while one is already running. This is not possible. @ https://plugins-cdn.grafana.net/grafana-kowalski-app/1.64.0/public/plugins/grafana-kowalski-app/463.js?_cache=1ed629a5641ef9c0de99:1
[275668493ms] [ERROR] Faro
 Attempted to create a new user action while one is already running. This is not possible. @ https://plugins-cdn.grafana.net/grafana-kowalski-app/1.64.0/public/plugins/grafana-kowalski-app/463.js?_cache=1ed629a5641ef9c0de99:1
[275668524ms] [ERROR] Faro
 Attempted to create a new user action while one is already running. This is not possible. @ https://plugins-cdn.grafana.net/grafana-kowalski-app/1.64.0/public/plugins/grafana-kowalski-app/463.js?_cache=1ed629a5641ef9c0de99:1
[275668577ms] [WARNING] SceneObject already has a parent set that is different from the new parent. You cannot share the same SceneObject instance in multiple scenes or in multiple different places of the same scene graph. Use SceneObject.clone() to duplicate a SceneObject or store a state key reference and use sceneGraph.findObject to locate it. u wN @ https://edge.fullstory.com/s/fs.js:1
[275668578ms] [WARNING] SceneObject already has a parent set that is different from the new parent. You cannot share the same SceneObject instance in multiple scenes or in multiple different places of the same scene graph. Use SceneObject.clone() to duplicate a SceneObject or store a state key reference and use sceneGraph.findObject to locate it. u gN @ https://edge.fullstory.com/s/fs.js:1
[275668679ms] [WARNING] SceneObject already has a parent set that is different from the new parent. You cannot share the same SceneObject instance in multiple scenes or in multiple different places of the same scene graph. Use SceneObject.clone() to duplicate a SceneObject or store a state key reference and use sceneGraph.findObject to locate it. u gN @ https://edge.fullstory.com/s/fs.js:1
[275670190ms] [ERROR] Failed to load resource: net::ERR_ADDRESS_INVALID @ https://faro-collector-ops-eu-south-0.grafana-ops.net/collect/2aaaae17b963ac219cd6e23a4850f00e:0
[275670575ms] [ERROR] Faro
 @grafana/faro-web-sdk:transport-fetch
 Failed sending payload to the receiver
 {meta: Object, events: Array(1)} TypeError: Cannot read properties of undefined (reading 'internalLogger')
    at logDebug (https://plugins-cdn.grafana.net/grafana-kowalski-app/1.64.0/public/plugins/grafana-kowalski-app/463.js?_cache=1ed629a5641ef9c0de99:2:659)
    at Mr.extendFaroSession (https://plugins-cdn.grafana.net/grafana-kowalski-app/1.64.0/public/plugins/grafana-kowalski-app/463.js?_cache=1ed629a5641ef9c0de99:2:269852)
    at Mr.<anonymous> (https://plugins-cdn.grafana.net/grafana-kowalski-app/1.64.0/public/plugins/grafana-kowalski-app/463.js?_cache=1ed629a5641ef9c0de99:2:269074)
    at Generator.next (<anonymous>)
    at https://plugins-cdn.grafana.net/grafana-kowalski-app/1.64.0/public/plugins/grafana-kowalski-app/463.js?_cache=1ed629a5641ef9c0de99:2:264856
    at new Promise (<anonymous>)
    at Tr (https://plugins-cdn.grafana.net/grafana-kowalski-app/1.64.0/public/plugins/grafana-kowalski-app/463.js?_cache=1ed629a5641ef9c0de99:2:264601)
    at Mr.handleResponse (https://plugins-cdn.grafana.net/grafana-kowalski-app/1.64.0/public/plugins/grafana-kowalski-app/463.js?_cache=1ed629a5641ef9c0de99:2:268963)
    at Mr.<anonymous> (https://plugins-cdn.grafana.net/grafana-kowalski-app/1.64.0/public/plugins/grafana-kowalski-app/463.js?_cache=1ed629a5641ef9c0de99:2:268888)
    at Generator.next (<anonymous>) @ https://plugins-cdn.grafana.net/grafana-kowalski-app/1.64.0/public/plugins/grafana-kowalski-app/463.js?_cache=1ed629a5641ef9c0de99:1
[276583825ms] [ERROR] WebSocket connection to 'wss://deveadf53.grafana.net/api/live/ws' failed: HTTP Authentication failed; no valid credentials available @ https://grafana-assets.grafana.net/grafana/13.2.0-30402795349/public/build/8021-react19.98b0598537b074241f06.js:291
[276580157ms] [ERROR] Failed to load resource: the server responded with a status of 401 () @ https://deveadf53.grafana.net/api/login/ping:0
[277583979ms] [ERROR] Failed to load resource: net::ERR_NETWORK_CHANGED @ https://faro-collector-ops-eu-south-0.grafana-ops.net/collect/2aaaae17b963ac219cd6e23a4850f00e:0
[277583981ms] [ERROR] Failed to load resource: net::ERR_NETWORK_CHANGED @ https://faro-collector-ops-eu-south-0.grafana-ops.net/collect/2aaaae17b963ac219cd6e23a4850f00e:0
[277583982ms] [ERROR] Failed to load resource: net::ERR_NETWORK_CHANGED @ https://faro-collector-ops-eu-south-0.grafana-ops.net/collect/bc03dd0f2a088059ae67a23bc296a26d:0
[277584026ms] [ERROR] Failed to load resource: net::ERR_NETWORK_CHANGED @ https://faro-collector-ops-eu-south-0.grafana-ops.net/collect/2aaaae17b963ac219cd6e23a4850f00e:0
[277584026ms] [ERROR] Faro
 @grafana/faro-web-sdk:transport-fetch
 Failed sending payload to the receiver
 {meta: Object, events: Array(2)} TypeError: Failed to fetch
    at https://grafana-assets.grafana.net/grafana/13.2.0-30402795349/public/build/51849-react19.65c79a8b63097dcd175d.js:177:54112
    at window.fetch (https://plugins-cdn.grafana.net/grafana-kowalski-app/1.64.0/public/plugins/grafana-kowalski-app/463.js?_cache=1ed629a5641ef9c0de99:2:206687)
    at https://plugins-cdn.grafana.net/grafana-kowalski-app/1.64.0/public/plugins/grafana-kowalski-app/463.js?_cache=1ed629a5641ef9c0de99:2:336969
    at o.<computed>.o.<computed> (https://rsi.grafana.com/v1.1/js-integrations/Fullstory.min.js:1:5852)
    at Mr.<anonymous> (https://plugins-cdn.grafana.net/grafana-kowalski-app/1.64.0/public/plugins/grafana-kowalski-app/463.js?_cache=1ed629a5641ef9c0de99:2:268817)
    at Generator.throw (<anonymous>)
    at a (https://plugins-cdn.grafana.net/grafana-kowalski-app/1.64.0/public/plugins/grafana-kowalski-app/463.js?_cache=1ed629a5641ef9c0de99:2:264709) @ https://plugins-cdn.grafana.net/grafana-kowalski-app/1.64.0/public/plugins/grafana-kowalski-app/463.js?_cache=1ed629a5641ef9c0de99:1
[277584027ms] [ERROR] Failed to load resource: net::ERR_NETWORK_CHANGED @ https://faro-collector-ops-eu-south-0.grafana-ops.net/collect/2aaaae17b963ac219cd6e23a4850f00e:0
[277584027ms] [ERROR] Faro
 @grafana/faro-web-sdk:transport-fetch
 Failed sending payload to the receiver
 {meta: Object, events: Array(1)} TypeError: Failed to fetch
    at https://grafana-assets.grafana.net/grafana/13.2.0-30402795349/public/build/51849-react19.65c79a8b63097dcd175d.js:177:54112
    at window.fetch (https://plugins-cdn.grafana.net/grafana-kowalski-app/1.64.0/public/plugins/grafana-kowalski-app/463.js?_cache=1ed629a5641ef9c0de99:2:206687)
    at https://plugins-cdn.grafana.net/grafana-kowalski-app/1.64.0/public/plugins/grafana-kowalski-app/463.js?_cache=1ed629a5641ef9c0de99:2:336969
    at o.<computed>.o.<computed> (https://rsi.grafana.com/v1.1/js-integrations/Fullstory.min.js:1:5852)
    at Mr.<anonymous> (https://plugins-cdn.grafana.net/grafana-kowalski-app/1.64.0/public/plugins/grafana-kowalski-app/463.js?_cache=1ed629a5641ef9c0de99:2:268817)
    at Generator.throw (<anonymous>)
    at a (https://plugins-cdn.grafana.net/grafana-kowalski-app/1.64.0/public/plugins/grafana-kowalski-app/463.js?_cache=1ed629a5641ef9c0de99:2:264709) @ https://plugins-cdn.grafana.net/grafana-kowalski-app/1.64.0/public/plugins/grafana-kowalski-app/463.js?_cache=1ed629a5641ef9c0de99:1
[277584027ms] [ERROR] Failed to load resource: net::ERR_NETWORK_CHANGED @ https://faro-collector-ops-eu-south-0.grafana-ops.net/collect/bc03dd0f2a088059ae67a23bc296a26d:0
[277584379ms] [ERROR] Failed to load resource: net::ERR_NETWORK_CHANGED @ https://faro-collector-ops-eu-south-0.grafana-ops.net/collect/2aaaae17b963ac219cd6e23a4850f00e:0
[277584380ms] [ERROR] Faro
 @grafana/faro-web-sdk:transport-fetch
 Failed sending payload to the receiver
 {meta: Object, events: Array(3)} TypeError: Failed to fetch
    at https://grafana-assets.grafana.net/grafana/13.2.0-30402795349/public/build/51849-react19.65c79a8b63097dcd175d.js:177:54112
    at window.fetch (https://plugins-cdn.grafana.net/grafana-kowalski-app/1.64.0/public/plugins/grafana-kowalski-app/463.js?_cache=1ed629a5641ef9c0de99:2:206687)
    at https://plugins-cdn.grafana.net/grafana-kowalski-app/1.64.0/public/plugins/grafana-kowalski-app/463.js?_cache=1ed629a5641ef9c0de99:2:336969
    at o.<computed>.o.<computed> (https://rsi.grafana.com/v1.1/js-integrations/Fullstory.min.js:1:5852)
    at Mr.<anonymous> (https://plugins-cdn.grafana.net/grafana-kowalski-app/1.64.0/public/plugins/grafana-kowalski-app/463.js?_cache=1ed629a5641ef9c0de99:2:268575)
    at Generator.next (<anonymous>)
    at https://plugins-cdn.grafana.net/grafana-kowalski-app/1.64.0/public/plugins/grafana-kowalski-app/463.js?_cache=1ed629a5641ef9c0de99:2:264856
    at new Promise (<anonymous>)
    at Tr (https://plugins-cdn.grafana.net/grafana-kowalski-app/1.64.0/public/plugins/grafana-kowalski-app/463.js?_cache=1ed629a5641ef9c0de99:2:264601)
    at Mr.fetchWithKeepaliveRetry (https://plugins-cdn.grafana.net/grafana-kowalski-app/1.64.0/public/plugins/grafana-kowalski-app/463.js?_cache=1ed629a5641ef9c0de99:2:268487) @ https://plugins-cdn.grafana.net/grafana-kowalski-app/1.64.0/public/plugins/grafana-kowalski-app/463.js?_cache=1ed629a5641ef9c0de99:1
[277587361ms] [ERROR] Failed to load resource: net::ERR_ADDRESS_INVALID @ https://faro-collector-ops-eu-south-0.grafana-ops.net/collect/2aaaae17b963ac219cd6e23a4850f00e:0
[278632679ms] [ERROR] Failed to load resource: net::ERR_ADDRESS_INVALID @ https://faro-collector-ops-eu-south-0.grafana-ops.net/collect/2aaaae17b963ac219cd6e23a4850f00e:0
[278632812ms] [ERROR] Failed to load resource: net::ERR_ADDRESS_INVALID @ https://faro-collector-ops-eu-south-0.grafana-ops.net/collect/2aaaae17b963ac219cd6e23a4850f00e:0
[278633196ms] [ERROR] Faro
 @grafana/faro-web-sdk:transport-fetch
 Failed sending payload to the receiver
 {meta: Object, events: Array(1)} TypeError: Cannot read properties of undefined (reading 'internalLogger')
    at logDebug (https://plugins-cdn.grafana.net/grafana-kowalski-app/1.64.0/public/plugins/grafana-kowalski-app/463.js?_cache=1ed629a5641ef9c0de99:2:659)
    at Mr.extendFaroSession (https://plugins-cdn.grafana.net/grafana-kowalski-app/1.64.0/public/plugins/grafana-kowalski-app/463.js?_cache=1ed629a5641ef9c0de99:2:269852)
    at Mr.<anonymous> (https://plugins-cdn.grafana.net/grafana-kowalski-app/1.64.0/public/plugins/grafana-kowalski-app/463.js?_cache=1ed629a5641ef9c0de99:2:269074)
    at Generator.next (<anonymous>)
    at https://plugins-cdn.grafana.net/grafana-kowalski-app/1.64.0/public/plugins/grafana-kowalski-app/463.js?_cache=1ed629a5641ef9c0de99:2:264856
    at new Promise (<anonymous>)
    at Tr (https://plugins-cdn.grafana.net/grafana-kowalski-app/1.64.0/public/plugins/grafana-kowalski-app/463.js?_cache=1ed629a5641ef9c0de99:2:264601)
    at Mr.handleResponse (https://plugins-cdn.grafana.net/grafana-kowalski-app/1.64.0/public/plugins/grafana-kowalski-app/463.js?_cache=1ed629a5641ef9c0de99:2:268963)
    at Mr.<anonymous> (https://plugins-cdn.grafana.net/grafana-kowalski-app/1.64.0/public/plugins/grafana-kowalski-app/463.js?_cache=1ed629a5641ef9c0de99:2:268888)
    at Generator.next (<anonymous>) @ https://plugins-cdn.grafana.net/grafana-kowalski-app/1.64.0/public/plugins/grafana-kowalski-app/463.js?_cache=1ed629a5641ef9c0de99:1
[279629985ms] [ERROR] WebSocket connection to 'wss://deveadf53.grafana.net/api/live/ws' failed: HTTP Authentication failed; no valid credentials available @ https://grafana-assets.grafana.net/grafana/13.2.0-30402795349/public/build/8021-react19.98b0598537b074241f06.js:291
[279630315ms] [ERROR] Failed to load resource: the server responded with a status of 401 () @ https://deveadf53.grafana.net/api/login/ping:0
[280597966ms] [ERROR] Failed to load resource: net::ERR_NETWORK_CHANGED @ https://deveadf53.grafana.net/api/login/ping:0
[280597969ms] [ERROR] Failed to load resource: net::ERR_NETWORK_CHANGED @ https://faro-collector-ops-eu-south-0.grafana-ops.net/collect/2aaaae17b963ac219cd6e23a4850f00e:0
[280597970ms] [ERROR] Failed to load resource: net::ERR_NETWORK_CHANGED @ https://faro-collector-ops-eu-south-0.grafana-ops.net/collect/bc03dd0f2a088059ae67a23bc296a26d:0
[280598016ms] [ERROR] Failed to load resource: net::ERR_NAME_NOT_RESOLVED @ https://faro-collector-ops-eu-south-0.grafana-ops.net/collect/2aaaae17b963ac219cd6e23a4850f00e:0
[280598016ms] [ERROR] Faro
 @grafana/faro-web-sdk:transport-fetch
 Failed sending payload to the receiver
 {meta: Object, events: Array(2)} TypeError: Failed to fetch
    at https://grafana-assets.grafana.net/grafana/13.2.0-30402795349/public/build/51849-react19.65c79a8b63097dcd175d.js:177:54112
    at window.fetch (https://plugins-cdn.grafana.net/grafana-kowalski-app/1.64.0/public/plugins/grafana-kowalski-app/463.js?_cache=1ed629a5641ef9c0de99:2:206687)
    at https://plugins-cdn.grafana.net/grafana-kowalski-app/1.64.0/public/plugins/grafana-kowalski-app/463.js?_cache=1ed629a5641ef9c0de99:2:336969
    at o.<computed>.o.<computed> (https://rsi.grafana.com/v1.1/js-integrations/Fullstory.min.js:1:5852)
    at Mr.<anonymous> (https://plugins-cdn.grafana.net/grafana-kowalski-app/1.64.0/public/plugins/grafana-kowalski-app/463.js?_cache=1ed629a5641ef9c0de99:2:268817)
    at Generator.throw (<anonymous>)
    at a (https://plugins-cdn.grafana.net/grafana-kowalski-app/1.64.0/public/plugins/grafana-kowalski-app/463.js?_cache=1ed629a5641ef9c0de99:2:264709) @ https://plugins-cdn.grafana.net/grafana-kowalski-app/1.64.0/public/plugins/grafana-kowalski-app/463.js?_cache=1ed629a5641ef9c0de99:1
[280598017ms] [ERROR] Failed to load resource: net::ERR_NAME_NOT_RESOLVED @ https://faro-collector-ops-eu-south-0.grafana-ops.net/collect/bc03dd0f2a088059ae67a23bc296a26d:0
[280598176ms] [ERROR] Failed to load resource: net::ERR_NETWORK_CHANGED @ https://faro-collector-ops-eu-south-0.grafana-ops.net/collect/2aaaae17b963ac219cd6e23a4850f00e:0
[280598180ms] [ERROR] Faro
 @grafana/faro-web-sdk:transport-fetch
 Failed sending payload to the receiver
 {meta: Object, events: Array(4)} TypeError: Failed to fetch
    at https://grafana-assets.grafana.net/grafana/13.2.0-30402795349/public/build/51849-react19.65c79a8b63097dcd175d.js:177:54112
    at window.fetch (https://plugins-cdn.grafana.net/grafana-kowalski-app/1.64.0/public/plugins/grafana-kowalski-app/463.js?_cache=1ed629a5641ef9c0de99:2:206687)
    at https://plugins-cdn.grafana.net/grafana-kowalski-app/1.64.0/public/plugins/grafana-kowalski-app/463.js?_cache=1ed629a5641ef9c0de99:2:336969
    at o.<computed>.o.<computed> (https://rsi.grafana.com/v1.1/js-integrations/Fullstory.min.js:1:5852)
    at Mr.<anonymous> (https://plugins-cdn.grafana.net/grafana-kowalski-app/1.64.0/public/plugins/grafana-kowalski-app/463.js?_cache=1ed629a5641ef9c0de99:2:268575)
    at Generator.next (<anonymous>)
    at https://plugins-cdn.grafana.net/grafana-kowalski-app/1.64.0/public/plugins/grafana-kowalski-app/463.js?_cache=1ed629a5641ef9c0de99:2:264856
    at new Promise (<anonymous>)
    at Tr (https://plugins-cdn.grafana.net/grafana-kowalski-app/1.64.0/public/plugins/grafana-kowalski-app/463.js?_cache=1ed629a5641ef9c0de99:2:264601)
    at Mr.fetchWithKeepaliveRetry (https://plugins-cdn.grafana.net/grafana-kowalski-app/1.64.0/public/plugins/grafana-kowalski-app/463.js?_cache=1ed629a5641ef9c0de99:2:268487) @ https://plugins-cdn.grafana.net/grafana-kowalski-app/1.64.0/public/plugins/grafana-kowalski-app/463.js?_cache=1ed629a5641ef9c0de99:1
[280599848ms] [ERROR] Failed to load resource: net::ERR_ADDRESS_INVALID @ https://faro-collector-ops-eu-south-0.grafana-ops.net/collect/bc03dd0f2a088059ae67a23bc296a26d:0
[280601334ms] [ERROR] WebSocket connection to 'wss://deveadf53.grafana.net/api/live/ws' failed: HTTP Authentication failed; no valid credentials available @ https://grafana-assets.grafana.net/grafana/13.2.0-30402795349/public/build/8021-react19.98b0598537b074241f06.js:291
[280601593ms] [ERROR] Failed to load resource: the server responded with a status of 401 () @ https://deveadf53.grafana.net/api/login/ping:0
[281248528ms] [ERROR] WebSocket connection to 'wss://deveadf53.grafana.net/api/live/ws' failed: HTTP Authentication failed; no valid credentials available @ https://grafana-assets.grafana.net/grafana/13.2.0-30402795349/public/build/8021-react19.98b0598537b074241f06.js:291
[281248784ms] [ERROR] Failed to load resource: the server responded with a status of 401 () @ https://deveadf53.grafana.net/api/login/ping:0
[282179667ms] [ERROR] WebSocket connection to 'wss://deveadf53.grafana.net/api/live/ws' failed: HTTP Authentication failed; no valid credentials available @ https://grafana-assets.grafana.net/grafana/13.2.0-30402795349/public/build/8021-react19.98b0598537b074241f06.js:291
[282180102ms] [ERROR] Failed to load resource: the server responded with a status of 401 () @ https://deveadf53.grafana.net/api/login/ping:0
[282854705ms] [ERROR] WebSocket connection to 'wss://deveadf53.grafana.net/api/live/ws' failed: HTTP Authentication failed; no valid credentials available @ https://grafana-assets.grafana.net/grafana/13.2.0-30402795349/public/build/8021-react19.98b0598537b074241f06.js:291
[282855147ms] [ERROR] Failed to load resource: the server responded with a status of 401 () @ https://deveadf53.grafana.net/api/login/ping:0
[283881284ms] [ERROR] WebSocket connection to 'wss://deveadf53.grafana.net/api/live/ws' failed: HTTP Authentication failed; no valid credentials available @ https://grafana-assets.grafana.net/grafana/13.2.0-30402795349/public/build/8021-react19.98b0598537b074241f06.js:291
[283881646ms] [ERROR] Failed to load resource: the server responded with a status of 401 () @ https://deveadf53.grafana.net/api/login/ping:0
[285214733ms] [ERROR] WebSocket connection to 'wss://deveadf53.grafana.net/api/live/ws' failed: Error in connection establishment: net::ERR_NAME_NOT_RESOLVED @ https://grafana-assets.grafana.net/grafana/13.2.0-30402795349/public/build/8021-react19.98b0598537b074241f06.js:291
[285215344ms] [ERROR] Failed to load resource: the server responded with a status of 401 () @ https://deveadf53.grafana.net/api/login/ping:0
[285215712ms] [ERROR] WebSocket connection to 'wss://deveadf53.grafana.net/api/live/ws' failed: HTTP Authentication failed; no valid credentials available @ https://grafana-assets.grafana.net/grafana/13.2.0-30402795349/public/build/8021-react19.98b0598537b074241f06.js:291
[285874964ms] [ERROR] Failed to load resource: net::ERR_NAME_NOT_RESOLVED @ https://faro-collector-ops-eu-south-0.grafana-ops.net/collect/2aaaae17b963ac219cd6e23a4850f00e:0
[285875038ms] [ERROR] Failed to load resource: net::ERR_NETWORK_CHANGED @ https://faro-collector-ops-eu-south-0.grafana-ops.net/collect/2aaaae17b963ac219cd6e23a4850f00e:0
[285875040ms] [ERROR] Faro
 @grafana/faro-web-sdk:transport-fetch
 Failed sending payload to the receiver
 {meta: Object, events: Array(1)} TypeError: Failed to fetch
    at https://grafana-assets.grafana.net/grafana/13.2.0-30402795349/public/build/51849-react19.65c79a8b63097dcd175d.js:177:54112
    at window.fetch (https://plugins-cdn.grafana.net/grafana-kowalski-app/1.64.0/public/plugins/grafana-kowalski-app/463.js?_cache=1ed629a5641ef9c0de99:2:206687)
    at https://plugins-cdn.grafana.net/grafana-kowalski-app/1.64.0/public/plugins/grafana-kowalski-app/463.js?_cache=1ed629a5641ef9c0de99:2:336969
    at o.<computed>.o.<computed> (https://rsi.grafana.com/v1.1/js-integrations/Fullstory.min.js:1:5852)
    at Mr.<anonymous> (https://plugins-cdn.grafana.net/grafana-kowalski-app/1.64.0/public/plugins/grafana-kowalski-app/463.js?_cache=1ed629a5641ef9c0de99:2:268817)
    at Generator.throw (<anonymous>)
    at a (https://plugins-cdn.grafana.net/grafana-kowalski-app/1.64.0/public/plugins/grafana-kowalski-app/463.js?_cache=1ed629a5641ef9c0de99:2:264709) @ https://plugins-cdn.grafana.net/grafana-kowalski-app/1.64.0/public/plugins/grafana-kowalski-app/463.js?_cache=1ed629a5641ef9c0de99:1
[286674840ms] [ERROR] WebSocket connection to 'wss://deveadf53.grafana.net/api/live/ws' failed: HTTP Authentication failed; no valid credentials available @ https://grafana-assets.grafana.net/grafana/13.2.0-30402795349/public/build/8021-react19.98b0598537b074241f06.js:291
[286675125ms] [ERROR] Failed to load resource: the server responded with a status of 401 () @ https://deveadf53.grafana.net/api/login/ping:0
[286675700ms] [ERROR] Failed to load resource: net::ERR_NETWORK_CHANGED @ https://faro-collector-ops-eu-south-0.grafana-ops.net/collect/2aaaae17b963ac219cd6e23a4850f00e:0
[286675749ms] [ERROR] Failed to load resource: net::ERR_NAME_NOT_RESOLVED @ https://faro-collector-ops-eu-south-0.grafana-ops.net/collect/2aaaae17b963ac219cd6e23a4850f00e:0
[286675749ms] [ERROR] Faro
 @grafana/faro-web-sdk:transport-fetch
 Failed sending payload to the receiver
 {meta: Object, events: Array(1)} TypeError: Failed to fetch
    at https://grafana-assets.grafana.net/grafana/13.2.0-30402795349/public/build/51849-react19.65c79a8b63097dcd175d.js:177:54112
    at window.fetch (https://plugins-cdn.grafana.net/grafana-kowalski-app/1.64.0/public/plugins/grafana-kowalski-app/463.js?_cache=1ed629a5641ef9c0de99:2:206687)
    at https://plugins-cdn.grafana.net/grafana-kowalski-app/1.64.0/public/plugins/grafana-kowalski-app/463.js?_cache=1ed629a5641ef9c0de99:2:336969
    at o.<computed>.o.<computed> (https://rsi.grafana.com/v1.1/js-integrations/Fullstory.min.js:1:5852)
    at Mr.<anonymous> (https://plugins-cdn.grafana.net/grafana-kowalski-app/1.64.0/public/plugins/grafana-kowalski-app/463.js?_cache=1ed629a5641ef9c0de99:2:268817)
    at Generator.throw (<anonymous>)
    at a (https://plugins-cdn.grafana.net/grafana-kowalski-app/1.64.0/public/plugins/grafana-kowalski-app/463.js?_cache=1ed629a5641ef9c0de99:2:264709) @ https://plugins-cdn.grafana.net/grafana-kowalski-app/1.64.0/public/plugins/grafana-kowalski-app/463.js?_cache=1ed629a5641ef9c0de99:1
[287331244ms] [ERROR] WebSocket connection to 'wss://deveadf53.grafana.net/api/live/ws' failed: HTTP Authentication failed; no valid credentials available @ https://grafana-assets.grafana.net/grafana/13.2.0-30402795349/public/build/8021-react19.98b0598537b074241f06.js:291
[287331709ms] [ERROR] Failed to load resource: the server responded with a status of 401 () @ https://deveadf53.grafana.net/api/login/ping:0
[288223294ms] [ERROR] WebSocket connection to 'wss://deveadf53.grafana.net/api/live/ws' failed: HTTP Authentication failed; no valid credentials available @ https://grafana-assets.grafana.net/grafana/13.2.0-30402795349/public/build/8021-react19.98b0598537b074241f06.js:291
[288223602ms] [ERROR] Failed to load resource: the server responded with a status of 401 () @ https://deveadf53.grafana.net/api/login/ping:0
[288858323ms] [ERROR] WebSocket connection to 'wss://deveadf53.grafana.net/api/live/ws' failed: HTTP Authentication failed; no valid credentials available @ https://grafana-assets.grafana.net/grafana/13.2.0-30402795349/public/build/8021-react19.98b0598537b074241f06.js:291
[288858605ms] [ERROR] Failed to load resource: the server responded with a status of 401 () @ https://deveadf53.grafana.net/api/login/ping:0
[289832993ms] [ERROR] WebSocket connection to 'wss://deveadf53.grafana.net/api/live/ws' failed: HTTP Authentication failed; no valid credentials available @ https://grafana-assets.grafana.net/grafana/13.2.0-30402795349/public/build/8021-react19.98b0598537b074241f06.js:291
[289833303ms] [ERROR] Failed to load resource: the server responded with a status of 401 () @ https://deveadf53.grafana.net/api/login/ping:0
[292130428ms] [ERROR] WebSocket connection to 'wss://deveadf53.grafana.net/api/live/ws' failed: HTTP Authentication failed; no valid credentials available @ https://grafana-assets.grafana.net/grafana/13.2.0-30402795349/public/build/8021-react19.98b0598537b074241f06.js:291
[292130853ms] [ERROR] Failed to load resource: the server responded with a status of 401 () @ https://deveadf53.grafana.net/api/login/ping:0
[294641662ms] [ERROR] WebSocket connection to 'wss://deveadf53.grafana.net/api/live/ws' failed: HTTP Authentication failed; no valid credentials available @ https://grafana-assets.grafana.net/grafana/13.2.0-30402795349/public/build/8021-react19.98b0598537b074241f06.js:291
[294644072ms] [ERROR] Failed to load resource: the server responded with a status of 401 () @ https://deveadf53.grafana.net/api/login/ping:0
[294645169ms] [ERROR] WebSocket connection to 'wss://deveadf53.grafana.net/api/live/ws' failed: HTTP Authentication failed; no valid credentials available @ https://grafana-assets.grafana.net/grafana/13.2.0-30402795349/public/build/8021-react19.98b0598537b074241f06.js:291
[295708122ms] [ERROR] WebSocket connection to 'wss://deveadf53.grafana.net/api/live/ws' failed: HTTP Authentication failed; no valid credentials available @ https://grafana-assets.grafana.net/grafana/13.2.0-30402795349/public/build/8021-react19.98b0598537b074241f06.js:291
[295708850ms] [ERROR] Failed to load resource: the server responded with a status of 401 () @ https://deveadf53.grafana.net/api/login/ping:0
[296636713ms] [ERROR] WebSocket connection to 'wss://deveadf53.grafana.net/api/live/ws' failed: HTTP Authentication failed; no valid credentials available @ https://grafana-assets.grafana.net/grafana/13.2.0-30402795349/public/build/8021-react19.98b0598537b074241f06.js:291
[296637035ms] [ERROR] Failed to load resource: the server responded with a status of 401 () @ https://deveadf53.grafana.net/api/login/ping:0
[297596809ms] [ERROR] WebSocket connection to 'wss://deveadf53.grafana.net/api/live/ws' failed: HTTP Authentication failed; no valid credentials available @ https://grafana-assets.grafana.net/grafana/13.2.0-30402795349/public/build/8021-react19.98b0598537b074241f06.js:291
[297597205ms] [ERROR] Failed to load resource: the server responded with a status of 401 () @ https://deveadf53.grafana.net/api/login/ping:0
[298590037ms] [ERROR] WebSocket connection to 'wss://deveadf53.grafana.net/api/live/ws' failed: HTTP Authentication failed; no valid credentials available @ https://grafana-assets.grafana.net/grafana/13.2.0-30402795349/public/build/8021-react19.98b0598537b074241f06.js:291
[298590370ms] [ERROR] Failed to load resource: the server responded with a status of 401 () @ https://deveadf53.grafana.net/api/login/ping:0
[303188282ms] [ERROR] WebSocket connection to 'wss://deveadf53.grafana.net/api/live/ws' failed: HTTP Authentication failed; no valid credentials available @ https://grafana-assets.grafana.net/grafana/13.2.0-30402795349/public/build/8021-react19.98b0598537b074241f06.js:291
[303188757ms] [ERROR] Failed to load resource: the server responded with a status of 401 () @ https://deveadf53.grafana.net/api/login/ping:0
[304186337ms] [ERROR] WebSocket connection to 'wss://deveadf53.grafana.net/api/live/ws' failed: HTTP Authentication failed; no valid credentials available @ https://grafana-assets.grafana.net/grafana/13.2.0-30402795349/public/build/8021-react19.98b0598537b074241f06.js:291
[304186589ms] [ERROR] Failed to load resource: the server responded with a status of 401 () @ https://deveadf53.grafana.net/api/login/ping:0
[305179816ms] [ERROR] WebSocket connection to 'wss://deveadf53.grafana.net/api/live/ws' failed: HTTP Authentication failed; no valid credentials available @ https://grafana-assets.grafana.net/grafana/13.2.0-30402795349/public/build/8021-react19.98b0598537b074241f06.js:291
[305180531ms] [ERROR] Failed to load resource: the server responded with a status of 401 () @ https://deveadf53.grafana.net/api/login/ping:0
[305181044ms] [ERROR] WebSocket connection to 'wss://deveadf53.grafana.net/api/live/ws' failed: HTTP Authentication failed; no valid credentials available @ https://grafana-assets.grafana.net/grafana/13.2.0-30402795349/public/build/8021-react19.98b0598537b074241f06.js:291
[306210766ms] [ERROR] WebSocket connection to 'wss://deveadf53.grafana.net/api/live/ws' failed: HTTP Authentication failed; no valid credentials available @ https://grafana-assets.grafana.net/grafana/13.2.0-30402795349/public/build/8021-react19.98b0598537b074241f06.js:291
[306211247ms] [ERROR] Failed to load resource: the server responded with a status of 401 () @ https://deveadf53.grafana.net/api/login/ping:0
[307260983ms] [ERROR] WebSocket connection to 'wss://deveadf53.grafana.net/api/live/ws' failed: HTTP Authentication failed; no valid credentials available @ https://grafana-assets.grafana.net/grafana/13.2.0-30402795349/public/build/8021-react19.98b0598537b074241f06.js:291
[307261251ms] [ERROR] Failed to load resource: the server responded with a status of 401 () @ https://deveadf53.grafana.net/api/login/ping:0
[308210461ms] [ERROR] WebSocket connection to 'wss://deveadf53.grafana.net/api/live/ws' failed: HTTP Authentication failed; no valid credentials available @ https://grafana-assets.grafana.net/grafana/13.2.0-30402795349/public/build/8021-react19.98b0598537b074241f06.js:291
[308210800ms] [ERROR] Failed to load resource: the server responded with a status of 401 () @ https://deveadf53.grafana.net/api/login/ping:0
[309214165ms] [ERROR] WebSocket connection to 'wss://deveadf53.grafana.net/api/live/ws' failed: HTTP Authentication failed; no valid credentials available @ https://grafana-assets.grafana.net/grafana/13.2.0-30402795349/public/build/8021-react19.98b0598537b074241f06.js:291
[309214498ms] [ERROR] Failed to load resource: the server responded with a status of 401 () @ https://deveadf53.grafana.net/api/login/ping:0
[310265027ms] [ERROR] WebSocket connection to 'wss://deveadf53.grafana.net/api/live/ws' failed: HTTP Authentication failed; no valid credentials available @ https://grafana-assets.grafana.net/grafana/13.2.0-30402795349/public/build/8021-react19.98b0598537b074241f06.js:291
[310265328ms] [ERROR] Failed to load resource: the server responded with a status of 401 () @ https://deveadf53.grafana.net/api/login/ping:0
[311264795ms] [ERROR] WebSocket connection to 'wss://deveadf53.grafana.net/api/live/ws' failed: HTTP Authentication failed; no valid credentials available @ https://grafana-assets.grafana.net/grafana/13.2.0-30402795349/public/build/8021-react19.98b0598537b074241f06.js:291
[311265326ms] [ERROR] Failed to load resource: the server responded with a status of 401 () @ https://deveadf53.grafana.net/api/login/ping:0
[312296472ms] [ERROR] WebSocket connection to 'wss://deveadf53.grafana.net/api/live/ws' failed: HTTP Authentication failed; no valid credentials available @ https://grafana-assets.grafana.net/grafana/13.2.0-30402795349/public/build/8021-react19.98b0598537b074241f06.js:291
[312296661ms] [ERROR] Failed to load resource: the server responded with a status of 401 () @ https://deveadf53.grafana.net/api/login/ping:0
[313145836ms] [ERROR] WebSocket connection to 'wss://deveadf53.grafana.net/api/live/ws' failed: HTTP Authentication failed; no valid credentials available @ https://grafana-assets.grafana.net/grafana/13.2.0-30402795349/public/build/8021-react19.98b0598537b074241f06.js:291
[313146134ms] [ERROR] Failed to load resource: the server responded with a status of 401 () @ https://deveadf53.grafana.net/api/login/ping:0
[314149717ms] [ERROR] WebSocket connection to 'wss://deveadf53.grafana.net/api/live/ws' failed: HTTP Authentication failed; no valid credentials available @ https://grafana-assets.grafana.net/grafana/13.2.0-30402795349/public/build/8021-react19.98b0598537b074241f06.js:291
[314150354ms] [ERROR] Failed to load resource: the server responded with a status of 401 () @ https://deveadf53.grafana.net/api/login/ping:0
[315137115ms] [ERROR] WebSocket connection to 'wss://deveadf53.grafana.net/api/live/ws' failed: HTTP Authentication failed; no valid credentials available @ https://grafana-assets.grafana.net/grafana/13.2.0-30402795349/public/build/8021-react19.98b0598537b074241f06.js:291
[315137503ms] [ERROR] Failed to load resource: the server responded with a status of 401 () @ https://deveadf53.grafana.net/api/login/ping:0
[316093072ms] [ERROR] WebSocket connection to 'wss://deveadf53.grafana.net/api/live/ws' failed: HTTP Authentication failed; no valid credentials available @ https://grafana-assets.grafana.net/grafana/13.2.0-30402795349/public/build/8021-react19.98b0598537b074241f06.js:291
[316093402ms] [ERROR] Failed to load resource: the server responded with a status of 401 () @ https://deveadf53.grafana.net/api/login/ping:0
[317120406ms] [ERROR] WebSocket connection to 'wss://deveadf53.grafana.net/api/live/ws' failed: HTTP Authentication failed; no valid credentials available @ https://grafana-assets.grafana.net/grafana/13.2.0-30402795349/public/build/8021-react19.98b0598537b074241f06.js:291
[317120792ms] [ERROR] Failed to load resource: the server responded with a status of 401 () @ https://deveadf53.grafana.net/api/login/ping:0
[318062740ms] [ERROR] WebSocket connection to 'wss://deveadf53.grafana.net/api/live/ws' failed: HTTP Authentication failed; no valid credentials available @ https://grafana-assets.grafana.net/grafana/13.2.0-30402795349/public/build/8021-react19.98b0598537b074241f06.js:291
[318063251ms] [ERROR] Failed to load resource: the server responded with a status of 401 () @ https://deveadf53.grafana.net/api/login/ping:0
[319042351ms] [ERROR] WebSocket connection to 'wss://deveadf53.grafana.net/api/live/ws' failed: HTTP Authentication failed; no valid credentials available @ https://grafana-assets.grafana.net/grafana/13.2.0-30402795349/public/build/8021-react19.98b0598537b074241f06.js:291
[319042759ms] [ERROR] Failed to load resource: the server responded with a status of 401 () @ https://deveadf53.grafana.net/api/login/ping:0
[320014839ms] [ERROR] WebSocket connection to 'wss://deveadf53.grafana.net/api/live/ws' failed: HTTP Authentication failed; no valid credentials available @ https://grafana-assets.grafana.net/grafana/13.2.0-30402795349/public/build/8021-react19.98b0598537b074241f06.js:291
[320015509ms] [ERROR] Failed to load resource: the server responded with a status of 401 () @ https://deveadf53.grafana.net/api/login/ping:0
[320016141ms] [ERROR] WebSocket connection to 'wss://deveadf53.grafana.net/api/live/ws' failed: HTTP Authentication failed; no valid credentials available @ https://grafana-assets.grafana.net/grafana/13.2.0-30402795349/public/build/8021-react19.98b0598537b074241f06.js:291
[320979988ms] [ERROR] WebSocket connection to 'wss://deveadf53.grafana.net/api/live/ws' failed: HTTP Authentication failed; no valid credentials available @ https://grafana-assets.grafana.net/grafana/13.2.0-30402795349/public/build/8021-react19.98b0598537b074241f06.js:291
[320980296ms] [ERROR] Failed to load resource: the server responded with a status of 401 () @ https://deveadf53.grafana.net/api/login/ping:0
[321968938ms] [ERROR] WebSocket connection to 'wss://deveadf53.grafana.net/api/live/ws' failed: HTTP Authentication failed; no valid credentials available @ https://grafana-assets.grafana.net/grafana/13.2.0-30402795349/public/build/8021-react19.98b0598537b074241f06.js:291
[321969206ms] [ERROR] Failed to load resource: the server responded with a status of 401 () @ https://deveadf53.grafana.net/api/login/ping:0
[322961168ms] [ERROR] WebSocket connection to 'wss://deveadf53.grafana.net/api/live/ws' failed: HTTP Authentication failed; no valid credentials available @ https://grafana-assets.grafana.net/grafana/13.2.0-30402795349/public/build/8021-react19.98b0598537b074241f06.js:291
[322961342ms] [ERROR] Failed to load resource: the server responded with a status of 401 () @ https://deveadf53.grafana.net/api/login/ping:0
[324301236ms] [ERROR] WebSocket connection to 'wss://deveadf53.grafana.net/api/live/ws' failed: HTTP Authentication failed; no valid credentials available @ https://grafana-assets.grafana.net/grafana/13.2.0-30402795349/public/build/8021-react19.98b0598537b074241f06.js:291
[324301450ms] [ERROR] Failed to load resource: the server responded with a status of 401 () @ https://deveadf53.grafana.net/api/login/ping:0
[325291475ms] [ERROR] WebSocket connection to 'wss://deveadf53.grafana.net/api/live/ws' failed: HTTP Authentication failed; no valid credentials available @ https://grafana-assets.grafana.net/grafana/13.2.0-30402795349/public/build/8021-react19.98b0598537b074241f06.js:291
[325292000ms] [ERROR] Failed to load resource: the server responded with a status of 401 () @ https://deveadf53.grafana.net/api/login/ping:0
[326270896ms] [ERROR] WebSocket connection to 'wss://deveadf53.grafana.net/api/live/ws' failed: HTTP Authentication failed; no valid credentials available @ https://grafana-assets.grafana.net/grafana/13.2.0-30402795349/public/build/8021-react19.98b0598537b074241f06.js:291
[326271153ms] [ERROR] Failed to load resource: the server responded with a status of 401 () @ https://deveadf53.grafana.net/api/login/ping:0
[326986745ms] [ERROR] WebSocket connection to 'wss://deveadf53.grafana.net/api/live/ws' failed: HTTP Authentication failed; no valid credentials available @ https://grafana-assets.grafana.net/grafana/13.2.0-30402795349/public/build/8021-react19.98b0598537b074241f06.js:291
[326987181ms] [ERROR] Failed to load resource: the server responded with a status of 401 () @ https://deveadf53.grafana.net/api/login/ping:0
[326987605ms] [ERROR] WebSocket connection to 'wss://deveadf53.grafana.net/api/live/ws' failed: HTTP Authentication failed; no valid credentials available @ https://grafana-assets.grafana.net/grafana/13.2.0-30402795349/public/build/8021-react19.98b0598537b074241f06.js:291
[328195924ms] [ERROR] WebSocket connection to 'wss://deveadf53.grafana.net/api/live/ws' failed: HTTP Authentication failed; no valid credentials available @ https://grafana-assets.grafana.net/grafana/13.2.0-30402795349/public/build/8021-react19.98b0598537b074241f06.js:291
[328196348ms] [ERROR] Failed to load resource: the server responded with a status of 401 () @ https://deveadf53.grafana.net/api/login/ping:0
[328991137ms] [ERROR] WebSocket connection to 'wss://deveadf53.grafana.net/api/live/ws' failed: HTTP Authentication failed; no valid credentials available @ https://grafana-assets.grafana.net/grafana/13.2.0-30402795349/public/build/8021-react19.98b0598537b074241f06.js:291
[328991598ms] [ERROR] Failed to load resource: the server responded with a status of 401 () @ https://deveadf53.grafana.net/api/login/ping:0
[328992043ms] [ERROR] WebSocket connection to 'wss://deveadf53.grafana.net/api/live/ws' failed: HTTP Authentication failed; no valid credentials available @ https://grafana-assets.grafana.net/grafana/13.2.0-30402795349/public/build/8021-react19.98b0598537b074241f06.js:291
[331781324ms] [ERROR] WebSocket connection to 'wss://deveadf53.grafana.net/api/live/ws' failed: HTTP Authentication failed; no valid credentials available @ https://grafana-assets.grafana.net/grafana/13.2.0-30402795349/public/build/8021-react19.98b0598537b074241f06.js:291
[331781956ms] [ERROR] Failed to load resource: the server responded with a status of 401 () @ https://deveadf53.grafana.net/api/login/ping:0
[334053881ms] [ERROR] WebSocket connection to 'wss://deveadf53.grafana.net/api/live/ws' failed: HTTP Authentication failed; no valid credentials available @ https://grafana-assets.grafana.net/grafana/13.2.0-30402795349/public/build/8021-react19.98b0598537b074241f06.js:291
[334054307ms] [ERROR] Failed to load resource: the server responded with a status of 401 () @ https://deveadf53.grafana.net/api/login/ping:0
[336880240ms] [ERROR] WebSocket connection to 'wss://deveadf53.grafana.net/api/live/ws' failed: HTTP Authentication failed; no valid credentials available @ https://grafana-assets.grafana.net/grafana/13.2.0-30402795349/public/build/8021-react19.98b0598537b074241f06.js:291
[336880617ms] [ERROR] Failed to load resource: the server responded with a status of 401 () @ https://deveadf53.grafana.net/api/login/ping:0
